date,mine,state,planned_production_tonnes,actual_production_tonnes,shortfall_tonnes,shortfall_pct,rainfall_mm,equipment_downtime_hrs,blasting_delayed,blasting_delay_hrs,transport_availability_pct,labour_attendance_pct,primary_shortfall_cause,financial_year,national_annual_production_000t,state_annual_production_000t,actual_production_calibrated
01-04-2022,Balaghat,Madhya Pradesh,2633.37,2512.46,120.91,4.6,4.8,0,FALSE,0,91.2,100,transport_issue,2022-23,2827,855.9,2512.46
02-04-2022,Balaghat,Madhya Pradesh,2633.37,2542.6,90.77,3.4,5.7,0,FALSE,0,88.6,91.3,transport_issue,2022-23,2827,855.9,2542.6
03-04-2022,Balaghat,Madhya Pradesh,2633.37,2527.09,106.28,4,0.6,0,FALSE,0,88.6,100,transport_issue,2022-23,2827,855.9,2527.09
04-04-2022,Balaghat,Madhya Pradesh,2633.37,2505.51,127.86,4.9,2.8,0,FALSE,0,88.4,98.8,transport_issue,2022-23,2827,855.9,2505.51
05-04-2022,Balaghat,Madhya Pradesh,2633.37,2596.94,36.43,1.4,2,0,FALSE,0,100,98.3,none,2022-23,2827,855.9,2596.94
06-04-2022,Balaghat,Madhya Pradesh,2633.37,2657.94,-24.57,-0.9,1.1,0,FALSE,0,93.3,98.5,none,2022-23,2827,855.9,2657.94
07-04-2022,Balaghat,Madhya Pradesh,2633.37,2512.09,121.28,4.6,3,0,FALSE,0,90.2,96.4,transport_issue,2022-23,2827,855.9,2512.09
08-04-2022,Balaghat,Madhya Pradesh,2633.37,2639.69,-6.32,-0.2,0.5,0,FALSE,0,95.5,98.6,none,2022-23,2827,855.9,2639.69
09-04-2022,Balaghat,Madhya Pradesh,2633.37,2529.74,103.63,3.9,1.6,0,TRUE,2.6,90.1,99.7,transport_issue,2022-23,2827,855.9,2529.74
10-04-2022,Balaghat,Madhya Pradesh,2633.37,2644.97,-11.6,-0.4,1.5,0,FALSE,0,94.2,100,none,2022-23,2827,855.9,2644.97
11-04-2022,Balaghat,Madhya Pradesh,2633.37,2488.03,145.34,5.5,21.8,0,TRUE,4.2,86.5,95.4,transport_issue,2022-23,2827,855.9,2488.03
12-04-2022,Balaghat,Madhya Pradesh,2633.37,2506.04,127.33,4.8,0.4,0,FALSE,0,90.7,93.3,transport_issue,2022-23,2827,855.9,2506.04
13-04-2022,Balaghat,Madhya Pradesh,2633.37,2528.82,104.55,4,6.3,0,FALSE,0,94,92.2,labour_shortage,2022-23,2827,855.9,2528.82
14-04-2022,Balaghat,Madhya Pradesh,2633.37,2366.14,267.23,10.1,2.6,0,TRUE,3.6,83.5,93.3,transport_issue,2022-23,2827,855.9,2366.14
15-04-2022,Balaghat,Madhya Pradesh,2633.37,2535.29,98.08,3.7,4.6,0,FALSE,0,91,94.9,transport_issue,2022-23,2827,855.9,2535.29
16-04-2022,Balaghat,Madhya Pradesh,2633.37,2515.41,117.96,4.5,0.6,0,FALSE,0,90.8,96.2,transport_issue,2022-23,2827,855.9,2515.41
17-04-2022,Balaghat,Madhya Pradesh,2633.37,2578.89,54.48,2.1,4.3,0,FALSE,0,92,91.8,labour_shortage,2022-23,2827,855.9,2578.89
18-04-2022,Balaghat,Madhya Pradesh,2633.37,2461.49,171.88,6.5,8.3,0,FALSE,0,86.1,92.7,transport_issue,2022-23,2827,855.9,2461.49
19-04-2022,Balaghat,Madhya Pradesh,2633.37,2589.85,43.52,1.7,10,0,FALSE,0,97.2,97.1,labour_shortage,2022-23,2827,855.9,2589.85
20-04-2022,Balaghat,Madhya Pradesh,2633.37,2626.81,6.56,0.2,1.5,0,FALSE,0,96.9,90.1,labour_shortage,2022-23,2827,855.9,2626.81
21-04-2022,Balaghat,Madhya Pradesh,2633.37,2567.43,65.94,2.5,8.2,0,FALSE,0,100,89.2,labour_shortage,2022-23,2827,855.9,2567.43
22-04-2022,Balaghat,Madhya Pradesh,2633.37,2265.97,367.4,14,7.4,6.7,FALSE,0,93.4,98.4,equipment_failure,2022-23,2827,855.9,2265.97
23-04-2022,Balaghat,Madhya Pradesh,2633.37,2562.3,71.07,2.7,4.1,0,FALSE,0,87.7,90.2,transport_issue,2022-23,2827,855.9,2562.3
24-04-2022,Balaghat,Madhya Pradesh,2633.37,2610.42,22.95,0.9,5.3,0,FALSE,0,94.5,98.8,transport_issue,2022-23,2827,855.9,2610.42
25-04-2022,Balaghat,Madhya Pradesh,2633.37,2597.18,36.19,1.4,2.7,0,FALSE,0,87.5,96.1,transport_issue,2022-23,2827,855.9,2597.18
26-04-2022,Balaghat,Madhya Pradesh,2633.37,2483.53,149.84,5.7,6,0,FALSE,0,86.2,98.9,transport_issue,2022-23,2827,855.9,2483.53
27-04-2022,Balaghat,Madhya Pradesh,2633.37,2500.59,132.78,5,1.3,4.2,FALSE,0,94.9,96.9,equipment_failure,2022-23,2827,855.9,2500.59
28-04-2022,Balaghat,Madhya Pradesh,2633.37,2542.75,90.62,3.4,3.1,0,FALSE,0,86.4,92.9,transport_issue,2022-23,2827,855.9,2542.75
29-04-2022,Balaghat,Madhya Pradesh,2633.37,2643.1,-9.73,-0.4,3.8,0,FALSE,0,94.3,95.2,none,2022-23,2827,855.9,2643.1
30-04-2022,Balaghat,Madhya Pradesh,2633.37,2638.75,-5.38,-0.2,1.2,0,FALSE,0,97.4,92.6,none,2022-23,2827,855.9,2638.75
01-05-2022,Balaghat,Madhya Pradesh,2633.37,2589.16,44.21,1.7,4.8,0,FALSE,0,100,93.7,labour_shortage,2022-23,2827,855.9,2589.16
02-05-2022,Balaghat,Madhya Pradesh,2633.37,2534.35,99.02,3.8,5.7,0,FALSE,0,81.3,96.4,transport_issue,2022-23,2827,855.9,2534.35
03-05-2022,Balaghat,Madhya Pradesh,2633.37,2524.57,108.8,4.1,2.3,0,FALSE,0,98.5,92.1,labour_shortage,2022-23,2827,855.9,2524.57
04-05-2022,Balaghat,Madhya Pradesh,2633.37,2551.55,81.82,3.1,3.9,0,FALSE,0,92.1,96.8,transport_issue,2022-23,2827,855.9,2551.55
05-05-2022,Balaghat,Madhya Pradesh,2633.37,2592.16,41.21,1.6,1.9,0,FALSE,0,97.1,97,labour_shortage,2022-23,2827,855.9,2592.16
06-05-2022,Balaghat,Madhya Pradesh,2633.37,2586.5,46.87,1.8,6.1,0,FALSE,0,97.7,100,transport_issue,2022-23,2827,855.9,2586.5
07-05-2022,Balaghat,Madhya Pradesh,2633.37,2607.08,26.29,1,12.4,0,FALSE,0,98.2,96.8,labour_shortage,2022-23,2827,855.9,2607.08
08-05-2022,Balaghat,Madhya Pradesh,2633.37,2505.19,128.18,4.9,5.8,0,FALSE,0,80,89.8,transport_issue,2022-23,2827,855.9,2505.19
09-05-2022,Balaghat,Madhya Pradesh,2633.37,2494.15,139.22,5.3,2.3,0,FALSE,0,92.8,91.1,labour_shortage,2022-23,2827,855.9,2494.15
10-05-2022,Balaghat,Madhya Pradesh,2633.37,2553.04,80.33,3.1,4.7,0,FALSE,0,80.6,100,transport_issue,2022-23,2827,855.9,2553.04
11-05-2022,Balaghat,Madhya Pradesh,2633.37,2349.26,284.11,10.8,0.4,4.8,FALSE,0,89.1,95.8,transport_issue,2022-23,2827,855.9,2349.26
12-05-2022,Balaghat,Madhya Pradesh,2633.37,2577.03,56.34,2.1,2,0,FALSE,0,97.1,98.3,transport_issue,2022-23,2827,855.9,2577.03
13-05-2022,Balaghat,Madhya Pradesh,2633.37,2537.1,96.27,3.7,5.2,0,FALSE,0,81.3,90.1,transport_issue,2022-23,2827,855.9,2537.1
14-05-2022,Balaghat,Madhya Pradesh,2633.37,2556.94,76.43,2.9,5,0,FALSE,0,90.8,100,transport_issue,2022-23,2827,855.9,2556.94
15-05-2022,Balaghat,Madhya Pradesh,2633.37,2622.18,11.19,0.4,3.4,0,FALSE,0,90.4,92.5,transport_issue,2022-23,2827,855.9,2622.18
16-05-2022,Balaghat,Madhya Pradesh,2633.37,2654.23,-20.86,-0.8,3.6,0,FALSE,0,95.6,99.6,none,2022-23,2827,855.9,2654.23
17-05-2022,Balaghat,Madhya Pradesh,2633.37,2476.13,157.24,6,5.8,0,TRUE,3.7,97.9,94.4,blasting_delay,2022-23,2827,855.9,2476.13
18-05-2022,Balaghat,Madhya Pradesh,2633.37,2404.84,228.53,8.7,5.2,0,TRUE,5.1,100,93.1,blasting_delay,2022-23,2827,855.9,2404.84
19-05-2022,Balaghat,Madhya Pradesh,2633.37,2506.02,127.35,4.8,4,0,FALSE,0,88,100,transport_issue,2022-23,2827,855.9,2506.02
20-05-2022,Balaghat,Madhya Pradesh,2633.37,2370.67,262.7,10,4.2,5,TRUE,3.3,100,96.3,equipment_failure,2022-23,2827,855.9,2370.67
21-05-2022,Balaghat,Madhya Pradesh,2633.37,2374.36,259.01,9.8,1.6,3.7,FALSE,0,93.3,95.1,equipment_failure,2022-23,2827,855.9,2374.36
22-05-2022,Balaghat,Madhya Pradesh,2633.37,2654.56,-21.19,-0.8,4.7,0,FALSE,0,92.3,99.8,none,2022-23,2827,855.9,2654.56
23-05-2022,Balaghat,Madhya Pradesh,2633.37,2566.11,67.26,2.6,10.6,0,FALSE,0,100,91.8,labour_shortage,2022-23,2827,855.9,2566.11
24-05-2022,Balaghat,Madhya Pradesh,2633.37,2545.48,87.89,3.3,2.9,0,FALSE,0,83.9,87.3,transport_issue,2022-23,2827,855.9,2545.48
25-05-2022,Balaghat,Madhya Pradesh,2633.37,2615.71,17.66,0.7,4.4,0,FALSE,0,84.1,100,transport_issue,2022-23,2827,855.9,2615.71
26-05-2022,Balaghat,Madhya Pradesh,2633.37,2333.71,299.66,11.4,3.1,5.6,FALSE,0,90.3,94.5,equipment_failure,2022-23,2827,855.9,2333.71
27-05-2022,Balaghat,Madhya Pradesh,2633.37,2688.44,-55.07,-2.1,7.7,0,FALSE,0,100,96.2,none,2022-23,2827,855.9,2688.44
28-05-2022,Balaghat,Madhya Pradesh,2633.37,2620.86,12.51,0.5,2.3,0,FALSE,0,95.7,97.8,transport_issue,2022-23,2827,855.9,2620.86
29-05-2022,Balaghat,Madhya Pradesh,2633.37,2649.7,-16.33,-0.6,1.2,0,FALSE,0,92.7,100,none,2022-23,2827,855.9,2649.7
30-05-2022,Balaghat,Madhya Pradesh,2633.37,2458.62,174.75,6.6,12,0,TRUE,4.8,100,100,blasting_delay,2022-23,2827,855.9,2458.62
31-05-2022,Balaghat,Madhya Pradesh,2633.37,2562.54,70.83,2.7,6.2,0,FALSE,0,84.9,86.8,transport_issue,2022-23,2827,855.9,2562.54
01-06-2022,Balaghat,Madhya Pradesh,2633.37,2414.45,218.92,8.3,29.1,0,FALSE,0,69,94.9,transport_issue,2022-23,2827,855.9,2414.45
02-06-2022,Balaghat,Madhya Pradesh,2633.37,2270.27,363.1,13.8,43.8,4,FALSE,0,81.3,94.7,heavy_rainfall,2022-23,2827,855.9,2270.27
03-06-2022,Balaghat,Madhya Pradesh,2633.37,2420.28,213.09,8.1,32.8,0,FALSE,0,76.4,91.1,transport_issue,2022-23,2827,855.9,2420.28
04-06-2022,Balaghat,Madhya Pradesh,2633.37,2433.63,199.74,7.6,36.1,0,FALSE,0,73.4,94.2,transport_issue,2022-23,2827,855.9,2433.63
05-06-2022,Balaghat,Madhya Pradesh,2633.37,2264.76,368.61,14,85.6,0,TRUE,5.4,82.2,98.4,heavy_rainfall,2022-23,2827,855.9,2264.76
06-06-2022,Balaghat,Madhya Pradesh,2633.37,2485.09,148.28,5.6,14.8,0,FALSE,0,72.9,100,transport_issue,2022-23,2827,855.9,2485.09
07-06-2022,Balaghat,Madhya Pradesh,2633.37,2426.68,206.69,7.8,45.4,0,FALSE,0,76.1,100,transport_issue,2022-23,2827,855.9,2426.68
08-06-2022,Balaghat,Madhya Pradesh,2633.37,2424.69,208.68,7.9,1.2,0,FALSE,0,78.1,90.7,transport_issue,2022-23,2827,855.9,2424.69
09-06-2022,Balaghat,Madhya Pradesh,2633.37,2605.15,28.22,1.1,29.5,0,FALSE,0,87.5,100,transport_issue,2022-23,2827,855.9,2605.15
10-06-2022,Balaghat,Madhya Pradesh,2633.37,2490.29,143.08,5.4,50.2,0,FALSE,0,87.6,100,heavy_rainfall,2022-23,2827,855.9,2490.29
11-06-2022,Balaghat,Madhya Pradesh,2633.37,2484.36,149.01,5.7,25.5,0,FALSE,0,82.8,93.5,transport_issue,2022-23,2827,855.9,2484.36
12-06-2022,Balaghat,Madhya Pradesh,2633.37,2385.14,248.23,9.4,17.8,5.1,FALSE,0,84.3,94.7,transport_issue,2022-23,2827,855.9,2385.14
13-06-2022,Balaghat,Madhya Pradesh,2633.37,2557,76.37,2.9,15.4,0,FALSE,0,86.5,88.3,transport_issue,2022-23,2827,855.9,2557
14-06-2022,Balaghat,Madhya Pradesh,2633.37,2496.31,137.06,5.2,37.1,0,FALSE,0,79.2,93.8,transport_issue,2022-23,2827,855.9,2496.31
15-06-2022,Balaghat,Madhya Pradesh,2633.37,2382.13,251.24,9.5,39.5,0,TRUE,2.7,72,92.6,transport_issue,2022-23,2827,855.9,2382.13
16-06-2022,Balaghat,Madhya Pradesh,2633.37,2548.02,85.35,3.2,42.8,0,FALSE,0,85.5,94.2,heavy_rainfall,2022-23,2827,855.9,2548.02
17-06-2022,Balaghat,Madhya Pradesh,2633.37,2564.39,68.98,2.6,28.4,0,FALSE,0,82.5,94.5,transport_issue,2022-23,2827,855.9,2564.39
18-06-2022,Balaghat,Madhya Pradesh,2633.37,2526.15,107.22,4.1,27.3,0,FALSE,0,83.7,100,transport_issue,2022-23,2827,855.9,2526.15
19-06-2022,Balaghat,Madhya Pradesh,2633.37,2565.8,67.57,2.6,20.1,0,FALSE,0,87.7,99.2,transport_issue,2022-23,2827,855.9,2565.8
20-06-2022,Balaghat,Madhya Pradesh,2633.37,2352.34,281.03,10.7,12,5.3,FALSE,0,76.7,96.1,transport_issue,2022-23,2827,855.9,2352.34
21-06-2022,Balaghat,Madhya Pradesh,2633.37,2504.38,128.99,4.9,5.9,0,FALSE,0,88.9,95.7,transport_issue,2022-23,2827,855.9,2504.38
22-06-2022,Balaghat,Madhya Pradesh,2633.37,2411.64,221.73,8.4,30.1,0,TRUE,3.8,84.9,96.3,transport_issue,2022-23,2827,855.9,2411.64
23-06-2022,Balaghat,Madhya Pradesh,2633.37,2450.32,183.05,7,59.1,0,FALSE,0,79.3,100,heavy_rainfall,2022-23,2827,855.9,2450.32
24-06-2022,Balaghat,Madhya Pradesh,2633.37,2421.25,212.12,8.1,50.1,0,FALSE,0,71.3,100,transport_issue,2022-23,2827,855.9,2421.25
25-06-2022,Balaghat,Madhya Pradesh,2633.37,2688.58,-55.21,-2.1,28.7,0,FALSE,0,97.9,100,none,2022-23,2827,855.9,2688.58
26-06-2022,Balaghat,Madhya Pradesh,2633.37,2604.29,29.08,1.1,38.3,0,FALSE,0,91.6,93,heavy_rainfall,2022-23,2827,855.9,2604.29
27-06-2022,Balaghat,Madhya Pradesh,2633.37,2454.06,179.31,6.8,23.3,2.7,FALSE,0,86.7,95.2,transport_issue,2022-23,2827,855.9,2454.06
28-06-2022,Balaghat,Madhya Pradesh,2633.37,2507.94,125.43,4.8,52.7,0,FALSE,0,87.1,85.7,heavy_rainfall,2022-23,2827,855.9,2507.94
29-06-2022,Balaghat,Madhya Pradesh,2633.37,2473.77,159.6,6.1,7.4,0,FALSE,0,74.2,94,transport_issue,2022-23,2827,855.9,2473.77
30-06-2022,Balaghat,Madhya Pradesh,2633.37,2224.86,408.51,15.5,20.1,5.5,FALSE,0,80.4,90.6,transport_issue,2022-23,2827,855.9,2224.86
01-07-2022,Balaghat,Madhya Pradesh,2633.37,2475.2,158.17,6,25,0,FALSE,0,82.9,94.5,transport_issue,2022-23,2827,855.9,2475.2
02-07-2022,Balaghat,Madhya Pradesh,2633.37,2377.79,255.58,9.7,28.1,0,TRUE,4.9,90.3,84.4,labour_shortage,2022-23,2827,855.9,2377.79
03-07-2022,Balaghat,Madhya Pradesh,2633.37,2374.81,258.56,9.8,57.7,0,FALSE,0,69.6,89.4,heavy_rainfall,2022-23,2827,855.9,2374.81
04-07-2022,Balaghat,Madhya Pradesh,2633.37,2474.49,158.88,6,12.8,0,FALSE,0,81.5,95.1,transport_issue,2022-23,2827,855.9,2474.49
05-07-2022,Balaghat,Madhya Pradesh,2633.37,2373.04,260.33,9.9,41.7,0,FALSE,0,75.2,90.1,transport_issue,2022-23,2827,855.9,2373.04
06-07-2022,Balaghat,Madhya Pradesh,2633.37,2478.47,154.9,5.9,41.5,0,FALSE,0,91.9,91,heavy_rainfall,2022-23,2827,855.9,2478.47
07-07-2022,Balaghat,Madhya Pradesh,2633.37,2464.31,169.06,6.4,38.3,0,TRUE,1.9,80.1,88.3,transport_issue,2022-23,2827,855.9,2464.31
08-07-2022,Balaghat,Madhya Pradesh,2633.37,2366.47,266.9,10.1,77.1,0,FALSE,0,72.7,97.4,heavy_rainfall,2022-23,2827,855.9,2366.47
09-07-2022,Balaghat,Madhya Pradesh,2633.37,2431.99,201.38,7.6,57.7,0,FALSE,0,69,98.9,heavy_rainfall,2022-23,2827,855.9,2431.99
10-07-2022,Balaghat,Madhya Pradesh,2633.37,2434.12,199.25,7.6,24.4,0,FALSE,0,73.9,98,transport_issue,2022-23,2827,855.9,2434.12
11-07-2022,Balaghat,Madhya Pradesh,2633.37,2504.37,129,4.9,7.4,0,FALSE,0,82.6,88.5,transport_issue,2022-23,2827,855.9,2504.37
12-07-2022,Balaghat,Madhya Pradesh,2633.37,2547.94,85.43,3.2,37.3,0,TRUE,1.7,91.7,100,heavy_rainfall,2022-23,2827,855.9,2547.94
13-07-2022,Balaghat,Madhya Pradesh,2633.37,2443.42,189.95,7.2,3.6,0,FALSE,0,74.3,95.7,transport_issue,2022-23,2827,855.9,2443.42
14-07-2022,Balaghat,Madhya Pradesh,2633.37,2505.64,127.73,4.9,13,0,FALSE,0,85.4,88,transport_issue,2022-23,2827,855.9,2505.64
15-07-2022,Balaghat,Madhya Pradesh,2633.37,2498.98,134.39,5.1,35.8,0,FALSE,0,83.1,92.7,transport_issue,2022-23,2827,855.9,2498.98
16-07-2022,Balaghat,Madhya Pradesh,2633.37,2518.53,114.84,4.4,27.4,0,FALSE,0,83.1,93.7,transport_issue,2022-23,2827,855.9,2518.53
17-07-2022,Balaghat,Madhya Pradesh,2633.37,2564.35,69.02,2.6,14.7,0,FALSE,0,92.9,97.5,transport_issue,2022-23,2827,855.9,2564.35
18-07-2022,Balaghat,Madhya Pradesh,2633.37,2257.03,376.34,14.3,5.3,7.7,FALSE,0,83.1,89.7,transport_issue,2022-23,2827,855.9,2257.03
19-07-2022,Balaghat,Madhya Pradesh,2633.37,2546.83,86.54,3.3,44.4,0,FALSE,0,85.7,88.9,heavy_rainfall,2022-23,2827,855.9,2546.83
20-07-2022,Balaghat,Madhya Pradesh,2633.37,2569.73,63.64,2.4,23.9,0,FALSE,0,83.6,89.9,transport_issue,2022-23,2827,855.9,2569.73
21-07-2022,Balaghat,Madhya Pradesh,2633.37,2175.25,458.12,17.4,34.7,7.2,FALSE,0,80.7,98.8,transport_issue,2022-23,2827,855.9,2175.25
22-07-2022,Balaghat,Madhya Pradesh,2633.37,2357.79,275.58,10.5,16.3,0,TRUE,4.5,89.5,91.4,transport_issue,2022-23,2827,855.9,2357.79
23-07-2022,Balaghat,Madhya Pradesh,2633.37,2356.51,276.86,10.5,33.9,0,FALSE,0,70.4,89.6,transport_issue,2022-23,2827,855.9,2356.51
24-07-2022,Balaghat,Madhya Pradesh,2633.37,2496.81,136.56,5.2,38.1,0,FALSE,0,78.9,100,transport_issue,2022-23,2827,855.9,2496.81
25-07-2022,Balaghat,Madhya Pradesh,2633.37,2409.18,224.19,8.5,47.4,0,FALSE,0,83.9,91.5,heavy_rainfall,2022-23,2827,855.9,2409.18
26-07-2022,Balaghat,Madhya Pradesh,2633.37,2466.31,167.06,6.3,43.7,0,FALSE,0,81.8,95.9,heavy_rainfall,2022-23,2827,855.9,2466.31
27-07-2022,Balaghat,Madhya Pradesh,2633.37,2508.99,124.38,4.7,9.5,0,FALSE,0,86.1,100,transport_issue,2022-23,2827,855.9,2508.99
28-07-2022,Balaghat,Madhya Pradesh,2633.37,2506.54,126.83,4.8,14.2,0,FALSE,0,83.7,100,transport_issue,2022-23,2827,855.9,2506.54
29-07-2022,Balaghat,Madhya Pradesh,2633.37,2388.31,245.06,9.3,16.3,0,TRUE,5.8,78.4,100,transport_issue,2022-23,2827,855.9,2388.31
30-07-2022,Balaghat,Madhya Pradesh,2633.37,2620.66,12.71,0.5,15.5,0,FALSE,0,96.1,98.8,transport_issue,2022-23,2827,855.9,2620.66
31-07-2022,Balaghat,Madhya Pradesh,2633.37,2215.91,417.46,15.9,14.9,6.9,FALSE,0,79.7,91.6,transport_issue,2022-23,2827,855.9,2215.91
01-08-2022,Balaghat,Madhya Pradesh,2633.37,2558.8,74.57,2.8,27.1,0,FALSE,0,78.9,95.9,transport_issue,2022-23,2827,855.9,2558.8
02-08-2022,Balaghat,Madhya Pradesh,2633.37,2576.77,56.6,2.1,11.7,0,FALSE,0,85.5,93.6,transport_issue,2022-23,2827,855.9,2576.77
03-08-2022,Balaghat,Madhya Pradesh,2633.37,2536.75,96.62,3.7,47.8,0,FALSE,0,84.5,99,heavy_rainfall,2022-23,2827,855.9,2536.75
04-08-2022,Balaghat,Madhya Pradesh,2633.37,2338.34,295.03,11.2,67.9,2.2,FALSE,0,79.8,91.7,heavy_rainfall,2022-23,2827,855.9,2338.34
05-08-2022,Balaghat,Madhya Pradesh,2633.37,2521.45,111.92,4.3,32.8,0,FALSE,0,79.6,95.8,transport_issue,2022-23,2827,855.9,2521.45
06-08-2022,Balaghat,Madhya Pradesh,2633.37,2527.14,106.23,4,25.9,0,FALSE,0,83.6,93.4,transport_issue,2022-23,2827,855.9,2527.14
07-08-2022,Balaghat,Madhya Pradesh,2633.37,2260.71,372.66,14.2,23.2,7.6,FALSE,0,83.7,94.3,transport_issue,2022-23,2827,855.9,2260.71
08-08-2022,Balaghat,Madhya Pradesh,2633.37,2545.97,87.4,3.3,18,0,FALSE,0,78.6,96.5,transport_issue,2022-23,2827,855.9,2545.97
09-08-2022,Balaghat,Madhya Pradesh,2633.37,2478.14,155.23,5.9,22.5,0,FALSE,0,69.8,90.1,transport_issue,2022-23,2827,855.9,2478.14
10-08-2022,Balaghat,Madhya Pradesh,2633.37,2559.56,73.81,2.8,21.7,0,FALSE,0,74.3,98.5,transport_issue,2022-23,2827,855.9,2559.56
11-08-2022,Balaghat,Madhya Pradesh,2633.37,2456.31,177.06,6.7,20.9,0,FALSE,0,75.1,98.6,transport_issue,2022-23,2827,855.9,2456.31
12-08-2022,Balaghat,Madhya Pradesh,2633.37,2605.06,28.31,1.1,21.2,0,FALSE,0,81.5,99.5,transport_issue,2022-23,2827,855.9,2605.06
13-08-2022,Balaghat,Madhya Pradesh,2633.37,2424.99,208.38,7.9,30.6,0,FALSE,0,80.6,91.2,transport_issue,2022-23,2827,855.9,2424.99
14-08-2022,Balaghat,Madhya Pradesh,2633.37,2467.08,166.29,6.3,31.8,0,FALSE,0,77.9,100,transport_issue,2022-23,2827,855.9,2467.08
15-08-2022,Balaghat,Madhya Pradesh,2633.37,2449.5,183.87,7,13.2,0,FALSE,0,81.9,93.9,transport_issue,2022-23,2827,855.9,2449.5
16-08-2022,Balaghat,Madhya Pradesh,2633.37,2593.2,40.17,1.5,24.5,0,FALSE,0,86.7,96.7,transport_issue,2022-23,2827,855.9,2593.2
17-08-2022,Balaghat,Madhya Pradesh,2633.37,2551.14,82.23,3.1,24.5,0,FALSE,0,78.6,100,transport_issue,2022-23,2827,855.9,2551.14
18-08-2022,Balaghat,Madhya Pradesh,2633.37,2430.21,203.16,7.7,24.6,0,FALSE,0,80.5,92.3,transport_issue,2022-23,2827,855.9,2430.21
19-08-2022,Balaghat,Madhya Pradesh,2633.37,2428.87,204.5,7.8,21.7,0,FALSE,0,77.6,93,transport_issue,2022-23,2827,855.9,2428.87
20-08-2022,Balaghat,Madhya Pradesh,2633.37,2541.97,91.4,3.5,17.3,0,FALSE,0,82.4,92.4,transport_issue,2022-23,2827,855.9,2541.97
21-08-2022,Balaghat,Madhya Pradesh,2633.37,2580.98,52.39,2,33.4,0,FALSE,0,86.1,95.5,transport_issue,2022-23,2827,855.9,2580.98
22-08-2022,Balaghat,Madhya Pradesh,2633.37,2494.42,138.95,5.3,48.3,0,FALSE,0,78.1,93.1,heavy_rainfall,2022-23,2827,855.9,2494.42
23-08-2022,Balaghat,Madhya Pradesh,2633.37,2561.42,71.95,2.7,9.9,0,FALSE,0,78.8,91.3,transport_issue,2022-23,2827,855.9,2561.42
24-08-2022,Balaghat,Madhya Pradesh,2633.37,2503.61,129.76,4.9,42.6,0,FALSE,0,80.5,88.3,transport_issue,2022-23,2827,855.9,2503.61
25-08-2022,Balaghat,Madhya Pradesh,2633.37,2505.93,127.44,4.8,47.8,0,FALSE,0,87.2,88.8,heavy_rainfall,2022-23,2827,855.9,2505.93
26-08-2022,Balaghat,Madhya Pradesh,2633.37,2177.5,455.87,17.3,87.2,4.5,FALSE,0,86.8,95.7,heavy_rainfall,2022-23,2827,855.9,2177.5
27-08-2022,Balaghat,Madhya Pradesh,2633.37,2523.89,109.48,4.2,65.9,0,FALSE,0,90.3,92.8,heavy_rainfall,2022-23,2827,855.9,2523.89
28-08-2022,Balaghat,Madhya Pradesh,2633.37,2532.9,100.47,3.8,14.1,0,FALSE,0,81.1,99.2,transport_issue,2022-23,2827,855.9,2532.9
29-08-2022,Balaghat,Madhya Pradesh,2633.37,2414.62,218.75,8.3,54.5,0,FALSE,0,71.6,89.8,heavy_rainfall,2022-23,2827,855.9,2414.62
30-08-2022,Balaghat,Madhya Pradesh,2633.37,2251.4,381.97,14.5,54.9,3.4,TRUE,1.8,69.4,96,heavy_rainfall,2022-23,2827,855.9,2251.4
31-08-2022,Balaghat,Madhya Pradesh,2633.37,2551.84,81.53,3.1,5.3,0,FALSE,0,79.4,93.7,transport_issue,2022-23,2827,855.9,2551.84
01-09-2022,Balaghat,Madhya Pradesh,2633.37,2270.24,363.13,13.8,90.6,0,FALSE,0,80,92.8,heavy_rainfall,2022-23,2827,855.9,2270.24
02-09-2022,Balaghat,Madhya Pradesh,2633.37,2420.34,213.03,8.1,41.9,0,FALSE,0,82.3,95.3,transport_issue,2022-23,2827,855.9,2420.34
03-09-2022,Balaghat,Madhya Pradesh,2633.37,1942.16,691.21,26.2,2.8,15.4,FALSE,0,81.2,99.3,equipment_failure,2022-23,2827,855.9,1942.16
04-09-2022,Balaghat,Madhya Pradesh,2633.37,2421.26,212.11,8.1,91.2,0,FALSE,0,81.2,97.5,heavy_rainfall,2022-23,2827,855.9,2421.26
05-09-2022,Balaghat,Madhya Pradesh,2633.37,2572.78,60.59,2.3,9.6,0,FALSE,0,85.3,91.3,transport_issue,2022-23,2827,855.9,2572.78
06-09-2022,Balaghat,Madhya Pradesh,2633.37,2504.35,129.02,4.9,28,0,FALSE,0,84.2,99.4,transport_issue,2022-23,2827,855.9,2504.35
07-09-2022,Balaghat,Madhya Pradesh,2633.37,2384.59,248.78,9.4,55.8,0,TRUE,4.3,81.6,96.3,heavy_rainfall,2022-23,2827,855.9,2384.59
08-09-2022,Balaghat,Madhya Pradesh,2633.37,2457.05,176.32,6.7,32.2,4,FALSE,0,90.6,97.4,transport_issue,2022-23,2827,855.9,2457.05
09-09-2022,Balaghat,Madhya Pradesh,2633.37,2449.89,183.48,7,41.2,0,FALSE,0,74.3,88.4,transport_issue,2022-23,2827,855.9,2449.89
10-09-2022,Balaghat,Madhya Pradesh,2633.37,2353.1,280.27,10.6,10.3,0,TRUE,4,69.1,99.4,transport_issue,2022-23,2827,855.9,2353.1
11-09-2022,Balaghat,Madhya Pradesh,2633.37,2091.61,541.76,20.6,68,4.9,TRUE,2.7,73.7,88.4,heavy_rainfall,2022-23,2827,855.9,2091.61
12-09-2022,Balaghat,Madhya Pradesh,2633.37,2396.88,236.49,9,102.6,0,FALSE,0,86.4,94,heavy_rainfall,2022-23,2827,855.9,2396.88
13-09-2022,Balaghat,Madhya Pradesh,2633.37,2339.14,294.23,11.2,33.4,2.6,FALSE,0,76.8,91.1,transport_issue,2022-23,2827,855.9,2339.14
14-09-2022,Balaghat,Madhya Pradesh,2633.37,2498.55,134.82,5.1,28.6,0,FALSE,0,90.4,91.1,transport_issue,2022-23,2827,855.9,2498.55
15-09-2022,Balaghat,Madhya Pradesh,2633.37,2472.43,160.94,6.1,20.9,0,FALSE,0,83,91.3,transport_issue,2022-23,2827,855.9,2472.43
16-09-2022,Balaghat,Madhya Pradesh,2633.37,2586.82,46.55,1.8,24.6,0,FALSE,0,85.3,95.5,transport_issue,2022-23,2827,855.9,2586.82
17-09-2022,Balaghat,Madhya Pradesh,2633.37,2591.5,41.87,1.6,37.1,0,FALSE,0,88.9,93.8,transport_issue,2022-23,2827,855.9,2591.5
18-09-2022,Balaghat,Madhya Pradesh,2633.37,2504.76,128.61,4.9,7.8,0,FALSE,0,77.8,92.3,transport_issue,2022-23,2827,855.9,2504.76
19-09-2022,Balaghat,Madhya Pradesh,2633.37,2451.63,181.74,6.9,30.8,0,FALSE,0,79.9,96.8,transport_issue,2022-23,2827,855.9,2451.63
20-09-2022,Balaghat,Madhya Pradesh,2633.37,2586.32,47.05,1.8,25.9,0,FALSE,0,81.1,94.6,transport_issue,2022-23,2827,855.9,2586.32
21-09-2022,Balaghat,Madhya Pradesh,2633.37,2399.12,234.25,8.9,115.6,0,FALSE,0,87.9,99.4,heavy_rainfall,2022-23,2827,855.9,2399.12
22-09-2022,Balaghat,Madhya Pradesh,2633.37,2498.14,135.23,5.1,37.7,0,FALSE,0,91.8,92.7,heavy_rainfall,2022-23,2827,855.9,2498.14
23-09-2022,Balaghat,Madhya Pradesh,2633.37,2418.39,214.98,8.2,10,0,TRUE,5,83.4,88.8,transport_issue,2022-23,2827,855.9,2418.39
24-09-2022,Balaghat,Madhya Pradesh,2633.37,2618.36,15.01,0.6,35.1,0,FALSE,0,94.7,97.8,heavy_rainfall,2022-23,2827,855.9,2618.36
25-09-2022,Balaghat,Madhya Pradesh,2633.37,2327.25,306.12,11.6,84.8,0,FALSE,0,85.2,91.3,heavy_rainfall,2022-23,2827,855.9,2327.25
26-09-2022,Balaghat,Madhya Pradesh,2633.37,2460.54,172.83,6.6,11.1,0,FALSE,0,82.5,92.9,transport_issue,2022-23,2827,855.9,2460.54
27-09-2022,Balaghat,Madhya Pradesh,2633.37,2584.73,48.64,1.8,26.4,0,FALSE,0,86.7,92.9,transport_issue,2022-23,2827,855.9,2584.73
28-09-2022,Balaghat,Madhya Pradesh,2633.37,2404.48,228.89,8.7,32.7,0,FALSE,0,77.3,89.7,transport_issue,2022-23,2827,855.9,2404.48
29-09-2022,Balaghat,Madhya Pradesh,2633.37,2553.94,79.43,3,26.7,0,FALSE,0,86.2,98.3,transport_issue,2022-23,2827,855.9,2553.94
30-09-2022,Balaghat,Madhya Pradesh,2633.37,2501.79,131.58,5,25.6,0,FALSE,0,82.5,94.6,transport_issue,2022-23,2827,855.9,2501.79
01-10-2022,Balaghat,Madhya Pradesh,2633.37,2647.51,-14.14,-0.5,5,0,FALSE,0,95.6,90.9,none,2022-23,2827,855.9,2647.51
02-10-2022,Balaghat,Madhya Pradesh,2633.37,2600.09,33.28,1.3,8,0,FALSE,0,91.8,98.3,transport_issue,2022-23,2827,855.9,2600.09
03-10-2022,Balaghat,Madhya Pradesh,2633.37,2585.73,47.64,1.8,1.9,0,FALSE,0,95.2,97,transport_issue,2022-23,2827,855.9,2585.73
04-10-2022,Balaghat,Madhya Pradesh,2633.37,2560.98,72.39,2.7,3.5,0,FALSE,0,84.7,97.4,transport_issue,2022-23,2827,855.9,2560.98
05-10-2022,Balaghat,Madhya Pradesh,2633.37,2492.73,140.64,5.3,1.4,0,TRUE,6,94.5,95.6,blasting_delay,2022-23,2827,855.9,2492.73
06-10-2022,Balaghat,Madhya Pradesh,2633.37,2503.6,129.77,4.9,2.5,0,FALSE,0,93.8,92.5,labour_shortage,2022-23,2827,855.9,2503.6
07-10-2022,Balaghat,Madhya Pradesh,2633.37,2475.14,158.23,6,3.8,0,FALSE,0,92,84.8,labour_shortage,2022-23,2827,855.9,2475.14
08-10-2022,Balaghat,Madhya Pradesh,2633.37,2641.16,-7.79,-0.3,6.4,0,FALSE,0,99.2,93.7,none,2022-23,2827,855.9,2641.16
09-10-2022,Balaghat,Madhya Pradesh,2633.37,2394.05,239.32,9.1,2.1,0,FALSE,0,76.5,89.1,transport_issue,2022-23,2827,855.9,2394.05
10-10-2022,Balaghat,Madhya Pradesh,2633.37,2254.16,379.21,14.4,3.8,7.8,FALSE,0,92.7,91.1,equipment_failure,2022-23,2827,855.9,2254.16
11-10-2022,Balaghat,Madhya Pradesh,2633.37,2600.11,33.26,1.3,1.1,0,FALSE,0,91.8,91.5,labour_shortage,2022-23,2827,855.9,2600.11
12-10-2022,Balaghat,Madhya Pradesh,2633.37,2427.94,205.43,7.8,7.2,0,TRUE,5.5,85.3,100,transport_issue,2022-23,2827,855.9,2427.94
13-10-2022,Balaghat,Madhya Pradesh,2633.37,2478.38,154.99,5.9,2,0,TRUE,3.6,94.8,92.3,labour_shortage,2022-23,2827,855.9,2478.38
14-10-2022,Balaghat,Madhya Pradesh,2633.37,2500.12,133.25,5.1,2.8,0,TRUE,1.1,92.5,89.6,labour_shortage,2022-23,2827,855.9,2500.12
15-10-2022,Balaghat,Madhya Pradesh,2633.37,2609.98,23.39,0.9,1.4,0,FALSE,0,93.7,92.2,labour_shortage,2022-23,2827,855.9,2609.98
16-10-2022,Balaghat,Madhya Pradesh,2633.37,2589.49,43.88,1.7,6.6,0,FALSE,0,87.5,100,transport_issue,2022-23,2827,855.9,2589.49
17-10-2022,Balaghat,Madhya Pradesh,2633.37,2672.57,-39.2,-1.5,5,0,FALSE,0,100,100,none,2022-23,2827,855.9,2672.57
18-10-2022,Balaghat,Madhya Pradesh,2633.37,2579.46,53.91,2,4.9,0,FALSE,0,98.4,90.8,labour_shortage,2022-23,2827,855.9,2579.46
19-10-2022,Balaghat,Madhya Pradesh,2633.37,2458.41,174.96,6.6,0.4,2.7,FALSE,0,93.8,98.3,transport_issue,2022-23,2827,855.9,2458.41
20-10-2022,Balaghat,Madhya Pradesh,2633.37,2376.8,256.57,9.7,4.2,6.5,FALSE,0,93.6,97,equipment_failure,2022-23,2827,855.9,2376.8
21-10-2022,Balaghat,Madhya Pradesh,2633.37,2601.95,31.42,1.2,5.6,0,FALSE,0,91.4,94.7,transport_issue,2022-23,2827,855.9,2601.95
22-10-2022,Balaghat,Madhya Pradesh,2633.37,2562.31,71.06,2.7,2.1,0,FALSE,0,95.5,96,transport_issue,2022-23,2827,855.9,2562.31
23-10-2022,Balaghat,Madhya Pradesh,2633.37,2553.47,79.9,3,15.6,0,FALSE,0,88.3,96.9,transport_issue,2022-23,2827,855.9,2553.47
24-10-2022,Balaghat,Madhya Pradesh,2633.37,2503.8,129.57,4.9,2.8,0,FALSE,0,86.9,90.2,transport_issue,2022-23,2827,855.9,2503.8
25-10-2022,Balaghat,Madhya Pradesh,2633.37,2455.35,178.02,6.8,4.6,0,FALSE,0,83.3,90.6,transport_issue,2022-23,2827,855.9,2455.35
26-10-2022,Balaghat,Madhya Pradesh,2633.37,2546.57,86.8,3.3,5.6,0,FALSE,0,89.8,95.9,transport_issue,2022-23,2827,855.9,2546.57
27-10-2022,Balaghat,Madhya Pradesh,2633.37,2535.82,97.55,3.7,6.4,0,FALSE,0,99,92.7,labour_shortage,2022-23,2827,855.9,2535.82
28-10-2022,Balaghat,Madhya Pradesh,2633.37,2661.25,-27.88,-1.1,2.1,0,FALSE,0,100,100,none,2022-23,2827,855.9,2661.25
29-10-2022,Balaghat,Madhya Pradesh,2633.37,2628.84,4.53,0.2,7.5,0,FALSE,0,98.7,92.4,labour_shortage,2022-23,2827,855.9,2628.84
30-10-2022,Balaghat,Madhya Pradesh,2633.37,2627.71,5.66,0.2,3.6,0,FALSE,0,100,94.7,labour_shortage,2022-23,2827,855.9,2627.71
31-10-2022,Balaghat,Madhya Pradesh,2633.37,2203.13,430.24,16.3,3,9.1,FALSE,0,89.9,96,equipment_failure,2022-23,2827,855.9,2203.13
01-11-2022,Balaghat,Madhya Pradesh,2633.37,2576.62,56.75,2.2,2.5,0,FALSE,0,98.5,95.6,labour_shortage,2022-23,2827,855.9,2576.62
02-11-2022,Balaghat,Madhya Pradesh,2633.37,2447.57,185.8,7.1,2.3,0,FALSE,0,82.4,90.3,transport_issue,2022-23,2827,855.9,2447.57
03-11-2022,Balaghat,Madhya Pradesh,2633.37,2558.77,74.6,2.8,0.1,0,FALSE,0,97.4,98.1,transport_issue,2022-23,2827,855.9,2558.77
04-11-2022,Balaghat,Madhya Pradesh,2633.37,2491.53,141.84,5.4,1.4,0,TRUE,1.3,93.8,91.1,labour_shortage,2022-23,2827,855.9,2491.53
05-11-2022,Balaghat,Madhya Pradesh,2633.37,2541.29,92.08,3.5,1.5,0,FALSE,0,100,93.9,labour_shortage,2022-23,2827,855.9,2541.29
06-11-2022,Balaghat,Madhya Pradesh,2633.37,2314.62,318.75,12.1,2.2,5.2,FALSE,0,91.9,97.9,equipment_failure,2022-23,2827,855.9,2314.62
07-11-2022,Balaghat,Madhya Pradesh,2633.37,2271.78,361.59,13.7,2.7,7.6,TRUE,3.1,97.3,91.3,equipment_failure,2022-23,2827,855.9,2271.78
08-11-2022,Balaghat,Madhya Pradesh,2633.37,2448.3,185.07,7,5.8,0,FALSE,0,84.5,88.5,transport_issue,2022-23,2827,855.9,2448.3
09-11-2022,Balaghat,Madhya Pradesh,2633.37,2562.75,70.62,2.7,7.3,0,FALSE,0,98.1,100,none,2022-23,2827,855.9,2562.75
10-11-2022,Balaghat,Madhya Pradesh,2633.37,2524.78,108.59,4.1,4.6,0,FALSE,0,96.2,90.7,labour_shortage,2022-23,2827,855.9,2524.78
11-11-2022,Balaghat,Madhya Pradesh,2633.37,2648.18,-14.81,-0.6,4.6,0,FALSE,0,97.4,95.1,none,2022-23,2827,855.9,2648.18
12-11-2022,Balaghat,Madhya Pradesh,2633.37,2515.13,118.24,4.5,1.8,0,FALSE,0,87.7,93,transport_issue,2022-23,2827,855.9,2515.13
13-11-2022,Balaghat,Madhya Pradesh,2633.37,2380.36,253.01,9.6,3.7,7.2,FALSE,0,100,96.3,equipment_failure,2022-23,2827,855.9,2380.36
14-11-2022,Balaghat,Madhya Pradesh,2633.37,2524.33,109.04,4.1,3.3,0,FALSE,0,90.9,100,transport_issue,2022-23,2827,855.9,2524.33
15-11-2022,Balaghat,Madhya Pradesh,2633.37,2603.49,29.88,1.1,6.8,0,FALSE,0,95,87.7,labour_shortage,2022-23,2827,855.9,2603.49
16-11-2022,Balaghat,Madhya Pradesh,2633.37,2534.01,99.36,3.8,3.9,0,FALSE,0,92.4,98.4,transport_issue,2022-23,2827,855.9,2534.01
17-11-2022,Balaghat,Madhya Pradesh,2633.37,2644.67,-11.3,-0.4,6.6,0,FALSE,0,95.9,92.8,none,2022-23,2827,855.9,2644.67
18-11-2022,Balaghat,Madhya Pradesh,2633.37,2664.65,-31.28,-1.2,2.2,0,FALSE,0,92.1,100,none,2022-23,2827,855.9,2664.65
19-11-2022,Balaghat,Madhya Pradesh,2633.37,2476.67,156.7,6,4.1,0,FALSE,0,91.7,90.2,labour_shortage,2022-23,2827,855.9,2476.67
20-11-2022,Balaghat,Madhya Pradesh,2633.37,2523.81,109.56,4.2,2.7,0,FALSE,0,93.2,93.6,transport_issue,2022-23,2827,855.9,2523.81
21-11-2022,Balaghat,Madhya Pradesh,2633.37,2556.49,76.88,2.9,4.1,0,FALSE,0,93.8,94.3,transport_issue,2022-23,2827,855.9,2556.49
22-11-2022,Balaghat,Madhya Pradesh,2633.37,2544.23,89.14,3.4,8,0,FALSE,0,97,97.2,transport_issue,2022-23,2827,855.9,2544.23
23-11-2022,Balaghat,Madhya Pradesh,2633.37,2586.44,46.93,1.8,2.1,0,FALSE,0,89.5,88.9,labour_shortage,2022-23,2827,855.9,2586.44
24-11-2022,Balaghat,Madhya Pradesh,2633.37,2419.85,213.52,8.1,7.7,2.8,FALSE,0,99.2,90.5,labour_shortage,2022-23,2827,855.9,2419.85
25-11-2022,Balaghat,Madhya Pradesh,2633.37,2535.33,98.04,3.7,4.1,0,FALSE,0,90.4,95.5,transport_issue,2022-23,2827,855.9,2535.33
26-11-2022,Balaghat,Madhya Pradesh,2633.37,2630.68,2.69,0.1,11.3,0,FALSE,0,96.3,97.7,transport_issue,2022-23,2827,855.9,2630.68
27-11-2022,Balaghat,Madhya Pradesh,2633.37,2588.58,44.79,1.7,4.5,0,FALSE,0,90.6,99.4,transport_issue,2022-23,2827,855.9,2588.58
28-11-2022,Balaghat,Madhya Pradesh,2633.37,2318.19,315.18,12,3,4.5,TRUE,4.7,90.7,96.7,blasting_delay,2022-23,2827,855.9,2318.19
29-11-2022,Balaghat,Madhya Pradesh,2633.37,2598.87,34.5,1.3,4.8,0,FALSE,0,90.4,91.3,transport_issue,2022-23,2827,855.9,2598.87
30-11-2022,Balaghat,Madhya Pradesh,2633.37,2252.91,380.46,14.4,7,6.2,FALSE,0,90.7,93.6,equipment_failure,2022-23,2827,855.9,2252.91
01-12-2022,Balaghat,Madhya Pradesh,2633.37,2583.26,50.11,1.9,0.5,0,FALSE,0,90.2,96.7,transport_issue,2022-23,2827,855.9,2583.26
02-12-2022,Balaghat,Madhya Pradesh,2633.37,2524.19,109.18,4.1,6.2,0,FALSE,0,92.4,99.6,transport_issue,2022-23,2827,855.9,2524.19
03-12-2022,Balaghat,Madhya Pradesh,2633.37,2607.64,25.73,1,4.3,0,FALSE,0,99,97.6,labour_shortage,2022-23,2827,855.9,2607.64
04-12-2022,Balaghat,Madhya Pradesh,2633.37,2598.79,34.58,1.3,16.2,0,FALSE,0,91.2,98.8,transport_issue,2022-23,2827,855.9,2598.79
05-12-2022,Balaghat,Madhya Pradesh,2633.37,2633.4,-0.03,0,7.6,0,FALSE,0,100,94,none,2022-23,2827,855.9,2633.4
06-12-2022,Balaghat,Madhya Pradesh,2633.37,2513.41,119.96,4.6,8.8,0,FALSE,0,95.7,93.2,labour_shortage,2022-23,2827,855.9,2513.41
07-12-2022,Balaghat,Madhya Pradesh,2633.37,2542.52,90.85,3.4,0.3,0,FALSE,0,83.6,94.7,transport_issue,2022-23,2827,855.9,2542.52
08-12-2022,Balaghat,Madhya Pradesh,2633.37,2578.57,54.8,2.1,1.5,0,FALSE,0,88,99.3,transport_issue,2022-23,2827,855.9,2578.57
09-12-2022,Balaghat,Madhya Pradesh,2633.37,2506.88,126.49,4.8,2.1,0,FALSE,0,93.3,92,labour_shortage,2022-23,2827,855.9,2506.88
10-12-2022,Balaghat,Madhya Pradesh,2633.37,2481.06,152.31,5.8,3.6,0,FALSE,0,79,93.4,transport_issue,2022-23,2827,855.9,2481.06
11-12-2022,Balaghat,Madhya Pradesh,2633.37,2584.92,48.45,1.8,1.9,0,FALSE,0,82.5,98.6,transport_issue,2022-23,2827,855.9,2584.92
12-12-2022,Balaghat,Madhya Pradesh,2633.37,2525.68,107.69,4.1,3.7,0,FALSE,0,88.3,91.4,transport_issue,2022-23,2827,855.9,2525.68
13-12-2022,Balaghat,Madhya Pradesh,2633.37,2611.5,21.87,0.8,2.6,0,FALSE,0,93,96.8,transport_issue,2022-23,2827,855.9,2611.5
14-12-2022,Balaghat,Madhya Pradesh,2633.37,2465.29,168.08,6.4,7.4,0,FALSE,0,81.6,96.5,transport_issue,2022-23,2827,855.9,2465.29
15-12-2022,Balaghat,Madhya Pradesh,2633.37,2535.58,97.79,3.7,5.3,0,FALSE,0,91.8,94.2,transport_issue,2022-23,2827,855.9,2535.58
16-12-2022,Balaghat,Madhya Pradesh,2633.37,2622.94,10.43,0.4,16.1,0,FALSE,0,89.1,98.4,transport_issue,2022-23,2827,855.9,2622.94
17-12-2022,Balaghat,Madhya Pradesh,2633.37,2584.17,49.2,1.9,7.9,0,FALSE,0,98,92.3,labour_shortage,2022-23,2827,855.9,2584.17
18-12-2022,Balaghat,Madhya Pradesh,2633.37,2487.21,146.16,5.6,4.9,3.9,FALSE,0,94.9,100,equipment_failure,2022-23,2827,855.9,2487.21
19-12-2022,Balaghat,Madhya Pradesh,2633.37,2462.06,171.31,6.5,0.6,0,FALSE,0,86.2,93.3,transport_issue,2022-23,2827,855.9,2462.06
20-12-2022,Balaghat,Madhya Pradesh,2633.37,2607.51,25.86,1,8,0,FALSE,0,100,98.9,none,2022-23,2827,855.9,2607.51
21-12-2022,Balaghat,Madhya Pradesh,2633.37,2322.78,310.59,11.8,9.5,6.1,FALSE,0,89.2,94.9,equipment_failure,2022-23,2827,855.9,2322.78
22-12-2022,Balaghat,Madhya Pradesh,2633.37,2617.27,16.1,0.6,3.1,0,FALSE,0,94.5,87.8,labour_shortage,2022-23,2827,855.9,2617.27
23-12-2022,Balaghat,Madhya Pradesh,2633.37,2197.75,435.62,16.5,2.5,7.3,FALSE,0,82.8,89.1,transport_issue,2022-23,2827,855.9,2197.75
24-12-2022,Balaghat,Madhya Pradesh,2633.37,2510.76,122.61,4.7,1.1,0,FALSE,0,92.9,87.8,labour_shortage,2022-23,2827,855.9,2510.76
25-12-2022,Balaghat,Madhya Pradesh,2633.37,2557.57,75.8,2.9,2.1,0,FALSE,0,92.4,97,transport_issue,2022-23,2827,855.9,2557.57
26-12-2022,Balaghat,Madhya Pradesh,2633.37,2615.24,18.13,0.7,1.3,0,FALSE,0,93.4,99.4,transport_issue,2022-23,2827,855.9,2615.24
27-12-2022,Balaghat,Madhya Pradesh,2633.37,2597.48,35.89,1.4,11.4,0,FALSE,0,82.9,96,transport_issue,2022-23,2827,855.9,2597.48
28-12-2022,Balaghat,Madhya Pradesh,2633.37,2370.9,262.47,10,4,6.7,FALSE,0,94.8,92.3,equipment_failure,2022-23,2827,855.9,2370.9
29-12-2022,Balaghat,Madhya Pradesh,2633.37,2620.13,13.24,0.5,6.1,0,FALSE,0,98.8,94.8,labour_shortage,2022-23,2827,855.9,2620.13
30-12-2022,Balaghat,Madhya Pradesh,2633.37,2620.86,12.51,0.5,0.8,0,FALSE,0,86.9,100,transport_issue,2022-23,2827,855.9,2620.86
31-12-2022,Balaghat,Madhya Pradesh,2633.37,2543.9,89.47,3.4,2.7,0,FALSE,0,95.3,95.4,transport_issue,2022-23,2827,855.9,2543.9
01-01-2023,Balaghat,Madhya Pradesh,2633.37,2650.9,-17.53,-0.7,7.3,0,FALSE,0,90.8,100,none,2022-23,2827,855.9,2650.9
02-01-2023,Balaghat,Madhya Pradesh,2633.37,2522.76,110.61,4.2,3.9,0,FALSE,0,87.4,96.6,transport_issue,2022-23,2827,855.9,2522.76
03-01-2023,Balaghat,Madhya Pradesh,2633.37,2375.52,257.85,9.8,7.3,0,TRUE,6,88.8,98.8,blasting_delay,2022-23,2827,855.9,2375.52
04-01-2023,Balaghat,Madhya Pradesh,2633.37,2616.97,16.4,0.6,4.8,0,FALSE,0,94.5,92.6,labour_shortage,2022-23,2827,855.9,2616.97
05-01-2023,Balaghat,Madhya Pradesh,2633.37,2576.85,56.52,2.1,7.4,0,FALSE,0,96.2,94.3,labour_shortage,2022-23,2827,855.9,2576.85
06-01-2023,Balaghat,Madhya Pradesh,2633.37,2551,82.37,3.1,1.8,0,FALSE,0,92.2,97.4,transport_issue,2022-23,2827,855.9,2551
07-01-2023,Balaghat,Madhya Pradesh,2633.37,2415.44,217.93,8.3,3.3,0,TRUE,3,87.1,91,transport_issue,2022-23,2827,855.9,2415.44
08-01-2023,Balaghat,Madhya Pradesh,2633.37,2255.37,378,14.4,1.7,7.4,FALSE,0,82.8,94.5,transport_issue,2022-23,2827,855.9,2255.37
09-01-2023,Balaghat,Madhya Pradesh,2633.37,2545.59,87.78,3.3,3.5,0,FALSE,0,93.7,82.9,labour_shortage,2022-23,2827,855.9,2545.59
10-01-2023,Balaghat,Madhya Pradesh,2633.37,2654.52,-21.15,-0.8,3.8,0,FALSE,0,97.1,97.2,none,2022-23,2827,855.9,2654.52
11-01-2023,Balaghat,Madhya Pradesh,2633.37,2622.87,10.5,0.4,6.9,0,FALSE,0,100,92.2,labour_shortage,2022-23,2827,855.9,2622.87
12-01-2023,Balaghat,Madhya Pradesh,2633.37,2515.01,118.36,4.5,2.4,0,TRUE,3.6,90,95.6,transport_issue,2022-23,2827,855.9,2515.01
13-01-2023,Balaghat,Madhya Pradesh,2633.37,2684.97,-51.6,-2,1.6,0,FALSE,0,98.8,99.1,none,2022-23,2827,855.9,2684.97
14-01-2023,Balaghat,Madhya Pradesh,2633.37,2274.18,359.19,13.6,1.9,7.8,FALSE,0,91.6,100,equipment_failure,2022-23,2827,855.9,2274.18
15-01-2023,Balaghat,Madhya Pradesh,2633.37,2570.63,62.74,2.4,8.5,0,FALSE,0,97.6,95.4,labour_shortage,2022-23,2827,855.9,2570.63
16-01-2023,Balaghat,Madhya Pradesh,2633.37,2494.09,139.28,5.3,3.9,0,TRUE,2.8,92,97.4,transport_issue,2022-23,2827,855.9,2494.09
17-01-2023,Balaghat,Madhya Pradesh,2633.37,2638.71,-5.34,-0.2,0.8,0,FALSE,0,90.7,99.9,none,2022-23,2827,855.9,2638.71
18-01-2023,Balaghat,Madhya Pradesh,2633.37,2592.39,40.98,1.6,2.6,0,FALSE,0,96,90.7,labour_shortage,2022-23,2827,855.9,2592.39
19-01-2023,Balaghat,Madhya Pradesh,2633.37,2531.5,101.87,3.9,1.8,0,FALSE,0,89.5,100,transport_issue,2022-23,2827,855.9,2531.5
20-01-2023,Balaghat,Madhya Pradesh,2633.37,2524.18,109.19,4.1,1.7,0,TRUE,1.6,81.5,95.5,transport_issue,2022-23,2827,855.9,2524.18
21-01-2023,Balaghat,Madhya Pradesh,2633.37,2610.39,22.98,0.9,2.8,0,FALSE,0,86,94.9,transport_issue,2022-23,2827,855.9,2610.39
22-01-2023,Balaghat,Madhya Pradesh,2633.37,2669.17,-35.8,-1.4,2.7,0,FALSE,0,92.7,100,none,2022-23,2827,855.9,2669.17
23-01-2023,Balaghat,Madhya Pradesh,2633.37,2568.17,65.2,2.5,5.4,0,FALSE,0,95.6,95.4,labour_shortage,2022-23,2827,855.9,2568.17
24-01-2023,Balaghat,Madhya Pradesh,2633.37,2596.8,36.57,1.4,9.1,0,FALSE,0,96,97.7,transport_issue,2022-23,2827,855.9,2596.8
25-01-2023,Balaghat,Madhya Pradesh,2633.37,2475.07,158.3,6,0.7,0,FALSE,0,87,94.3,transport_issue,2022-23,2827,855.9,2475.07
26-01-2023,Balaghat,Madhya Pradesh,2633.37,2178.05,455.32,17.3,9.7,7.9,FALSE,0,84.4,92.5,equipment_failure,2022-23,2827,855.9,2178.05
27-01-2023,Balaghat,Madhya Pradesh,2633.37,2545.88,87.49,3.3,4.3,0,FALSE,0,86,89.8,transport_issue,2022-23,2827,855.9,2545.88
28-01-2023,Balaghat,Madhya Pradesh,2633.37,2633.91,-0.54,0,9.3,0,FALSE,0,97.9,94.7,none,2022-23,2827,855.9,2633.91
29-01-2023,Balaghat,Madhya Pradesh,2633.37,2523.61,109.76,4.2,1.2,0,FALSE,0,91.1,92.9,transport_issue,2022-23,2827,855.9,2523.61
30-01-2023,Balaghat,Madhya Pradesh,2633.37,2454.17,179.2,6.8,3.9,0,FALSE,0,83.5,93.9,transport_issue,2022-23,2827,855.9,2454.17
31-01-2023,Balaghat,Madhya Pradesh,2633.37,2253.7,379.67,14.4,4.6,7.7,FALSE,0,94.2,88.6,equipment_failure,2022-23,2827,855.9,2253.7
01-02-2023,Balaghat,Madhya Pradesh,2633.37,2642.78,-9.41,-0.4,4.7,0,FALSE,0,95.3,92.7,none,2022-23,2827,855.9,2642.78
02-02-2023,Balaghat,Madhya Pradesh,2633.37,2609.29,24.08,0.9,4.6,0,FALSE,0,92.1,97.9,transport_issue,2022-23,2827,855.9,2609.29
03-02-2023,Balaghat,Madhya Pradesh,2633.37,2545.62,87.75,3.3,1,0,FALSE,0,95.7,94.2,labour_shortage,2022-23,2827,855.9,2545.62
04-02-2023,Balaghat,Madhya Pradesh,2633.37,2580.73,52.64,2,1,0,FALSE,0,95.6,93.3,labour_shortage,2022-23,2827,855.9,2580.73
05-02-2023,Balaghat,Madhya Pradesh,2633.37,2541.88,91.49,3.5,3.2,0,FALSE,0,83.9,88.6,transport_issue,2022-23,2827,855.9,2541.88
06-02-2023,Balaghat,Madhya Pradesh,2633.37,2536.37,97,3.7,0.5,0,FALSE,0,98,90.2,labour_shortage,2022-23,2827,855.9,2536.37
07-02-2023,Balaghat,Madhya Pradesh,2633.37,2541.64,91.73,3.5,5.6,0,FALSE,0,93.3,94.2,transport_issue,2022-23,2827,855.9,2541.64
08-02-2023,Balaghat,Madhya Pradesh,2633.37,2636.66,-3.29,-0.1,3.6,0,FALSE,0,95.5,91.4,none,2022-23,2827,855.9,2636.66
09-02-2023,Balaghat,Madhya Pradesh,2633.37,2280.54,352.83,13.4,0.9,6.7,FALSE,0,83.3,95,transport_issue,2022-23,2827,855.9,2280.54
10-02-2023,Balaghat,Madhya Pradesh,2633.37,2385.23,248.14,9.4,2.1,0,TRUE,5.7,85.8,84.6,labour_shortage,2022-23,2827,855.9,2385.23
11-02-2023,Balaghat,Madhya Pradesh,2633.37,2605.54,27.83,1.1,3.9,0,FALSE,0,86.3,96.7,transport_issue,2022-23,2827,855.9,2605.54
12-02-2023,Balaghat,Madhya Pradesh,2633.37,2643.88,-10.51,-0.4,0.5,0,FALSE,0,93.9,92.3,none,2022-23,2827,855.9,2643.88
13-02-2023,Balaghat,Madhya Pradesh,2633.37,2677.75,-44.38,-1.7,3.4,0,FALSE,0,99.3,98.3,none,2022-23,2827,855.9,2677.75
14-02-2023,Balaghat,Madhya Pradesh,2633.37,2609.61,23.76,0.9,0.6,0,FALSE,0,87.9,98.1,transport_issue,2022-23,2827,855.9,2609.61
15-02-2023,Balaghat,Madhya Pradesh,2633.37,2563.01,70.36,2.7,2.7,0,FALSE,0,88.4,95.9,transport_issue,2022-23,2827,855.9,2563.01
16-02-2023,Balaghat,Madhya Pradesh,2633.37,2531.97,101.4,3.9,1.6,0,TRUE,2.3,95.1,88.6,labour_shortage,2022-23,2827,855.9,2531.97
17-02-2023,Balaghat,Madhya Pradesh,2633.37,2638.61,-5.24,-0.2,5.8,0,FALSE,0,95.6,94.3,none,2022-23,2827,855.9,2638.61
18-02-2023,Balaghat,Madhya Pradesh,2633.37,2327.07,306.3,11.6,7,6.4,FALSE,0,98,98.4,equipment_failure,2022-23,2827,855.9,2327.07
19-02-2023,Balaghat,Madhya Pradesh,2633.37,2629.5,3.87,0.1,2,0,FALSE,0,98.3,98.8,none,2022-23,2827,855.9,2629.5
20-02-2023,Balaghat,Madhya Pradesh,2633.37,2640.61,-7.24,-0.3,3.3,0,FALSE,0,96,93.8,none,2022-23,2827,855.9,2640.61
21-02-2023,Balaghat,Madhya Pradesh,2633.37,2629.22,4.15,0.2,3.2,0,FALSE,0,96.6,91,labour_shortage,2022-23,2827,855.9,2629.22
22-02-2023,Balaghat,Madhya Pradesh,2633.37,2588.99,44.38,1.7,4.8,0,FALSE,0,92.3,97,transport_issue,2022-23,2827,855.9,2588.99
23-02-2023,Balaghat,Madhya Pradesh,2633.37,2576.35,57.02,2.2,2.2,0,FALSE,0,85.3,91,transport_issue,2022-23,2827,855.9,2576.35
24-02-2023,Balaghat,Madhya Pradesh,2633.37,2592.73,40.64,1.5,6.9,0,FALSE,0,95.7,93.5,labour_shortage,2022-23,2827,855.9,2592.73
25-02-2023,Balaghat,Madhya Pradesh,2633.37,2581.37,52,2,3.7,0,FALSE,0,99.3,91.5,labour_shortage,2022-23,2827,855.9,2581.37
26-02-2023,Balaghat,Madhya Pradesh,2633.37,2545.99,87.38,3.3,2.1,0,FALSE,0,81.8,95.6,transport_issue,2022-23,2827,855.9,2545.99
27-02-2023,Balaghat,Madhya Pradesh,2633.37,2519.57,113.8,4.3,4.8,0,FALSE,0,90.2,92.9,transport_issue,2022-23,2827,855.9,2519.57
28-02-2023,Balaghat,Madhya Pradesh,2633.37,2602.94,30.43,1.2,4.3,0,FALSE,0,91.7,94.1,transport_issue,2022-23,2827,855.9,2602.94
01-03-2023,Balaghat,Madhya Pradesh,2633.37,2532.25,101.12,3.8,1.5,0,FALSE,0,87,92.3,transport_issue,2022-23,2827,855.9,2532.25
02-03-2023,Balaghat,Madhya Pradesh,2633.37,2289.54,343.83,13.1,1.5,2.5,TRUE,5.8,86,92.8,transport_issue,2022-23,2827,855.9,2289.54
03-03-2023,Balaghat,Madhya Pradesh,2633.37,2449.89,183.48,7,2.7,0,TRUE,5.8,96.9,90.4,blasting_delay,2022-23,2827,855.9,2449.89
04-03-2023,Balaghat,Madhya Pradesh,2633.37,2611,22.37,0.8,0.7,0,FALSE,0,97.6,94.1,labour_shortage,2022-23,2827,855.9,2611
05-03-2023,Balaghat,Madhya Pradesh,2633.37,2495.19,138.18,5.2,4.1,0,TRUE,3.9,90,88.5,labour_shortage,2022-23,2827,855.9,2495.19
06-03-2023,Balaghat,Madhya Pradesh,2633.37,2497.97,135.4,5.1,7.2,0,FALSE,0,90,94.9,transport_issue,2022-23,2827,855.9,2497.97
07-03-2023,Balaghat,Madhya Pradesh,2633.37,2515.73,117.64,4.5,2.9,3.6,FALSE,0,100,100,equipment_failure,2022-23,2827,855.9,2515.73
08-03-2023,Balaghat,Madhya Pradesh,2633.37,2491.38,141.99,5.4,5.9,0,FALSE,0,86.2,92.2,transport_issue,2022-23,2827,855.9,2491.38
09-03-2023,Balaghat,Madhya Pradesh,2633.37,2626.2,7.17,0.3,1.6,0,FALSE,0,88.5,96,transport_issue,2022-23,2827,855.9,2626.2
10-03-2023,Balaghat,Madhya Pradesh,2633.37,2479.82,153.55,5.8,4.5,3.2,FALSE,0,94.7,98.5,equipment_failure,2022-23,2827,855.9,2479.82
11-03-2023,Balaghat,Madhya Pradesh,2633.37,2501.8,131.57,5,6.2,0,FALSE,0,81.7,96.1,transport_issue,2022-23,2827,855.9,2501.8
12-03-2023,Balaghat,Madhya Pradesh,2633.37,2575.8,57.57,2.2,4.2,0,FALSE,0,96.3,92.6,labour_shortage,2022-23,2827,855.9,2575.8
13-03-2023,Balaghat,Madhya Pradesh,2633.37,2266.17,367.2,13.9,10,6.9,FALSE,0,89.7,94.8,equipment_failure,2022-23,2827,855.9,2266.17
14-03-2023,Balaghat,Madhya Pradesh,2633.37,2251.34,382.03,14.5,1.8,6.6,FALSE,0,92,90,equipment_failure,2022-23,2827,855.9,2251.34
15-03-2023,Balaghat,Madhya Pradesh,2633.37,2607.02,26.35,1,5.9,0,FALSE,0,92.8,95.7,transport_issue,2022-23,2827,855.9,2607.02
16-03-2023,Balaghat,Madhya Pradesh,2633.37,2580.68,52.69,2,2.5,0,FALSE,0,88.3,89.6,transport_issue,2022-23,2827,855.9,2580.68
17-03-2023,Balaghat,Madhya Pradesh,2633.37,2514.59,118.78,4.5,1,0,FALSE,0,85.1,89.5,transport_issue,2022-23,2827,855.9,2514.59
18-03-2023,Balaghat,Madhya Pradesh,2633.37,2614.23,19.14,0.7,2.8,0,FALSE,0,86.9,98.7,transport_issue,2022-23,2827,855.9,2614.23
19-03-2023,Balaghat,Madhya Pradesh,2633.37,2578.38,54.99,2.1,4.7,0,FALSE,0,86.1,97.1,transport_issue,2022-23,2827,855.9,2578.38
20-03-2023,Balaghat,Madhya Pradesh,2633.37,2478.95,154.42,5.9,2.4,0,FALSE,0,90.2,90,labour_shortage,2022-23,2827,855.9,2478.95
21-03-2023,Balaghat,Madhya Pradesh,2633.37,2499.95,133.42,5.1,3.5,0,FALSE,0,87.3,93.8,transport_issue,2022-23,2827,855.9,2499.95
22-03-2023,Balaghat,Madhya Pradesh,2633.37,2588.16,45.21,1.7,14.3,0,FALSE,0,94.6,99.1,transport_issue,2022-23,2827,855.9,2588.16
23-03-2023,Balaghat,Madhya Pradesh,2633.37,2537.53,95.84,3.6,12.2,0,FALSE,0,92,89.8,labour_shortage,2022-23,2827,855.9,2537.53
24-03-2023,Balaghat,Madhya Pradesh,2633.37,2616.35,17.02,0.6,4.3,0,FALSE,0,97.5,91.4,labour_shortage,2022-23,2827,855.9,2616.35
25-03-2023,Balaghat,Madhya Pradesh,2633.37,2418.73,214.64,8.2,2.4,0,FALSE,0,75.9,96,transport_issue,2022-23,2827,855.9,2418.73
26-03-2023,Balaghat,Madhya Pradesh,2633.37,2476.68,156.69,6,15.7,0,TRUE,4.6,85.3,100,transport_issue,2022-23,2827,855.9,2476.68
27-03-2023,Balaghat,Madhya Pradesh,2633.37,2580.4,52.97,2,3.7,0,FALSE,0,84.1,94.2,transport_issue,2022-23,2827,855.9,2580.4
28-03-2023,Balaghat,Madhya Pradesh,2633.37,2605.98,27.39,1,3.1,0,FALSE,0,98.1,93.9,labour_shortage,2022-23,2827,855.9,2605.98
29-03-2023,Balaghat,Madhya Pradesh,2633.37,2577.02,56.35,2.1,6.4,0,TRUE,2.9,90.2,100,transport_issue,2022-23,2827,855.9,2577.02
30-03-2023,Balaghat,Madhya Pradesh,2633.37,2557.84,75.53,2.9,0.5,0,TRUE,2.8,95.7,100,blasting_delay,2022-23,2827,855.9,2557.84
31-03-2023,Balaghat,Madhya Pradesh,2633.37,2611.88,21.49,0.8,2.7,0,FALSE,0,90.8,95,transport_issue,2022-23,2827,855.9,2611.88
01-04-2022,Gumgaon,Maharashtra,1394.14,1391.47,2.67,0.2,4.1,0,FALSE,0,100,98,none,2022-23,2827,751.1,1391.47
02-04-2022,Gumgaon,Maharashtra,1394.14,1381.57,12.57,0.9,5.2,0,FALSE,0,89.3,93.1,transport_issue,2022-23,2827,751.1,1381.57
03-04-2022,Gumgaon,Maharashtra,1394.14,1347.13,47.01,3.4,4.3,0,FALSE,0,93.3,100,transport_issue,2022-23,2827,751.1,1347.13
04-04-2022,Gumgaon,Maharashtra,1394.14,1313.72,80.42,5.8,7.1,0,FALSE,0,85.5,91.9,transport_issue,2022-23,2827,751.1,1313.72
05-04-2022,Gumgaon,Maharashtra,1394.14,1381.52,12.62,0.9,6,0,FALSE,0,91.1,99.6,transport_issue,2022-23,2827,751.1,1381.52
06-04-2022,Gumgaon,Maharashtra,1394.14,1354.46,39.68,2.8,2.4,0,FALSE,0,93,97.2,transport_issue,2022-23,2827,751.1,1354.46
07-04-2022,Gumgaon,Maharashtra,1394.14,1382.6,11.54,0.8,1.6,0,FALSE,0,88.3,99.2,transport_issue,2022-23,2827,751.1,1382.6
08-04-2022,Gumgaon,Maharashtra,1394.14,1290.72,103.42,7.4,4.9,0,FALSE,0,85.9,87.1,transport_issue,2022-23,2827,751.1,1290.72
09-04-2022,Gumgaon,Maharashtra,1394.14,1416.15,-22.01,-1.6,2.5,0,FALSE,0,94.9,97.7,none,2022-23,2827,751.1,1416.15
10-04-2022,Gumgaon,Maharashtra,1394.14,1408.79,-14.65,-1.1,2.6,0,FALSE,0,96.5,97.4,none,2022-23,2827,751.1,1408.79
11-04-2022,Gumgaon,Maharashtra,1394.14,1350.18,43.96,3.2,3.1,0,FALSE,0,89,87.8,labour_shortage,2022-23,2827,751.1,1350.18
12-04-2022,Gumgaon,Maharashtra,1394.14,1382.21,11.93,0.9,5.3,0,FALSE,0,94.3,99.4,transport_issue,2022-23,2827,751.1,1382.21
13-04-2022,Gumgaon,Maharashtra,1394.14,1368.21,25.93,1.9,6.5,0,FALSE,0,94,100,transport_issue,2022-23,2827,751.1,1368.21
14-04-2022,Gumgaon,Maharashtra,1394.14,1326.6,67.54,4.8,2.2,0,FALSE,0,94.2,86.6,labour_shortage,2022-23,2827,751.1,1326.6
15-04-2022,Gumgaon,Maharashtra,1394.14,1370.01,24.13,1.7,7.1,0,FALSE,0,95.3,99.8,transport_issue,2022-23,2827,751.1,1370.01
16-04-2022,Gumgaon,Maharashtra,1394.14,1370.03,24.11,1.7,7.4,0,FALSE,0,98.1,100,none,2022-23,2827,751.1,1370.03
17-04-2022,Gumgaon,Maharashtra,1394.14,1325.45,68.69,4.9,4.5,0,FALSE,0,85.9,98.8,transport_issue,2022-23,2827,751.1,1325.45
18-04-2022,Gumgaon,Maharashtra,1394.14,1410.14,-16,-1.1,4.7,0,FALSE,0,94.5,96.9,none,2022-23,2827,751.1,1410.14
19-04-2022,Gumgaon,Maharashtra,1394.14,1392.66,1.48,0.1,1.4,0,FALSE,0,100,95.6,labour_shortage,2022-23,2827,751.1,1392.66
20-04-2022,Gumgaon,Maharashtra,1394.14,1389.34,4.8,0.3,5.7,0,FALSE,0,93.2,92,labour_shortage,2022-23,2827,751.1,1389.34
21-04-2022,Gumgaon,Maharashtra,1394.14,1356.47,37.67,2.7,4.3,3.2,FALSE,0,96.8,98.6,equipment_failure,2022-23,2827,751.1,1356.47
22-04-2022,Gumgaon,Maharashtra,1394.14,1226.52,167.62,12,2,7.8,FALSE,0,88.9,94.2,equipment_failure,2022-23,2827,751.1,1226.52
23-04-2022,Gumgaon,Maharashtra,1394.14,1316.03,78.11,5.6,4.3,0,TRUE,2.1,93.9,94.3,transport_issue,2022-23,2827,751.1,1316.03
24-04-2022,Gumgaon,Maharashtra,1394.14,1352.81,41.33,3,0.7,0,FALSE,0,81.8,93.1,transport_issue,2022-23,2827,751.1,1352.81
25-04-2022,Gumgaon,Maharashtra,1394.14,1316.85,77.29,5.5,1.1,0,FALSE,0,85.7,93.2,transport_issue,2022-23,2827,751.1,1316.85
26-04-2022,Gumgaon,Maharashtra,1394.14,1333.08,61.06,4.4,3.8,0,FALSE,0,80.5,94.4,transport_issue,2022-23,2827,751.1,1333.08
27-04-2022,Gumgaon,Maharashtra,1394.14,1331.39,62.75,4.5,2.5,0,FALSE,0,93.8,94.6,transport_issue,2022-23,2827,751.1,1331.39
28-04-2022,Gumgaon,Maharashtra,1394.14,1341.93,52.21,3.7,0.5,0,TRUE,3.1,100,93.7,labour_shortage,2022-23,2827,751.1,1341.93
29-04-2022,Gumgaon,Maharashtra,1394.14,1362,32.14,2.3,7.2,0,FALSE,0,96.1,90.3,labour_shortage,2022-23,2827,751.1,1362
30-04-2022,Gumgaon,Maharashtra,1394.14,1366.54,27.6,2,2.2,0,FALSE,0,97.7,93.5,labour_shortage,2022-23,2827,751.1,1366.54
01-05-2022,Gumgaon,Maharashtra,1394.14,1337.04,57.1,4.1,2.2,0,FALSE,0,80.2,96,transport_issue,2022-23,2827,751.1,1337.04
02-05-2022,Gumgaon,Maharashtra,1394.14,1344.34,49.8,3.6,1,0,FALSE,0,100,90.3,labour_shortage,2022-23,2827,751.1,1344.34
03-05-2022,Gumgaon,Maharashtra,1394.14,1408.03,-13.89,-1,1,0,FALSE,0,93.7,96.5,none,2022-23,2827,751.1,1408.03
04-05-2022,Gumgaon,Maharashtra,1394.14,1352.03,42.11,3,2.9,0,FALSE,0,87.7,94.1,transport_issue,2022-23,2827,751.1,1352.03
05-05-2022,Gumgaon,Maharashtra,1394.14,1346.79,47.35,3.4,4.5,0,FALSE,0,94.8,93.6,labour_shortage,2022-23,2827,751.1,1346.79
06-05-2022,Gumgaon,Maharashtra,1394.14,1220.19,173.95,12.5,4.9,5.8,FALSE,0,91.1,90.3,equipment_failure,2022-23,2827,751.1,1220.19
07-05-2022,Gumgaon,Maharashtra,1394.14,1346.02,48.12,3.5,3.3,0,FALSE,0,86.5,96.2,transport_issue,2022-23,2827,751.1,1346.02
08-05-2022,Gumgaon,Maharashtra,1394.14,1413.08,-18.94,-1.4,2.9,0,FALSE,0,100,89.4,none,2022-23,2827,751.1,1413.08
09-05-2022,Gumgaon,Maharashtra,1394.14,1394.43,-0.29,0,2.2,0,FALSE,0,100,95.6,none,2022-23,2827,751.1,1394.43
10-05-2022,Gumgaon,Maharashtra,1394.14,1341.91,52.23,3.7,4.8,0,FALSE,0,100,93.9,labour_shortage,2022-23,2827,751.1,1341.91
11-05-2022,Gumgaon,Maharashtra,1394.14,1340.23,53.91,3.9,4.1,0,FALSE,0,93.5,91.4,labour_shortage,2022-23,2827,751.1,1340.23
12-05-2022,Gumgaon,Maharashtra,1394.14,1350.58,43.56,3.1,2.4,0,FALSE,0,85.2,92.1,transport_issue,2022-23,2827,751.1,1350.58
13-05-2022,Gumgaon,Maharashtra,1394.14,1241.87,152.27,10.9,5.7,2.4,TRUE,5.1,100,95.6,blasting_delay,2022-23,2827,751.1,1241.87
14-05-2022,Gumgaon,Maharashtra,1394.14,1355.75,38.39,2.8,2.9,0,FALSE,0,91.6,100,transport_issue,2022-23,2827,751.1,1355.75
15-05-2022,Gumgaon,Maharashtra,1394.14,1293.31,100.83,7.2,6.6,6.4,FALSE,0,97.3,100,equipment_failure,2022-23,2827,751.1,1293.31
16-05-2022,Gumgaon,Maharashtra,1394.14,1370.41,23.73,1.7,1.2,0,FALSE,0,84.3,93.1,transport_issue,2022-23,2827,751.1,1370.41
17-05-2022,Gumgaon,Maharashtra,1394.14,1317.45,76.69,5.5,1.2,0,FALSE,0,92.5,83,labour_shortage,2022-23,2827,751.1,1317.45
18-05-2022,Gumgaon,Maharashtra,1394.14,1323.62,70.52,5.1,12.1,0,FALSE,0,89.8,97.3,transport_issue,2022-23,2827,751.1,1323.62
19-05-2022,Gumgaon,Maharashtra,1394.14,1407.62,-13.48,-1,5.5,0,FALSE,0,97.6,94.1,none,2022-23,2827,751.1,1407.62
20-05-2022,Gumgaon,Maharashtra,1394.14,1391.41,2.73,0.2,2.7,0,FALSE,0,95.6,91.7,labour_shortage,2022-23,2827,751.1,1391.41
21-05-2022,Gumgaon,Maharashtra,1394.14,1336.47,57.67,4.1,0.5,0,FALSE,0,80.5,94.7,transport_issue,2022-23,2827,751.1,1336.47
22-05-2022,Gumgaon,Maharashtra,1394.14,1399.85,-5.71,-0.4,1.1,0,FALSE,0,90.6,98.4,none,2022-23,2827,751.1,1399.85
23-05-2022,Gumgaon,Maharashtra,1394.14,1286.75,107.39,7.7,7.7,0,FALSE,0,82.1,91.2,transport_issue,2022-23,2827,751.1,1286.75
24-05-2022,Gumgaon,Maharashtra,1394.14,1390.74,3.4,0.2,4.7,0,FALSE,0,95,95.6,transport_issue,2022-23,2827,751.1,1390.74
25-05-2022,Gumgaon,Maharashtra,1394.14,1338.74,55.4,4,1.9,0,FALSE,0,93.5,90,labour_shortage,2022-23,2827,751.1,1338.74
26-05-2022,Gumgaon,Maharashtra,1394.14,1365.47,28.67,2.1,3.2,0,FALSE,0,94.7,88.9,labour_shortage,2022-23,2827,751.1,1365.47
27-05-2022,Gumgaon,Maharashtra,1394.14,1358,36.14,2.6,2.8,0,FALSE,0,91.4,100,transport_issue,2022-23,2827,751.1,1358
28-05-2022,Gumgaon,Maharashtra,1394.14,1340.22,53.92,3.9,7.3,0,FALSE,0,88.9,99.9,transport_issue,2022-23,2827,751.1,1340.22
29-05-2022,Gumgaon,Maharashtra,1394.14,1361.28,32.86,2.4,3.2,0,FALSE,0,80.8,93.4,transport_issue,2022-23,2827,751.1,1361.28
30-05-2022,Gumgaon,Maharashtra,1394.14,1390.19,3.95,0.3,4.3,0,FALSE,0,100,95.6,labour_shortage,2022-23,2827,751.1,1390.19
31-05-2022,Gumgaon,Maharashtra,1394.14,1386.22,7.92,0.6,3.5,0,FALSE,0,95.7,95.6,labour_shortage,2022-23,2827,751.1,1386.22
01-06-2022,Gumgaon,Maharashtra,1394.14,1290.66,103.48,7.4,21,0,FALSE,0,78.2,88.8,transport_issue,2022-23,2827,751.1,1290.66
02-06-2022,Gumgaon,Maharashtra,1394.14,1277.18,116.96,8.4,62.4,0,FALSE,0,78.7,95.8,heavy_rainfall,2022-23,2827,751.1,1277.18
03-06-2022,Gumgaon,Maharashtra,1394.14,1307.51,86.63,6.2,18.4,0,FALSE,0,79.9,95.6,transport_issue,2022-23,2827,751.1,1307.51
04-06-2022,Gumgaon,Maharashtra,1394.14,1327.72,66.42,4.8,50.4,0,FALSE,0,83.4,97.8,heavy_rainfall,2022-23,2827,751.1,1327.72
05-06-2022,Gumgaon,Maharashtra,1394.14,1302.69,91.45,6.6,65.4,0,FALSE,0,78.6,93.8,heavy_rainfall,2022-23,2827,751.1,1302.69
06-06-2022,Gumgaon,Maharashtra,1394.14,1359.61,34.53,2.5,30.7,0,FALSE,0,80.9,96.2,transport_issue,2022-23,2827,751.1,1359.61
07-06-2022,Gumgaon,Maharashtra,1394.14,1176.71,217.43,15.6,103.7,0,TRUE,2.4,66,94.6,heavy_rainfall,2022-23,2827,751.1,1176.71
08-06-2022,Gumgaon,Maharashtra,1394.14,1328.12,66.02,4.7,34,0,FALSE,0,90.1,93.1,transport_issue,2022-23,2827,751.1,1328.12
09-06-2022,Gumgaon,Maharashtra,1394.14,1272.37,121.77,8.7,72.5,0,FALSE,0,88.4,89.8,heavy_rainfall,2022-23,2827,751.1,1272.37
10-06-2022,Gumgaon,Maharashtra,1394.14,1376.86,17.28,1.2,37.8,0,FALSE,0,91,93.1,heavy_rainfall,2022-23,2827,751.1,1376.86
11-06-2022,Gumgaon,Maharashtra,1394.14,1279.17,114.97,8.2,21.4,0,FALSE,0,77.5,93.1,transport_issue,2022-23,2827,751.1,1279.17
12-06-2022,Gumgaon,Maharashtra,1394.14,1234.03,160.11,11.5,14.9,3.4,FALSE,0,81.2,98,transport_issue,2022-23,2827,751.1,1234.03
13-06-2022,Gumgaon,Maharashtra,1394.14,1259.53,134.61,9.7,26.7,0,TRUE,4.9,78.9,94.6,transport_issue,2022-23,2827,751.1,1259.53
14-06-2022,Gumgaon,Maharashtra,1394.14,1254.45,139.69,10,24.3,3.7,FALSE,0,84.8,93.9,transport_issue,2022-23,2827,751.1,1254.45
15-06-2022,Gumgaon,Maharashtra,1394.14,1374.58,19.56,1.4,14.7,0,FALSE,0,82.4,97.5,transport_issue,2022-23,2827,751.1,1374.58
16-06-2022,Gumgaon,Maharashtra,1394.14,1268.99,125.15,9,15.8,0,FALSE,0,64.6,93.5,transport_issue,2022-23,2827,751.1,1268.99
17-06-2022,Gumgaon,Maharashtra,1394.14,1261.56,132.58,9.5,40.4,0,FALSE,0,67.8,94.3,transport_issue,2022-23,2827,751.1,1261.56
18-06-2022,Gumgaon,Maharashtra,1394.14,1310.55,83.59,6,21.9,0,TRUE,1.2,91.4,91.6,transport_issue,2022-23,2827,751.1,1310.55
19-06-2022,Gumgaon,Maharashtra,1394.14,1308.83,85.31,6.1,7.2,3.4,FALSE,0,86.7,98,transport_issue,2022-23,2827,751.1,1308.83
20-06-2022,Gumgaon,Maharashtra,1394.14,1344.57,49.57,3.6,8.7,0,FALSE,0,77.3,100,transport_issue,2022-23,2827,751.1,1344.57
21-06-2022,Gumgaon,Maharashtra,1394.14,1341.34,52.8,3.8,18.4,0,FALSE,0,80.8,97.4,transport_issue,2022-23,2827,751.1,1341.34
22-06-2022,Gumgaon,Maharashtra,1394.14,1249.87,144.27,10.3,53.4,0,FALSE,0,72.8,87.5,heavy_rainfall,2022-23,2827,751.1,1249.87
23-06-2022,Gumgaon,Maharashtra,1394.14,1176.57,217.57,15.6,54.4,6.9,FALSE,0,83.3,91.2,heavy_rainfall,2022-23,2827,751.1,1176.57
24-06-2022,Gumgaon,Maharashtra,1394.14,1281.75,112.39,8.1,14,2.8,FALSE,0,87.4,96.8,transport_issue,2022-23,2827,751.1,1281.75
25-06-2022,Gumgaon,Maharashtra,1394.14,1326.19,67.95,4.9,46.8,0,FALSE,0,92.1,98.7,heavy_rainfall,2022-23,2827,751.1,1326.19
26-06-2022,Gumgaon,Maharashtra,1394.14,1357.86,36.28,2.6,12.9,0,FALSE,0,83.7,91,transport_issue,2022-23,2827,751.1,1357.86
27-06-2022,Gumgaon,Maharashtra,1394.14,1272.49,121.65,8.7,19.9,0,TRUE,1.4,69.3,90.7,transport_issue,2022-23,2827,751.1,1272.49
28-06-2022,Gumgaon,Maharashtra,1394.14,1304.23,89.91,6.4,83.3,0,FALSE,0,91.7,100,heavy_rainfall,2022-23,2827,751.1,1304.23
29-06-2022,Gumgaon,Maharashtra,1394.14,1369.18,24.96,1.8,4.6,0,FALSE,0,88.4,95.9,transport_issue,2022-23,2827,751.1,1369.18
30-06-2022,Gumgaon,Maharashtra,1394.14,1314.53,79.61,5.7,39.5,2,FALSE,0,88.3,97.6,transport_issue,2022-23,2827,751.1,1314.53
01-07-2022,Gumgaon,Maharashtra,1394.14,1342.29,51.85,3.7,8.8,0,FALSE,0,86,100,transport_issue,2022-23,2827,751.1,1342.29
02-07-2022,Gumgaon,Maharashtra,1394.14,1288.65,105.49,7.6,13,0,FALSE,0,83.7,89.8,transport_issue,2022-23,2827,751.1,1288.65
03-07-2022,Gumgaon,Maharashtra,1394.14,1323.2,70.94,5.1,13,0,FALSE,0,76.8,95.1,transport_issue,2022-23,2827,751.1,1323.2
04-07-2022,Gumgaon,Maharashtra,1394.14,1266.78,127.36,9.1,63.7,0,FALSE,0,72.5,94.9,heavy_rainfall,2022-23,2827,751.1,1266.78
05-07-2022,Gumgaon,Maharashtra,1394.14,1177.05,217.09,15.6,30.7,6.9,FALSE,0,77.1,88.5,transport_issue,2022-23,2827,751.1,1177.05
06-07-2022,Gumgaon,Maharashtra,1394.14,1382.44,11.7,0.8,8.7,0,FALSE,0,88.8,99.4,transport_issue,2022-23,2827,751.1,1382.44
07-07-2022,Gumgaon,Maharashtra,1394.14,1293.06,101.08,7.3,51.7,0,FALSE,0,79.2,88,heavy_rainfall,2022-23,2827,751.1,1293.06
08-07-2022,Gumgaon,Maharashtra,1394.14,1200.91,193.23,13.9,18.6,4.9,FALSE,0,84.5,91.6,transport_issue,2022-23,2827,751.1,1200.91
09-07-2022,Gumgaon,Maharashtra,1394.14,1318.64,75.5,5.4,26.7,0,FALSE,0,88.6,96.9,transport_issue,2022-23,2827,751.1,1318.64
10-07-2022,Gumgaon,Maharashtra,1394.14,1283.4,110.74,7.9,85.9,0,FALSE,0,81.9,96.4,heavy_rainfall,2022-23,2827,751.1,1283.4
11-07-2022,Gumgaon,Maharashtra,1394.14,1304.69,89.45,6.4,59.1,0,FALSE,0,85,100,heavy_rainfall,2022-23,2827,751.1,1304.69
12-07-2022,Gumgaon,Maharashtra,1394.14,1337.66,56.48,4.1,18.4,0,FALSE,0,81.1,100,transport_issue,2022-23,2827,751.1,1337.66
13-07-2022,Gumgaon,Maharashtra,1394.14,1246.32,147.82,10.6,15.4,2.7,FALSE,0,81.5,96.4,transport_issue,2022-23,2827,751.1,1246.32
14-07-2022,Gumgaon,Maharashtra,1394.14,1258.48,135.66,9.7,26.6,0,FALSE,0,69.2,90.4,transport_issue,2022-23,2827,751.1,1258.48
15-07-2022,Gumgaon,Maharashtra,1394.14,1324.52,69.62,5,4.5,0,FALSE,0,94,91.9,labour_shortage,2022-23,2827,751.1,1324.52
16-07-2022,Gumgaon,Maharashtra,1394.14,1287.6,106.54,7.6,33.6,0,FALSE,0,82.8,88.3,transport_issue,2022-23,2827,751.1,1287.6
17-07-2022,Gumgaon,Maharashtra,1394.14,1336.74,57.4,4.1,10,0,FALSE,0,82.5,92.3,transport_issue,2022-23,2827,751.1,1336.74
18-07-2022,Gumgaon,Maharashtra,1394.14,1277.97,116.17,8.3,29.3,0,TRUE,3.8,88.2,94.2,transport_issue,2022-23,2827,751.1,1277.97
19-07-2022,Gumgaon,Maharashtra,1394.14,1361.15,32.99,2.4,44,0,FALSE,0,85,100,heavy_rainfall,2022-23,2827,751.1,1361.15
20-07-2022,Gumgaon,Maharashtra,1394.14,1287.74,106.4,7.6,24.1,0,FALSE,0,77,97.2,transport_issue,2022-23,2827,751.1,1287.74
21-07-2022,Gumgaon,Maharashtra,1394.14,1365.13,29.01,2.1,12.3,0,FALSE,0,80.7,100,transport_issue,2022-23,2827,751.1,1365.13
22-07-2022,Gumgaon,Maharashtra,1394.14,1381.28,12.86,0.9,15.2,0,FALSE,0,87.1,95.5,transport_issue,2022-23,2827,751.1,1381.28
23-07-2022,Gumgaon,Maharashtra,1394.14,1263.75,130.39,9.4,15.2,0,TRUE,5.1,84,99.8,transport_issue,2022-23,2827,751.1,1263.75
24-07-2022,Gumgaon,Maharashtra,1394.14,1364.13,30.01,2.2,30.2,0,FALSE,0,90.3,97.1,transport_issue,2022-23,2827,751.1,1364.13
25-07-2022,Gumgaon,Maharashtra,1394.14,1363.47,30.67,2.2,23.2,0,FALSE,0,90.4,97.2,transport_issue,2022-23,2827,751.1,1363.47
26-07-2022,Gumgaon,Maharashtra,1394.14,1261.69,132.45,9.5,41,0,FALSE,0,75.2,93.1,transport_issue,2022-23,2827,751.1,1261.69
27-07-2022,Gumgaon,Maharashtra,1394.14,1332.22,61.92,4.4,7.7,0,FALSE,0,80.8,95.8,transport_issue,2022-23,2827,751.1,1332.22
28-07-2022,Gumgaon,Maharashtra,1394.14,1262.92,131.22,9.4,74.3,0,TRUE,1.5,93.4,100,heavy_rainfall,2022-23,2827,751.1,1262.92
29-07-2022,Gumgaon,Maharashtra,1394.14,1259.6,134.54,9.7,38.4,0,TRUE,1.8,72.2,95.5,transport_issue,2022-23,2827,751.1,1259.6
30-07-2022,Gumgaon,Maharashtra,1394.14,1265.32,128.82,9.2,49.1,0,FALSE,0,69.4,93.8,transport_issue,2022-23,2827,751.1,1265.32
31-07-2022,Gumgaon,Maharashtra,1394.14,1357.96,36.18,2.6,0.9,0,FALSE,0,82.7,97,transport_issue,2022-23,2827,751.1,1357.96
01-08-2022,Gumgaon,Maharashtra,1394.14,1309.08,85.06,6.1,11,0,FALSE,0,72.4,97,transport_issue,2022-23,2827,751.1,1309.08
02-08-2022,Gumgaon,Maharashtra,1394.14,1296.07,98.07,7,84.3,0,FALSE,0,85,93.6,heavy_rainfall,2022-23,2827,751.1,1296.07
03-08-2022,Gumgaon,Maharashtra,1394.14,1173.13,221.01,15.9,16.5,6.8,FALSE,0,73.8,92.8,transport_issue,2022-23,2827,751.1,1173.13
04-08-2022,Gumgaon,Maharashtra,1394.14,1207.7,186.44,13.4,70.5,0,TRUE,4.5,80.5,90.7,heavy_rainfall,2022-23,2827,751.1,1207.7
05-08-2022,Gumgaon,Maharashtra,1394.14,1292.25,101.89,7.3,36.1,0,FALSE,0,67,92.7,transport_issue,2022-23,2827,751.1,1292.25
06-08-2022,Gumgaon,Maharashtra,1394.14,1313.72,80.42,5.8,8.5,0,FALSE,0,74.9,96.1,transport_issue,2022-23,2827,751.1,1313.72
07-08-2022,Gumgaon,Maharashtra,1394.14,1267.34,126.8,9.1,91.5,0,FALSE,0,91.6,96.3,heavy_rainfall,2022-23,2827,751.1,1267.34
08-08-2022,Gumgaon,Maharashtra,1394.14,1267.25,126.89,9.1,64.9,0,FALSE,0,80.4,100,heavy_rainfall,2022-23,2827,751.1,1267.25
09-08-2022,Gumgaon,Maharashtra,1394.14,1228.62,165.52,11.9,16.1,0,TRUE,3.5,72.6,99,transport_issue,2022-23,2827,751.1,1228.62
10-08-2022,Gumgaon,Maharashtra,1394.14,1253.62,140.52,10.1,11.2,4.8,FALSE,0,87.1,100,transport_issue,2022-23,2827,751.1,1253.62
11-08-2022,Gumgaon,Maharashtra,1394.14,1337.46,56.68,4.1,48.5,0,FALSE,0,82.3,95.9,heavy_rainfall,2022-23,2827,751.1,1337.46
12-08-2022,Gumgaon,Maharashtra,1394.14,1272.67,121.47,8.7,46.9,0,FALSE,0,78.6,91.8,transport_issue,2022-23,2827,751.1,1272.67
13-08-2022,Gumgaon,Maharashtra,1394.14,1293.66,100.48,7.2,12.3,0,FALSE,0,75.6,95.3,transport_issue,2022-23,2827,751.1,1293.66
14-08-2022,Gumgaon,Maharashtra,1394.14,1329.06,65.08,4.7,7.4,0,TRUE,4.2,88.4,97.4,transport_issue,2022-23,2827,751.1,1329.06
15-08-2022,Gumgaon,Maharashtra,1394.14,1318.98,75.16,5.4,23,0,FALSE,0,88,97.6,transport_issue,2022-23,2827,751.1,1318.98
16-08-2022,Gumgaon,Maharashtra,1394.14,1289.42,104.72,7.5,18.6,3.3,FALSE,0,82,99.6,transport_issue,2022-23,2827,751.1,1289.42
17-08-2022,Gumgaon,Maharashtra,1394.14,1337.72,56.42,4,43.4,0,FALSE,0,77.3,95.1,transport_issue,2022-23,2827,751.1,1337.72
18-08-2022,Gumgaon,Maharashtra,1394.14,1305.8,88.34,6.3,27.2,0,FALSE,0,81.4,96.7,transport_issue,2022-23,2827,751.1,1305.8
19-08-2022,Gumgaon,Maharashtra,1394.14,1345.81,48.33,3.5,56,0,FALSE,0,87.4,100,heavy_rainfall,2022-23,2827,751.1,1345.81
20-08-2022,Gumgaon,Maharashtra,1394.14,1325.55,68.59,4.9,10.8,0,FALSE,0,82.7,95.3,transport_issue,2022-23,2827,751.1,1325.55
21-08-2022,Gumgaon,Maharashtra,1394.14,1327.55,66.59,4.8,34.1,0,FALSE,0,83.6,93,transport_issue,2022-23,2827,751.1,1327.55
22-08-2022,Gumgaon,Maharashtra,1394.14,1361.87,32.27,2.3,21.6,0,FALSE,0,79.7,97.9,transport_issue,2022-23,2827,751.1,1361.87
23-08-2022,Gumgaon,Maharashtra,1394.14,1349.7,44.44,3.2,33.8,0,FALSE,0,85.3,95,transport_issue,2022-23,2827,751.1,1349.7
24-08-2022,Gumgaon,Maharashtra,1394.14,1347.18,46.96,3.4,2.5,0,FALSE,0,81.2,96.4,transport_issue,2022-23,2827,751.1,1347.18
25-08-2022,Gumgaon,Maharashtra,1394.14,1351.18,42.96,3.1,42,0,FALSE,0,85.5,99.1,transport_issue,2022-23,2827,751.1,1351.18
26-08-2022,Gumgaon,Maharashtra,1394.14,1276.9,117.24,8.4,46,2.3,FALSE,0,89.2,94.7,heavy_rainfall,2022-23,2827,751.1,1276.9
27-08-2022,Gumgaon,Maharashtra,1394.14,1343.94,50.2,3.6,32.2,0,FALSE,0,80,91.6,transport_issue,2022-23,2827,751.1,1343.94
28-08-2022,Gumgaon,Maharashtra,1394.14,1263.16,130.98,9.4,101,0,FALSE,0,89.3,99.2,heavy_rainfall,2022-23,2827,751.1,1263.16
29-08-2022,Gumgaon,Maharashtra,1394.14,1247.55,146.59,10.5,32.7,0,TRUE,5.8,85.6,99.3,transport_issue,2022-23,2827,751.1,1247.55
30-08-2022,Gumgaon,Maharashtra,1394.14,1151.67,242.47,17.4,65,6.7,FALSE,0,84.5,95.2,heavy_rainfall,2022-23,2827,751.1,1151.67
31-08-2022,Gumgaon,Maharashtra,1394.14,1340.75,53.39,3.8,6.8,0,FALSE,0,74.5,90.4,transport_issue,2022-23,2827,751.1,1340.75
01-09-2022,Gumgaon,Maharashtra,1394.14,1313.23,80.91,5.8,25.5,0,FALSE,0,72.2,87.9,transport_issue,2022-23,2827,751.1,1313.23
02-09-2022,Gumgaon,Maharashtra,1394.14,1304.14,90,6.5,36.2,0,FALSE,0,79.1,95.3,transport_issue,2022-23,2827,751.1,1304.14
03-09-2022,Gumgaon,Maharashtra,1394.14,1067.68,326.46,23.4,72.5,7.5,FALSE,0,73.5,93.4,heavy_rainfall,2022-23,2827,751.1,1067.68
04-09-2022,Gumgaon,Maharashtra,1394.14,1334.88,59.26,4.3,13.6,0,FALSE,0,85.1,91,transport_issue,2022-23,2827,751.1,1334.88
05-09-2022,Gumgaon,Maharashtra,1394.14,1352.01,42.13,3,21.6,0,FALSE,0,81.4,93.2,transport_issue,2022-23,2827,751.1,1352.01
06-09-2022,Gumgaon,Maharashtra,1394.14,1301.56,92.58,6.6,13.8,0,FALSE,0,70.2,96.1,transport_issue,2022-23,2827,751.1,1301.56
07-09-2022,Gumgaon,Maharashtra,1394.14,1321.25,72.89,5.2,24.6,0,FALSE,0,83.7,92.7,transport_issue,2022-23,2827,751.1,1321.25
08-09-2022,Gumgaon,Maharashtra,1394.14,1271.09,123.05,8.8,40.2,0,FALSE,0,78.7,91.9,transport_issue,2022-23,2827,751.1,1271.09
09-09-2022,Gumgaon,Maharashtra,1394.14,1379.1,15.04,1.1,13,0,FALSE,0,87.5,93.8,transport_issue,2022-23,2827,751.1,1379.1
10-09-2022,Gumgaon,Maharashtra,1394.14,1268.28,125.86,9,2.5,3.8,FALSE,0,81.5,91.3,transport_issue,2022-23,2827,751.1,1268.28
11-09-2022,Gumgaon,Maharashtra,1394.14,1261.19,132.95,9.5,16.6,0,TRUE,5.5,84.9,93.1,transport_issue,2022-23,2827,751.1,1261.19
12-09-2022,Gumgaon,Maharashtra,1394.14,1297.9,96.24,6.9,38.2,0,FALSE,0,79.5,94.3,transport_issue,2022-23,2827,751.1,1297.9
13-09-2022,Gumgaon,Maharashtra,1394.14,1307.78,86.36,6.2,29.3,0,FALSE,0,84.9,91.5,transport_issue,2022-23,2827,751.1,1307.78
14-09-2022,Gumgaon,Maharashtra,1394.14,1283.88,110.26,7.9,25.7,0,FALSE,0,70.2,91.6,transport_issue,2022-23,2827,751.1,1283.88
15-09-2022,Gumgaon,Maharashtra,1394.14,1298.11,96.03,6.9,26.9,0,FALSE,0,81.2,96.6,transport_issue,2022-23,2827,751.1,1298.11
16-09-2022,Gumgaon,Maharashtra,1394.14,1335,59.14,4.2,18.1,0,FALSE,0,74.9,94.8,transport_issue,2022-23,2827,751.1,1335
17-09-2022,Gumgaon,Maharashtra,1394.14,1370.25,23.89,1.7,28.7,0,FALSE,0,83.7,98.4,transport_issue,2022-23,2827,751.1,1370.25
18-09-2022,Gumgaon,Maharashtra,1394.14,1325.56,68.58,4.9,21.3,0,FALSE,0,78.8,100,transport_issue,2022-23,2827,751.1,1325.56
19-09-2022,Gumgaon,Maharashtra,1394.14,1375.85,18.29,1.3,33.1,0,FALSE,0,89.1,100,transport_issue,2022-23,2827,751.1,1375.85
20-09-2022,Gumgaon,Maharashtra,1394.14,1270.6,123.54,8.9,52.6,0,FALSE,0,79.2,100,heavy_rainfall,2022-23,2827,751.1,1270.6
21-09-2022,Gumgaon,Maharashtra,1394.14,1278.8,115.34,8.3,9.1,0,FALSE,0,78.4,89.5,transport_issue,2022-23,2827,751.1,1278.8
22-09-2022,Gumgaon,Maharashtra,1394.14,1199.76,194.38,13.9,17.2,4.9,FALSE,0,77.3,96.9,transport_issue,2022-23,2827,751.1,1199.76
23-09-2022,Gumgaon,Maharashtra,1394.14,1346.95,47.19,3.4,21.1,0,FALSE,0,82.8,99,transport_issue,2022-23,2827,751.1,1346.95
24-09-2022,Gumgaon,Maharashtra,1394.14,1348.48,45.66,3.3,17,0,FALSE,0,79.4,96.5,transport_issue,2022-23,2827,751.1,1348.48
25-09-2022,Gumgaon,Maharashtra,1394.14,1299.7,94.44,6.8,22.5,3.5,FALSE,0,86.5,91.7,transport_issue,2022-23,2827,751.1,1299.7
26-09-2022,Gumgaon,Maharashtra,1394.14,1387.62,6.52,0.5,11.4,0,FALSE,0,91.1,96.6,transport_issue,2022-23,2827,751.1,1387.62
27-09-2022,Gumgaon,Maharashtra,1394.14,1336.05,58.09,4.2,12.5,0,FALSE,0,70.6,100,transport_issue,2022-23,2827,751.1,1336.05
28-09-2022,Gumgaon,Maharashtra,1394.14,1340.09,54.05,3.9,41.4,0,FALSE,0,78.7,100,transport_issue,2022-23,2827,751.1,1340.09
29-09-2022,Gumgaon,Maharashtra,1394.14,1278.8,115.34,8.3,60.5,0,FALSE,0,73.6,99,heavy_rainfall,2022-23,2827,751.1,1278.8
30-09-2022,Gumgaon,Maharashtra,1394.14,1194.12,200.02,14.3,11.9,7.7,FALSE,0,87.7,94.8,equipment_failure,2022-23,2827,751.1,1194.12
01-10-2022,Gumgaon,Maharashtra,1394.14,1370.32,23.82,1.7,1.3,0,TRUE,1.2,97.1,98.8,transport_issue,2022-23,2827,751.1,1370.32
02-10-2022,Gumgaon,Maharashtra,1394.14,1349.39,44.75,3.2,4.7,0,FALSE,0,80.8,98.5,transport_issue,2022-23,2827,751.1,1349.39
03-10-2022,Gumgaon,Maharashtra,1394.14,1374.83,19.31,1.4,2.5,0,FALSE,0,87.4,93.4,transport_issue,2022-23,2827,751.1,1374.83
04-10-2022,Gumgaon,Maharashtra,1394.14,1355.66,38.48,2.8,6.3,0,FALSE,0,84.8,94,transport_issue,2022-23,2827,751.1,1355.66
05-10-2022,Gumgaon,Maharashtra,1394.14,1394.09,0.05,0,12.8,0,FALSE,0,95.4,99.5,transport_issue,2022-23,2827,751.1,1394.09
06-10-2022,Gumgaon,Maharashtra,1394.14,1185.52,208.62,15,3.8,7.6,FALSE,0,88.4,96.5,equipment_failure,2022-23,2827,751.1,1185.52
07-10-2022,Gumgaon,Maharashtra,1394.14,1390.59,3.55,0.3,14.7,0,FALSE,0,99.5,95.3,labour_shortage,2022-23,2827,751.1,1390.59
08-10-2022,Gumgaon,Maharashtra,1394.14,1360.63,33.51,2.4,3.7,0,FALSE,0,100,90.5,labour_shortage,2022-23,2827,751.1,1360.63
09-10-2022,Gumgaon,Maharashtra,1394.14,1338.35,55.79,4,0.9,0,FALSE,0,92.5,92,labour_shortage,2022-23,2827,751.1,1338.35
10-10-2022,Gumgaon,Maharashtra,1394.14,1345.95,48.19,3.5,11.2,0,FALSE,0,79.6,95.1,transport_issue,2022-23,2827,751.1,1345.95
11-10-2022,Gumgaon,Maharashtra,1394.14,1272.33,121.81,8.7,3.3,5.3,FALSE,0,88.7,91.5,transport_issue,2022-23,2827,751.1,1272.33
12-10-2022,Gumgaon,Maharashtra,1394.14,1315.75,78.39,5.6,3.3,0,FALSE,0,87.4,94.5,transport_issue,2022-23,2827,751.1,1315.75
13-10-2022,Gumgaon,Maharashtra,1394.14,1306.29,87.85,6.3,2.2,0,TRUE,3.9,95.8,99.7,blasting_delay,2022-23,2827,751.1,1306.29
14-10-2022,Gumgaon,Maharashtra,1394.14,1322.15,71.99,5.2,2.8,0,FALSE,0,80.9,98.1,transport_issue,2022-23,2827,751.1,1322.15
15-10-2022,Gumgaon,Maharashtra,1394.14,1366.34,27.8,2,2.7,0,FALSE,0,87.1,96.1,transport_issue,2022-23,2827,751.1,1366.34
16-10-2022,Gumgaon,Maharashtra,1394.14,1341.03,53.11,3.8,6.7,0,FALSE,0,87.1,98.8,transport_issue,2022-23,2827,751.1,1341.03
17-10-2022,Gumgaon,Maharashtra,1394.14,1363.68,30.46,2.2,6.1,0,FALSE,0,91.8,95.8,transport_issue,2022-23,2827,751.1,1363.68
18-10-2022,Gumgaon,Maharashtra,1394.14,1365.38,28.76,2.1,7.2,0,FALSE,0,87.6,95.7,transport_issue,2022-23,2827,751.1,1365.38
19-10-2022,Gumgaon,Maharashtra,1394.14,1408.96,-14.82,-1.1,3.7,0,FALSE,0,96.3,96.3,none,2022-23,2827,751.1,1408.96
20-10-2022,Gumgaon,Maharashtra,1394.14,1381.5,12.64,0.9,6,0,FALSE,0,93.1,96.2,transport_issue,2022-23,2827,751.1,1381.5
21-10-2022,Gumgaon,Maharashtra,1394.14,1348.41,45.73,3.3,1.5,0,FALSE,0,88.5,94.6,transport_issue,2022-23,2827,751.1,1348.41
22-10-2022,Gumgaon,Maharashtra,1394.14,1313.22,80.92,5.8,2.7,2.8,FALSE,0,89.6,100,transport_issue,2022-23,2827,751.1,1313.22
23-10-2022,Gumgaon,Maharashtra,1394.14,1337.11,57.03,4.1,8,0,FALSE,0,90.7,99.6,transport_issue,2022-23,2827,751.1,1337.11
24-10-2022,Gumgaon,Maharashtra,1394.14,1350.83,43.31,3.1,2.4,0,FALSE,0,95.4,94.3,labour_shortage,2022-23,2827,751.1,1350.83
25-10-2022,Gumgaon,Maharashtra,1394.14,1188.81,205.33,14.7,7.6,6.8,FALSE,0,85.8,94.4,transport_issue,2022-23,2827,751.1,1188.81
26-10-2022,Gumgaon,Maharashtra,1394.14,1244.53,149.61,10.7,2,6.3,FALSE,0,99.3,93,equipment_failure,2022-23,2827,751.1,1244.53
27-10-2022,Gumgaon,Maharashtra,1394.14,1371.13,23.01,1.7,2.8,0,FALSE,0,93.4,100,transport_issue,2022-23,2827,751.1,1371.13
28-10-2022,Gumgaon,Maharashtra,1394.14,1327.61,66.53,4.8,0.7,0,FALSE,0,84.4,94.6,transport_issue,2022-23,2827,751.1,1327.61
29-10-2022,Gumgaon,Maharashtra,1394.14,1248.95,145.19,10.4,2,5.6,FALSE,0,91.2,100,equipment_failure,2022-23,2827,751.1,1248.95
30-10-2022,Gumgaon,Maharashtra,1394.14,1395.26,-1.12,-0.1,1.9,0,FALSE,0,91.3,93.4,none,2022-23,2827,751.1,1395.26
31-10-2022,Gumgaon,Maharashtra,1394.14,1312.93,81.21,5.8,3.5,0,FALSE,0,75.7,94.5,transport_issue,2022-23,2827,751.1,1312.93
01-11-2022,Gumgaon,Maharashtra,1394.14,1301.32,92.82,6.7,7.1,2.5,FALSE,0,87.4,94.9,transport_issue,2022-23,2827,751.1,1301.32
02-11-2022,Gumgaon,Maharashtra,1394.14,1254.18,139.96,10,6.6,0,TRUE,5.9,90.7,87.6,labour_shortage,2022-23,2827,751.1,1254.18
03-11-2022,Gumgaon,Maharashtra,1394.14,1369.59,24.55,1.8,3.6,0,FALSE,0,97.9,92.2,labour_shortage,2022-23,2827,751.1,1369.59
04-11-2022,Gumgaon,Maharashtra,1394.14,1237.97,156.17,11.2,2,7.9,FALSE,0,89.1,100,equipment_failure,2022-23,2827,751.1,1237.97
05-11-2022,Gumgaon,Maharashtra,1394.14,1359.05,35.09,2.5,2.5,0,FALSE,0,91.4,90.6,labour_shortage,2022-23,2827,751.1,1359.05
06-11-2022,Gumgaon,Maharashtra,1394.14,1368.88,25.26,1.8,2.4,0,FALSE,0,91.6,100,transport_issue,2022-23,2827,751.1,1368.88
07-11-2022,Gumgaon,Maharashtra,1394.14,1218.12,176.02,12.6,0.2,4,FALSE,0,74,97.3,transport_issue,2022-23,2827,751.1,1218.12
08-11-2022,Gumgaon,Maharashtra,1394.14,1299.9,94.24,6.8,0.6,0,TRUE,3.9,95.6,97,blasting_delay,2022-23,2827,751.1,1299.9
09-11-2022,Gumgaon,Maharashtra,1394.14,1368.09,26.05,1.9,0.1,0,FALSE,0,91,96.7,transport_issue,2022-23,2827,751.1,1368.09
10-11-2022,Gumgaon,Maharashtra,1394.14,1376.18,17.96,1.3,3.5,0,FALSE,0,95.4,96.3,transport_issue,2022-23,2827,751.1,1376.18
11-11-2022,Gumgaon,Maharashtra,1394.14,1360.7,33.44,2.4,0.5,0,FALSE,0,100,94.8,labour_shortage,2022-23,2827,751.1,1360.7
12-11-2022,Gumgaon,Maharashtra,1394.14,1267.94,126.2,9.1,10.9,4.2,FALSE,0,94.5,93.4,equipment_failure,2022-23,2827,751.1,1267.94
13-11-2022,Gumgaon,Maharashtra,1394.14,1362.91,31.23,2.2,1.2,0,FALSE,0,80.9,98.6,transport_issue,2022-23,2827,751.1,1362.91
14-11-2022,Gumgaon,Maharashtra,1394.14,1362.14,32,2.3,1.7,0,FALSE,0,87.7,83.4,labour_shortage,2022-23,2827,751.1,1362.14
15-11-2022,Gumgaon,Maharashtra,1394.14,1269.28,124.86,9,5.1,5.4,FALSE,0,100,97.5,equipment_failure,2022-23,2827,751.1,1269.28
16-11-2022,Gumgaon,Maharashtra,1394.14,1209.71,184.43,13.2,3.1,7.8,FALSE,0,86.7,92,equipment_failure,2022-23,2827,751.1,1209.71
17-11-2022,Gumgaon,Maharashtra,1394.14,1369.55,24.59,1.8,1,0,FALSE,0,85.3,98.7,transport_issue,2022-23,2827,751.1,1369.55
18-11-2022,Gumgaon,Maharashtra,1394.14,1336.01,58.13,4.2,0.7,0,FALSE,0,84.7,89.7,transport_issue,2022-23,2827,751.1,1336.01
19-11-2022,Gumgaon,Maharashtra,1394.14,1363.33,30.81,2.2,5.8,0,FALSE,0,85.3,95.6,transport_issue,2022-23,2827,751.1,1363.33
20-11-2022,Gumgaon,Maharashtra,1394.14,1305.47,88.67,6.4,1.9,0,FALSE,0,83.1,94.2,transport_issue,2022-23,2827,751.1,1305.47
21-11-2022,Gumgaon,Maharashtra,1394.14,1329.28,64.86,4.7,2.1,0,FALSE,0,85.3,92,transport_issue,2022-23,2827,751.1,1329.28
22-11-2022,Gumgaon,Maharashtra,1394.14,1321.79,72.35,5.2,1.9,0,FALSE,0,88.2,97.9,transport_issue,2022-23,2827,751.1,1321.79
23-11-2022,Gumgaon,Maharashtra,1394.14,1341.66,52.48,3.8,1.2,0,FALSE,0,86.6,100,transport_issue,2022-23,2827,751.1,1341.66
24-11-2022,Gumgaon,Maharashtra,1394.14,1394.71,-0.57,0,1.3,0,FALSE,0,99.3,90.7,none,2022-23,2827,751.1,1394.71
25-11-2022,Gumgaon,Maharashtra,1394.14,1394.47,-0.33,0,6.4,0,FALSE,0,88.5,99.3,none,2022-23,2827,751.1,1394.47
26-11-2022,Gumgaon,Maharashtra,1394.14,1330.5,63.64,4.6,9.4,0,FALSE,0,79.6,93.7,transport_issue,2022-23,2827,751.1,1330.5
27-11-2022,Gumgaon,Maharashtra,1394.14,1334.93,59.21,4.2,3.8,0,FALSE,0,97.7,87.1,labour_shortage,2022-23,2827,751.1,1334.93
28-11-2022,Gumgaon,Maharashtra,1394.14,1341.66,52.48,3.8,3.1,0,FALSE,0,94.4,97.9,transport_issue,2022-23,2827,751.1,1341.66
29-11-2022,Gumgaon,Maharashtra,1394.14,1378.11,16.03,1.1,5.3,0,FALSE,0,95.5,100,transport_issue,2022-23,2827,751.1,1378.11
30-11-2022,Gumgaon,Maharashtra,1394.14,1331.28,62.86,4.5,6.6,0,FALSE,0,81.5,92.8,transport_issue,2022-23,2827,751.1,1331.28
01-12-2022,Gumgaon,Maharashtra,1394.14,1346.47,47.67,3.4,4.5,0,FALSE,0,87.4,95.3,transport_issue,2022-23,2827,751.1,1346.47
02-12-2022,Gumgaon,Maharashtra,1394.14,1320.43,73.71,5.3,6.9,0,FALSE,0,88,95.8,transport_issue,2022-23,2827,751.1,1320.43
03-12-2022,Gumgaon,Maharashtra,1394.14,1195.1,199.04,14.3,2.4,7,FALSE,0,88.3,96.3,equipment_failure,2022-23,2827,751.1,1195.1
04-12-2022,Gumgaon,Maharashtra,1394.14,1326.42,67.72,4.9,2.1,0,FALSE,0,93.9,94.3,transport_issue,2022-23,2827,751.1,1326.42
05-12-2022,Gumgaon,Maharashtra,1394.14,1096.99,297.15,21.3,7,13.9,FALSE,0,97.7,91.5,equipment_failure,2022-23,2827,751.1,1096.99
06-12-2022,Gumgaon,Maharashtra,1394.14,1329.77,64.37,4.6,4.3,2.2,FALSE,0,95.2,98.5,transport_issue,2022-23,2827,751.1,1329.77
07-12-2022,Gumgaon,Maharashtra,1394.14,1257.52,136.62,9.8,3.1,3.9,FALSE,0,88.2,93.6,transport_issue,2022-23,2827,751.1,1257.52
08-12-2022,Gumgaon,Maharashtra,1394.14,1358.06,36.08,2.6,0.3,0,FALSE,0,87.4,93.5,transport_issue,2022-23,2827,751.1,1358.06
09-12-2022,Gumgaon,Maharashtra,1394.14,1181.58,212.56,15.2,3.6,4.8,TRUE,4.4,89.1,92.8,transport_issue,2022-23,2827,751.1,1181.58
10-12-2022,Gumgaon,Maharashtra,1394.14,1234.2,159.94,11.5,5.5,5.3,FALSE,0,95.3,97.7,equipment_failure,2022-23,2827,751.1,1234.2
11-12-2022,Gumgaon,Maharashtra,1394.14,1344.81,49.33,3.5,2.8,0,FALSE,0,99.1,89.9,labour_shortage,2022-23,2827,751.1,1344.81
12-12-2022,Gumgaon,Maharashtra,1394.14,1370.6,23.54,1.7,4.3,0,FALSE,0,99.6,96.2,labour_shortage,2022-23,2827,751.1,1370.6
13-12-2022,Gumgaon,Maharashtra,1394.14,1357.37,36.77,2.6,7,0,FALSE,0,81.7,100,transport_issue,2022-23,2827,751.1,1357.37
14-12-2022,Gumgaon,Maharashtra,1394.14,1417.38,-23.24,-1.7,4.9,0,FALSE,0,97.1,96.7,none,2022-23,2827,751.1,1417.38
15-12-2022,Gumgaon,Maharashtra,1394.14,1402.68,-8.54,-0.6,1.2,0,FALSE,0,94.8,97.8,none,2022-23,2827,751.1,1402.68
16-12-2022,Gumgaon,Maharashtra,1394.14,1383.87,10.27,0.7,6.6,0,FALSE,0,83.6,99.2,transport_issue,2022-23,2827,751.1,1383.87
17-12-2022,Gumgaon,Maharashtra,1394.14,1337.34,56.8,4.1,3.5,0,FALSE,0,89.2,98.5,transport_issue,2022-23,2827,751.1,1337.34
18-12-2022,Gumgaon,Maharashtra,1394.14,1338.18,55.96,4,3.3,0,FALSE,0,94.4,91.2,labour_shortage,2022-23,2827,751.1,1338.18
19-12-2022,Gumgaon,Maharashtra,1394.14,1331.71,62.43,4.5,4.7,0,FALSE,0,86.7,95.9,transport_issue,2022-23,2827,751.1,1331.71
20-12-2022,Gumgaon,Maharashtra,1394.14,1393.29,0.85,0.1,3.2,0,FALSE,0,90.7,96.5,transport_issue,2022-23,2827,751.1,1393.29
21-12-2022,Gumgaon,Maharashtra,1394.14,1334.14,60,4.3,4.1,0,FALSE,0,87.5,95.6,transport_issue,2022-23,2827,751.1,1334.14
22-12-2022,Gumgaon,Maharashtra,1394.14,1374.72,19.42,1.4,4.4,0,FALSE,0,90.9,91.3,transport_issue,2022-23,2827,751.1,1374.72
23-12-2022,Gumgaon,Maharashtra,1394.14,1383.98,10.16,0.7,1.2,0,FALSE,0,95.2,100,transport_issue,2022-23,2827,751.1,1383.98
24-12-2022,Gumgaon,Maharashtra,1394.14,1387.68,6.46,0.5,1,0,FALSE,0,91.7,92.8,transport_issue,2022-23,2827,751.1,1387.68
25-12-2022,Gumgaon,Maharashtra,1394.14,1336.2,57.94,4.2,4,0,FALSE,0,96.5,92.4,labour_shortage,2022-23,2827,751.1,1336.2
26-12-2022,Gumgaon,Maharashtra,1394.14,1407.67,-13.53,-1,3.7,0,FALSE,0,92.5,99.3,none,2022-23,2827,751.1,1407.67
27-12-2022,Gumgaon,Maharashtra,1394.14,1340.29,53.85,3.9,1.7,0,FALSE,0,91.4,94.8,transport_issue,2022-23,2827,751.1,1340.29
28-12-2022,Gumgaon,Maharashtra,1394.14,1348.55,45.59,3.3,4,0,TRUE,2.9,96.3,91,labour_shortage,2022-23,2827,751.1,1348.55
29-12-2022,Gumgaon,Maharashtra,1394.14,1387.02,7.12,0.5,4.4,0,FALSE,0,90.5,96.7,transport_issue,2022-23,2827,751.1,1387.02
30-12-2022,Gumgaon,Maharashtra,1394.14,1169.57,224.57,16.1,6.1,6.8,FALSE,0,84.6,93,transport_issue,2022-23,2827,751.1,1169.57
31-12-2022,Gumgaon,Maharashtra,1394.14,1325.09,69.05,5,1.6,0,FALSE,0,84.9,100,transport_issue,2022-23,2827,751.1,1325.09
01-01-2023,Gumgaon,Maharashtra,1394.14,1364.32,29.82,2.1,2.5,0,FALSE,0,91,99.9,transport_issue,2022-23,2827,751.1,1364.32
02-01-2023,Gumgaon,Maharashtra,1394.14,1341.51,52.63,3.8,3.3,0,FALSE,0,88.3,95.8,transport_issue,2022-23,2827,751.1,1341.51
03-01-2023,Gumgaon,Maharashtra,1394.14,1361.98,32.16,2.3,3.7,0,FALSE,0,92.1,98.7,transport_issue,2022-23,2827,751.1,1361.98
04-01-2023,Gumgaon,Maharashtra,1394.14,1336.16,57.98,4.2,4,0,FALSE,0,89.9,97,transport_issue,2022-23,2827,751.1,1336.16
05-01-2023,Gumgaon,Maharashtra,1394.14,1400.06,-5.92,-0.4,1.5,0,FALSE,0,98.9,93.9,none,2022-23,2827,751.1,1400.06
06-01-2023,Gumgaon,Maharashtra,1394.14,1316.72,77.42,5.6,6.8,0,FALSE,0,98.9,83.6,labour_shortage,2022-23,2827,751.1,1316.72
07-01-2023,Gumgaon,Maharashtra,1394.14,1319.05,75.09,5.4,9.7,0,FALSE,0,88.5,89.6,transport_issue,2022-23,2827,751.1,1319.05
08-01-2023,Gumgaon,Maharashtra,1394.14,1370.56,23.58,1.7,4.5,0,FALSE,0,94.3,98.4,transport_issue,2022-23,2827,751.1,1370.56
09-01-2023,Gumgaon,Maharashtra,1394.14,1405.12,-10.98,-0.8,0.8,0,FALSE,0,91.6,100,none,2022-23,2827,751.1,1405.12
10-01-2023,Gumgaon,Maharashtra,1394.14,1334.89,59.25,4.2,2,0,FALSE,0,83.6,94.9,transport_issue,2022-23,2827,751.1,1334.89
11-01-2023,Gumgaon,Maharashtra,1394.14,1208.15,185.99,13.3,4.1,5.8,FALSE,0,91,93.7,equipment_failure,2022-23,2827,751.1,1208.15
12-01-2023,Gumgaon,Maharashtra,1394.14,1380.73,13.41,1,1.4,0,FALSE,0,90.1,90.4,transport_issue,2022-23,2827,751.1,1380.73
13-01-2023,Gumgaon,Maharashtra,1394.14,1356.59,37.55,2.7,1.9,0,FALSE,0,100,97.6,labour_shortage,2022-23,2827,751.1,1356.59
14-01-2023,Gumgaon,Maharashtra,1394.14,1316.77,77.37,5.5,4.7,0,FALSE,0,85.7,98.4,transport_issue,2022-23,2827,751.1,1316.77
15-01-2023,Gumgaon,Maharashtra,1394.14,1361.9,32.24,2.3,4,0,FALSE,0,97.4,99.5,transport_issue,2022-23,2827,751.1,1361.9
16-01-2023,Gumgaon,Maharashtra,1394.14,1331.76,62.38,4.5,1.7,0,FALSE,0,86.3,94.7,transport_issue,2022-23,2827,751.1,1331.76
17-01-2023,Gumgaon,Maharashtra,1394.14,1373.89,20.25,1.5,4,0,FALSE,0,94.6,93,labour_shortage,2022-23,2827,751.1,1373.89
18-01-2023,Gumgaon,Maharashtra,1394.14,1350.73,43.41,3.1,3.7,0,FALSE,0,89.2,97.3,transport_issue,2022-23,2827,751.1,1350.73
19-01-2023,Gumgaon,Maharashtra,1394.14,1349.5,44.64,3.2,3,0,FALSE,0,94.9,97.2,transport_issue,2022-23,2827,751.1,1349.5
20-01-2023,Gumgaon,Maharashtra,1394.14,1280.62,113.52,8.1,4.5,2.9,FALSE,0,94.1,100,transport_issue,2022-23,2827,751.1,1280.62
21-01-2023,Gumgaon,Maharashtra,1394.14,1339.28,54.86,3.9,6.6,0,TRUE,3.8,93.2,97.1,blasting_delay,2022-23,2827,751.1,1339.28
22-01-2023,Gumgaon,Maharashtra,1394.14,1365.55,28.59,2.1,3.4,0,FALSE,0,90.2,100,transport_issue,2022-23,2827,751.1,1365.55
23-01-2023,Gumgaon,Maharashtra,1394.14,1383.58,10.56,0.8,3.4,0,FALSE,0,85.5,96.4,transport_issue,2022-23,2827,751.1,1383.58
24-01-2023,Gumgaon,Maharashtra,1394.14,1358.28,35.86,2.6,1.7,0,FALSE,0,92.2,95,transport_issue,2022-23,2827,751.1,1358.28
25-01-2023,Gumgaon,Maharashtra,1394.14,1380.35,13.79,1,4.5,0,FALSE,0,91,91.7,transport_issue,2022-23,2827,751.1,1380.35
26-01-2023,Gumgaon,Maharashtra,1394.14,1365.31,28.83,2.1,2.8,0,FALSE,0,89.6,89,labour_shortage,2022-23,2827,751.1,1365.31
27-01-2023,Gumgaon,Maharashtra,1394.14,1343.56,50.58,3.6,7.9,0,FALSE,0,93.6,99.1,transport_issue,2022-23,2827,751.1,1343.56
28-01-2023,Gumgaon,Maharashtra,1394.14,1365.46,28.68,2.1,1.1,0,FALSE,0,90.5,97.6,transport_issue,2022-23,2827,751.1,1365.46
29-01-2023,Gumgaon,Maharashtra,1394.14,1408.82,-14.68,-1.1,3.4,0,FALSE,0,99.3,94.9,none,2022-23,2827,751.1,1408.82
30-01-2023,Gumgaon,Maharashtra,1394.14,1296.2,97.94,7,0.6,0,FALSE,0,86.1,86.6,transport_issue,2022-23,2827,751.1,1296.2
31-01-2023,Gumgaon,Maharashtra,1394.14,1296.22,97.92,7,2.9,3,FALSE,0,94.9,87.2,labour_shortage,2022-23,2827,751.1,1296.22
01-02-2023,Gumgaon,Maharashtra,1394.14,1314.04,80.1,5.7,1.7,0,FALSE,0,79.7,100,transport_issue,2022-23,2827,751.1,1314.04
02-02-2023,Gumgaon,Maharashtra,1394.14,1333.98,60.16,4.3,2.7,0,FALSE,0,96.5,87.3,labour_shortage,2022-23,2827,751.1,1333.98
03-02-2023,Gumgaon,Maharashtra,1394.14,1333.76,60.38,4.3,2.5,0,FALSE,0,94.5,94.9,transport_issue,2022-23,2827,751.1,1333.76
04-02-2023,Gumgaon,Maharashtra,1394.14,1071.15,322.99,23.2,0.9,15.1,FALSE,0,97.5,90.8,equipment_failure,2022-23,2827,751.1,1071.15
05-02-2023,Gumgaon,Maharashtra,1394.14,1347.86,46.28,3.3,2.4,0,FALSE,0,92.9,95.2,transport_issue,2022-23,2827,751.1,1347.86
06-02-2023,Gumgaon,Maharashtra,1394.14,1309.52,84.62,6.1,8.8,0,FALSE,0,87.2,95.3,transport_issue,2022-23,2827,751.1,1309.52
07-02-2023,Gumgaon,Maharashtra,1394.14,1370.05,24.09,1.7,2.8,0,FALSE,0,86.7,91.8,transport_issue,2022-23,2827,751.1,1370.05
08-02-2023,Gumgaon,Maharashtra,1394.14,1378.07,16.07,1.2,2.6,0,FALSE,0,95.2,95.6,transport_issue,2022-23,2827,751.1,1378.07
09-02-2023,Gumgaon,Maharashtra,1394.14,1384.02,10.12,0.7,1.9,0,FALSE,0,92.3,92.3,labour_shortage,2022-23,2827,751.1,1384.02
10-02-2023,Gumgaon,Maharashtra,1394.14,1338.54,55.6,4,4.5,0,FALSE,0,91.5,88.3,labour_shortage,2022-23,2827,751.1,1338.54
11-02-2023,Gumgaon,Maharashtra,1394.14,1345.32,48.82,3.5,2.1,0,FALSE,0,92.9,93.2,transport_issue,2022-23,2827,751.1,1345.32
12-02-2023,Gumgaon,Maharashtra,1394.14,1328.38,65.76,4.7,2.2,0,FALSE,0,87.9,98.9,transport_issue,2022-23,2827,751.1,1328.38
13-02-2023,Gumgaon,Maharashtra,1394.14,1371.7,22.44,1.6,4.6,0,FALSE,0,87.2,93.1,transport_issue,2022-23,2827,751.1,1371.7
14-02-2023,Gumgaon,Maharashtra,1394.14,1336.82,57.32,4.1,2,0,FALSE,0,93.4,97.5,transport_issue,2022-23,2827,751.1,1336.82
15-02-2023,Gumgaon,Maharashtra,1394.14,1367.69,26.45,1.9,1.3,0,FALSE,0,81.9,99.8,transport_issue,2022-23,2827,751.1,1367.69
16-02-2023,Gumgaon,Maharashtra,1394.14,1354.29,39.85,2.9,1.9,0,FALSE,0,95.9,98.7,transport_issue,2022-23,2827,751.1,1354.29
17-02-2023,Gumgaon,Maharashtra,1394.14,1400.98,-6.84,-0.5,1.6,0,FALSE,0,90.4,100,none,2022-23,2827,751.1,1400.98
18-02-2023,Gumgaon,Maharashtra,1394.14,1424.82,-30.68,-2.2,0.5,0,FALSE,0,100,100,none,2022-23,2827,751.1,1424.82
19-02-2023,Gumgaon,Maharashtra,1394.14,1318.23,75.91,5.4,3.6,0,FALSE,0,86.6,97.6,transport_issue,2022-23,2827,751.1,1318.23
20-02-2023,Gumgaon,Maharashtra,1394.14,1360.82,33.32,2.4,6.2,0,TRUE,3,100,98.6,blasting_delay,2022-23,2827,751.1,1360.82
21-02-2023,Gumgaon,Maharashtra,1394.14,1410.08,-15.94,-1.1,2.3,0,FALSE,0,95.3,95,none,2022-23,2827,751.1,1410.08
22-02-2023,Gumgaon,Maharashtra,1394.14,1406.48,-12.34,-0.9,7.6,0,FALSE,0,100,99.8,none,2022-23,2827,751.1,1406.48
23-02-2023,Gumgaon,Maharashtra,1394.14,1322.04,72.1,5.2,1.8,0,FALSE,0,84,98.2,transport_issue,2022-23,2827,751.1,1322.04
24-02-2023,Gumgaon,Maharashtra,1394.14,1221.07,173.07,12.4,6.5,7.8,FALSE,0,90.1,90.9,equipment_failure,2022-23,2827,751.1,1221.07
25-02-2023,Gumgaon,Maharashtra,1394.14,1358.77,35.37,2.5,5.9,0,FALSE,0,89.6,99.1,transport_issue,2022-23,2827,751.1,1358.77
26-02-2023,Gumgaon,Maharashtra,1394.14,1327.32,66.82,4.8,1.9,0,FALSE,0,83.2,89.5,transport_issue,2022-23,2827,751.1,1327.32
27-02-2023,Gumgaon,Maharashtra,1394.14,1388.07,6.07,0.4,2.2,0,FALSE,0,98.8,95.6,labour_shortage,2022-23,2827,751.1,1388.07
28-02-2023,Gumgaon,Maharashtra,1394.14,1298.52,95.62,6.9,4.1,0,FALSE,0,79.4,97.7,transport_issue,2022-23,2827,751.1,1298.52
01-03-2023,Gumgaon,Maharashtra,1394.14,1326.71,67.43,4.8,1.5,0,FALSE,0,77.6,88.5,transport_issue,2022-23,2827,751.1,1326.71
02-03-2023,Gumgaon,Maharashtra,1394.14,1375.32,18.82,1.3,3.5,0,FALSE,0,96.4,89.9,labour_shortage,2022-23,2827,751.1,1375.32
03-03-2023,Gumgaon,Maharashtra,1394.14,1382.99,11.15,0.8,2.6,0,FALSE,0,99.4,92.8,labour_shortage,2022-23,2827,751.1,1382.99
04-03-2023,Gumgaon,Maharashtra,1394.14,1256.88,137.26,9.8,3.4,4.7,FALSE,0,89.2,95.8,transport_issue,2022-23,2827,751.1,1256.88
05-03-2023,Gumgaon,Maharashtra,1394.14,1358.31,35.83,2.6,2.9,0,FALSE,0,82.4,100,transport_issue,2022-23,2827,751.1,1358.31
06-03-2023,Gumgaon,Maharashtra,1394.14,1239.69,154.45,11.1,3.4,3.3,TRUE,4.7,93.4,98.6,blasting_delay,2022-23,2827,751.1,1239.69
07-03-2023,Gumgaon,Maharashtra,1394.14,1368.7,25.44,1.8,12.8,0,FALSE,0,87.9,94.3,transport_issue,2022-23,2827,751.1,1368.7
08-03-2023,Gumgaon,Maharashtra,1394.14,1291.04,103.1,7.4,1.6,5,FALSE,0,98.7,94.3,equipment_failure,2022-23,2827,751.1,1291.04
09-03-2023,Gumgaon,Maharashtra,1394.14,1403.39,-9.25,-0.7,2.8,0,FALSE,0,93.7,95.5,none,2022-23,2827,751.1,1403.39
10-03-2023,Gumgaon,Maharashtra,1394.14,1335.32,58.82,4.2,0.4,0,FALSE,0,90,89.6,labour_shortage,2022-23,2827,751.1,1335.32
11-03-2023,Gumgaon,Maharashtra,1394.14,1343.68,50.46,3.6,3.7,2.3,FALSE,0,93.4,90.3,labour_shortage,2022-23,2827,751.1,1343.68
12-03-2023,Gumgaon,Maharashtra,1394.14,1389.56,4.58,0.3,2.8,0,FALSE,0,100,95.3,labour_shortage,2022-23,2827,751.1,1389.56
13-03-2023,Gumgaon,Maharashtra,1394.14,1300.62,93.52,6.7,1.4,0,TRUE,4.6,92.8,95.3,blasting_delay,2022-23,2827,751.1,1300.62
14-03-2023,Gumgaon,Maharashtra,1394.14,1357.34,36.8,2.6,2.4,0,FALSE,0,81.1,92.2,transport_issue,2022-23,2827,751.1,1357.34
15-03-2023,Gumgaon,Maharashtra,1394.14,1325.06,69.08,5,4.6,0,FALSE,0,84.7,96.3,transport_issue,2022-23,2827,751.1,1325.06
16-03-2023,Gumgaon,Maharashtra,1394.14,1325.64,68.5,4.9,3.7,0,TRUE,5.7,96.2,99.8,blasting_delay,2022-23,2827,751.1,1325.64
17-03-2023,Gumgaon,Maharashtra,1394.14,1308.48,85.66,6.1,4,2.7,FALSE,0,92.5,96,transport_issue,2022-23,2827,751.1,1308.48
18-03-2023,Gumgaon,Maharashtra,1394.14,1357.29,36.85,2.6,1.4,0,FALSE,0,91.2,97.1,transport_issue,2022-23,2827,751.1,1357.29
19-03-2023,Gumgaon,Maharashtra,1394.14,1341.67,52.47,3.8,5.7,0,FALSE,0,100,93.7,labour_shortage,2022-23,2827,751.1,1341.67
20-03-2023,Gumgaon,Maharashtra,1394.14,1322.88,71.26,5.1,1.5,0,FALSE,0,90.4,94.9,transport_issue,2022-23,2827,751.1,1322.88
21-03-2023,Gumgaon,Maharashtra,1394.14,1305.32,88.82,6.4,5.1,0,TRUE,4.9,96,96.6,blasting_delay,2022-23,2827,751.1,1305.32
22-03-2023,Gumgaon,Maharashtra,1394.14,1325.94,68.2,4.9,4.6,0,FALSE,0,89.3,92.8,transport_issue,2022-23,2827,751.1,1325.94
23-03-2023,Gumgaon,Maharashtra,1394.14,1259.27,134.87,9.7,2.1,7,FALSE,0,95.2,95.8,equipment_failure,2022-23,2827,751.1,1259.27
24-03-2023,Gumgaon,Maharashtra,1394.14,1373.28,20.86,1.5,7.5,0,FALSE,0,96.5,96.3,labour_shortage,2022-23,2827,751.1,1373.28
25-03-2023,Gumgaon,Maharashtra,1394.14,1240.84,153.3,11,1.1,5,FALSE,0,94.5,95.5,equipment_failure,2022-23,2827,751.1,1240.84
26-03-2023,Gumgaon,Maharashtra,1394.14,1320.68,73.46,5.3,18,0,FALSE,0,86.7,100,transport_issue,2022-23,2827,751.1,1320.68
27-03-2023,Gumgaon,Maharashtra,1394.14,1337.92,56.22,4,1.7,0,FALSE,0,85.2,97.2,transport_issue,2022-23,2827,751.1,1337.92
28-03-2023,Gumgaon,Maharashtra,1394.14,1315.21,78.93,5.7,10.5,0,TRUE,5.4,93.3,93.2,blasting_delay,2022-23,2827,751.1,1315.21
29-03-2023,Gumgaon,Maharashtra,1394.14,1198.14,196,14.1,1.7,6.4,FALSE,0,83.6,91.3,transport_issue,2022-23,2827,751.1,1198.14
30-03-2023,Gumgaon,Maharashtra,1394.14,1362.11,32.03,2.3,10.1,0,FALSE,0,86.7,88.9,transport_issue,2022-23,2827,751.1,1362.11
31-03-2023,Gumgaon,Maharashtra,1394.14,1376.17,17.97,1.3,1.6,0,FALSE,0,97.6,100,transport_issue,2022-23,2827,751.1,1376.17
01-04-2022,Kandri,Maharashtra,1006.88,980.93,25.95,2.6,6,0,FALSE,0,96.3,95.2,labour_shortage,2022-23,2827,751.1,980.93
02-04-2022,Kandri,Maharashtra,1006.88,986.3,20.58,2,4.4,0,FALSE,0,95,92.9,labour_shortage,2022-23,2827,751.1,986.3
03-04-2022,Kandri,Maharashtra,1006.88,980.49,26.39,2.6,1.1,0,FALSE,0,99.9,95.7,labour_shortage,2022-23,2827,751.1,980.49
04-04-2022,Kandri,Maharashtra,1006.88,1004.98,1.9,0.2,5.1,0,FALSE,0,97.7,96.2,labour_shortage,2022-23,2827,751.1,1004.98
05-04-2022,Kandri,Maharashtra,1006.88,959.22,47.66,4.7,12,2.5,FALSE,0,96.5,97.6,equipment_failure,2022-23,2827,751.1,959.22
06-04-2022,Kandri,Maharashtra,1006.88,880,126.88,12.6,2.6,6.1,FALSE,0,95.1,91.1,equipment_failure,2022-23,2827,751.1,880
07-04-2022,Kandri,Maharashtra,1006.88,976.76,30.12,3,2.1,0,FALSE,0,95.7,88.1,labour_shortage,2022-23,2827,751.1,976.76
08-04-2022,Kandri,Maharashtra,1006.88,965.48,41.4,4.1,7.7,0,FALSE,0,87.3,99.4,transport_issue,2022-23,2827,751.1,965.48
09-04-2022,Kandri,Maharashtra,1006.88,979.46,27.42,2.7,2.1,0,FALSE,0,94.2,88.6,labour_shortage,2022-23,2827,751.1,979.46
10-04-2022,Kandri,Maharashtra,1006.88,940.19,66.69,6.6,1.1,0,TRUE,2.9,96.2,97.4,blasting_delay,2022-23,2827,751.1,940.19
11-04-2022,Kandri,Maharashtra,1006.88,1011.57,-4.69,-0.5,0.3,0,FALSE,0,100,96.7,none,2022-23,2827,751.1,1011.57
12-04-2022,Kandri,Maharashtra,1006.88,993.15,13.73,1.4,7.1,0,FALSE,0,88.9,93.5,transport_issue,2022-23,2827,751.1,993.15
13-04-2022,Kandri,Maharashtra,1006.88,986.67,20.21,2,11.7,0,FALSE,0,95.4,96.1,transport_issue,2022-23,2827,751.1,986.67
14-04-2022,Kandri,Maharashtra,1006.88,993.07,13.81,1.4,4,0,FALSE,0,90.4,99.9,transport_issue,2022-23,2827,751.1,993.07
15-04-2022,Kandri,Maharashtra,1006.88,885.25,121.63,12.1,2.7,4.8,FALSE,0,88.1,94.2,transport_issue,2022-23,2827,751.1,885.25
16-04-2022,Kandri,Maharashtra,1006.88,946.36,60.52,6,4.9,3.4,FALSE,0,98.5,95.8,equipment_failure,2022-23,2827,751.1,946.36
17-04-2022,Kandri,Maharashtra,1006.88,971.01,35.87,3.6,0.7,0,TRUE,3.2,87.8,96,transport_issue,2022-23,2827,751.1,971.01
18-04-2022,Kandri,Maharashtra,1006.88,1014.3,-7.42,-0.7,7.5,0,FALSE,0,97.5,92.3,none,2022-23,2827,751.1,1014.3
19-04-2022,Kandri,Maharashtra,1006.88,951.85,55.03,5.5,2.5,3,FALSE,0,96.6,99,equipment_failure,2022-23,2827,751.1,951.85
20-04-2022,Kandri,Maharashtra,1006.88,972.46,34.42,3.4,1.5,0,FALSE,0,80,95.1,transport_issue,2022-23,2827,751.1,972.46
21-04-2022,Kandri,Maharashtra,1006.88,972.72,34.16,3.4,4.5,0,FALSE,0,94.1,93.6,labour_shortage,2022-23,2827,751.1,972.72
22-04-2022,Kandri,Maharashtra,1006.88,982.39,24.49,2.4,2,0,FALSE,0,90.2,85.3,labour_shortage,2022-23,2827,751.1,982.39
23-04-2022,Kandri,Maharashtra,1006.88,954.18,52.7,5.2,1,0,FALSE,0,85.4,94.7,transport_issue,2022-23,2827,751.1,954.18
24-04-2022,Kandri,Maharashtra,1006.88,797.57,209.31,20.8,2.9,13.7,FALSE,0,100,97.6,equipment_failure,2022-23,2827,751.1,797.57
25-04-2022,Kandri,Maharashtra,1006.88,969.95,36.93,3.7,1.3,0,FALSE,0,100,88.9,labour_shortage,2022-23,2827,751.1,969.95
26-04-2022,Kandri,Maharashtra,1006.88,960.97,45.91,4.6,2.5,0,FALSE,0,84.2,99.4,transport_issue,2022-23,2827,751.1,960.97
27-04-2022,Kandri,Maharashtra,1006.88,956.04,50.84,5,0.8,0,FALSE,0,80.6,96.2,transport_issue,2022-23,2827,751.1,956.04
28-04-2022,Kandri,Maharashtra,1006.88,969.74,37.14,3.7,4.2,0,FALSE,0,84.5,98.6,transport_issue,2022-23,2827,751.1,969.74
29-04-2022,Kandri,Maharashtra,1006.88,968.07,38.81,3.9,2.4,0,FALSE,0,87.7,97.6,transport_issue,2022-23,2827,751.1,968.07
30-04-2022,Kandri,Maharashtra,1006.88,987.2,19.68,2,5.4,0,FALSE,0,91.7,82.7,labour_shortage,2022-23,2827,751.1,987.2
01-05-2022,Kandri,Maharashtra,1006.88,947.56,59.32,5.9,5.8,0,FALSE,0,87.4,87.9,transport_issue,2022-23,2827,751.1,947.56
02-05-2022,Kandri,Maharashtra,1006.88,1005.08,1.8,0.2,1,0,FALSE,0,96.8,84.6,labour_shortage,2022-23,2827,751.1,1005.08
03-05-2022,Kandri,Maharashtra,1006.88,997.86,9.02,0.9,2.2,0,FALSE,0,96.5,94.1,labour_shortage,2022-23,2827,751.1,997.86
04-05-2022,Kandri,Maharashtra,1006.88,989.71,17.17,1.7,5.4,0,FALSE,0,91.2,94.6,transport_issue,2022-23,2827,751.1,989.71
05-05-2022,Kandri,Maharashtra,1006.88,995.5,11.38,1.1,2.2,0,FALSE,0,85.8,94.2,transport_issue,2022-23,2827,751.1,995.5
06-05-2022,Kandri,Maharashtra,1006.88,955.62,51.26,5.1,0.4,0,FALSE,0,90.4,96.6,transport_issue,2022-23,2827,751.1,955.62
07-05-2022,Kandri,Maharashtra,1006.88,985.56,21.32,2.1,6,0,FALSE,0,91,100,transport_issue,2022-23,2827,751.1,985.56
08-05-2022,Kandri,Maharashtra,1006.88,968.85,38.03,3.8,5.2,0,FALSE,0,79.2,97.1,transport_issue,2022-23,2827,751.1,968.85
09-05-2022,Kandri,Maharashtra,1006.88,968.38,38.5,3.8,3,0,FALSE,0,89.7,100,transport_issue,2022-23,2827,751.1,968.38
10-05-2022,Kandri,Maharashtra,1006.88,960.72,46.16,4.6,2,0,FALSE,0,92.9,97,transport_issue,2022-23,2827,751.1,960.72
11-05-2022,Kandri,Maharashtra,1006.88,978.3,28.58,2.8,5.2,0,FALSE,0,89.1,98.4,transport_issue,2022-23,2827,751.1,978.3
12-05-2022,Kandri,Maharashtra,1006.88,942.2,64.68,6.4,1.1,3.4,FALSE,0,91.4,95.5,transport_issue,2022-23,2827,751.1,942.2
13-05-2022,Kandri,Maharashtra,1006.88,964.45,42.43,4.2,5.6,0,TRUE,1.9,95,97.5,transport_issue,2022-23,2827,751.1,964.45
14-05-2022,Kandri,Maharashtra,1006.88,934.6,72.28,7.2,5.2,0,FALSE,0,78.5,92.5,transport_issue,2022-23,2827,751.1,934.6
15-05-2022,Kandri,Maharashtra,1006.88,976.27,30.61,3,6.1,2.5,FALSE,0,94,100,transport_issue,2022-23,2827,751.1,976.27
16-05-2022,Kandri,Maharashtra,1006.88,965.65,41.23,4.1,2.9,2.9,FALSE,0,100,97.6,equipment_failure,2022-23,2827,751.1,965.65
17-05-2022,Kandri,Maharashtra,1006.88,1019.23,-12.35,-1.2,0.6,0,FALSE,0,100,96.9,none,2022-23,2827,751.1,1019.23
18-05-2022,Kandri,Maharashtra,1006.88,861.77,145.11,14.4,9.6,6.4,TRUE,2,84.9,99.2,transport_issue,2022-23,2827,751.1,861.77
19-05-2022,Kandri,Maharashtra,1006.88,1003.68,3.2,0.3,3.2,0,FALSE,0,88.3,98,transport_issue,2022-23,2827,751.1,1003.68
20-05-2022,Kandri,Maharashtra,1006.88,939.54,67.34,6.7,11.7,0,TRUE,3.5,93.4,93.6,blasting_delay,2022-23,2827,751.1,939.54
21-05-2022,Kandri,Maharashtra,1006.88,987.18,19.7,2,2.5,0,FALSE,0,93.8,89.9,labour_shortage,2022-23,2827,751.1,987.18
22-05-2022,Kandri,Maharashtra,1006.88,983.75,23.13,2.3,9.6,0,FALSE,0,94.3,99.7,transport_issue,2022-23,2827,751.1,983.75
23-05-2022,Kandri,Maharashtra,1006.88,979.17,27.71,2.8,9.1,0,FALSE,0,90,91.5,transport_issue,2022-23,2827,751.1,979.17
24-05-2022,Kandri,Maharashtra,1006.88,951.03,55.85,5.5,4.5,0,FALSE,0,90.3,94.2,transport_issue,2022-23,2827,751.1,951.03
25-05-2022,Kandri,Maharashtra,1006.88,873.96,132.92,13.2,3.1,6.3,FALSE,0,84.4,93.5,transport_issue,2022-23,2827,751.1,873.96
26-05-2022,Kandri,Maharashtra,1006.88,875.6,131.28,13,3.8,5.2,FALSE,0,89.5,93,transport_issue,2022-23,2827,751.1,875.6
27-05-2022,Kandri,Maharashtra,1006.88,976.37,30.51,3,0.1,0,FALSE,0,100,93.2,labour_shortage,2022-23,2827,751.1,976.37
28-05-2022,Kandri,Maharashtra,1006.88,1003,3.88,0.4,10,0,FALSE,0,91.4,92,transport_issue,2022-23,2827,751.1,1003
29-05-2022,Kandri,Maharashtra,1006.88,979.01,27.87,2.8,6.1,0,FALSE,0,100,97.3,labour_shortage,2022-23,2827,751.1,979.01
30-05-2022,Kandri,Maharashtra,1006.88,980.33,26.55,2.6,5.8,0,FALSE,0,88.6,92.6,transport_issue,2022-23,2827,751.1,980.33
31-05-2022,Kandri,Maharashtra,1006.88,946.22,60.66,6,9.2,0,FALSE,0,81.9,93.8,transport_issue,2022-23,2827,751.1,946.22
01-06-2022,Kandri,Maharashtra,1006.88,929.28,77.6,7.7,50.1,0,FALSE,0,81.7,95,heavy_rainfall,2022-23,2827,751.1,929.28
02-06-2022,Kandri,Maharashtra,1006.88,962.57,44.31,4.4,5.9,0,FALSE,0,83,98,transport_issue,2022-23,2827,751.1,962.57
03-06-2022,Kandri,Maharashtra,1006.88,843.17,163.71,16.3,111.3,0,TRUE,5.1,82.3,90.7,heavy_rainfall,2022-23,2827,751.1,843.17
04-06-2022,Kandri,Maharashtra,1006.88,905.44,101.44,10.1,27.5,2.8,FALSE,0,78.5,92,transport_issue,2022-23,2827,751.1,905.44
05-06-2022,Kandri,Maharashtra,1006.88,937.38,69.5,6.9,58,0,FALSE,0,79,96.3,heavy_rainfall,2022-23,2827,751.1,937.38
06-06-2022,Kandri,Maharashtra,1006.88,860.61,146.27,14.5,9.7,7.7,FALSE,0,79.6,92,transport_issue,2022-23,2827,751.1,860.61
07-06-2022,Kandri,Maharashtra,1006.88,991.79,15.09,1.5,22,0,FALSE,0,81.8,100,transport_issue,2022-23,2827,751.1,991.79
08-06-2022,Kandri,Maharashtra,1006.88,945.48,61.4,6.1,15.8,0,FALSE,0,82.5,90.9,transport_issue,2022-23,2827,751.1,945.48
09-06-2022,Kandri,Maharashtra,1006.88,980.8,26.08,2.6,27.6,0,FALSE,0,79.9,94.1,transport_issue,2022-23,2827,751.1,980.8
10-06-2022,Kandri,Maharashtra,1006.88,873.54,133.34,13.2,33.2,0,TRUE,4.6,72.3,93.5,transport_issue,2022-23,2827,751.1,873.54
11-06-2022,Kandri,Maharashtra,1006.88,943.55,63.33,6.3,17.3,0,FALSE,0,74.7,94.4,transport_issue,2022-23,2827,751.1,943.55
12-06-2022,Kandri,Maharashtra,1006.88,959.84,47.04,4.7,25.8,0,FALSE,0,89.8,100,transport_issue,2022-23,2827,751.1,959.84
13-06-2022,Kandri,Maharashtra,1006.88,924.49,82.39,8.2,32.1,0,FALSE,0,76,93.5,transport_issue,2022-23,2827,751.1,924.49
14-06-2022,Kandri,Maharashtra,1006.88,942.21,64.67,6.4,29.1,0,FALSE,0,68.4,94.2,transport_issue,2022-23,2827,751.1,942.21
15-06-2022,Kandri,Maharashtra,1006.88,822.4,184.48,18.3,21.4,7.5,FALSE,0,75.7,98.9,transport_issue,2022-23,2827,751.1,822.4
16-06-2022,Kandri,Maharashtra,1006.88,959.14,47.74,4.7,14.1,0,FALSE,0,82.6,93.7,transport_issue,2022-23,2827,751.1,959.14
17-06-2022,Kandri,Maharashtra,1006.88,996.95,9.93,1,5.3,0,FALSE,0,99,91.9,labour_shortage,2022-23,2827,751.1,996.95
18-06-2022,Kandri,Maharashtra,1006.88,884.83,122.05,12.1,38.5,5.1,FALSE,0,87.1,89.9,transport_issue,2022-23,2827,751.1,884.83
19-06-2022,Kandri,Maharashtra,1006.88,972.31,34.57,3.4,22.4,0,FALSE,0,85.5,88.5,transport_issue,2022-23,2827,751.1,972.31
20-06-2022,Kandri,Maharashtra,1006.88,975.4,31.48,3.1,19.9,0,FALSE,0,81.4,96.2,transport_issue,2022-23,2827,751.1,975.4
21-06-2022,Kandri,Maharashtra,1006.88,951.95,54.93,5.5,20.7,0,FALSE,0,81.3,85.6,transport_issue,2022-23,2827,751.1,951.95
22-06-2022,Kandri,Maharashtra,1006.88,906.54,100.34,10,53,0,TRUE,3.6,90.7,100,heavy_rainfall,2022-23,2827,751.1,906.54
23-06-2022,Kandri,Maharashtra,1006.88,933.57,73.31,7.3,4.4,0,FALSE,0,75.3,99.8,transport_issue,2022-23,2827,751.1,933.57
24-06-2022,Kandri,Maharashtra,1006.88,893.62,113.26,11.2,81.1,0,FALSE,0,76.3,96.3,heavy_rainfall,2022-23,2827,751.1,893.62
25-06-2022,Kandri,Maharashtra,1006.88,944.95,61.93,6.2,40.2,0,FALSE,0,74.6,92.6,transport_issue,2022-23,2827,751.1,944.95
26-06-2022,Kandri,Maharashtra,1006.88,955.73,51.15,5.1,6.1,0,FALSE,0,93.2,87.5,labour_shortage,2022-23,2827,751.1,955.73
27-06-2022,Kandri,Maharashtra,1006.88,930.26,76.62,7.6,33.9,0,FALSE,0,73.7,87.8,transport_issue,2022-23,2827,751.1,930.26
28-06-2022,Kandri,Maharashtra,1006.88,935.08,71.8,7.1,12.6,0,FALSE,0,80.4,89.5,transport_issue,2022-23,2827,751.1,935.08
29-06-2022,Kandri,Maharashtra,1006.88,888.54,118.34,11.8,21.7,3.4,FALSE,0,84,91.4,transport_issue,2022-23,2827,751.1,888.54
30-06-2022,Kandri,Maharashtra,1006.88,946.84,60.04,6,32.6,0,FALSE,0,76.5,91.7,transport_issue,2022-23,2827,751.1,946.84
01-07-2022,Kandri,Maharashtra,1006.88,928,78.88,7.8,31.8,0,FALSE,0,73.7,93.1,transport_issue,2022-23,2827,751.1,928
02-07-2022,Kandri,Maharashtra,1006.88,975.21,31.67,3.1,18.8,0,FALSE,0,89.1,100,transport_issue,2022-23,2827,751.1,975.21
03-07-2022,Kandri,Maharashtra,1006.88,887.91,118.97,11.8,25.7,0,TRUE,5.4,88.6,87,labour_shortage,2022-23,2827,751.1,887.91
04-07-2022,Kandri,Maharashtra,1006.88,974.43,32.45,3.2,14.1,0,FALSE,0,85,94.7,transport_issue,2022-23,2827,751.1,974.43
05-07-2022,Kandri,Maharashtra,1006.88,971.54,35.34,3.5,22.8,0,FALSE,0,82.6,93.4,transport_issue,2022-23,2827,751.1,971.54
06-07-2022,Kandri,Maharashtra,1006.88,961.35,45.53,4.5,35.6,0,FALSE,0,85.9,95.3,transport_issue,2022-23,2827,751.1,961.35
07-07-2022,Kandri,Maharashtra,1006.88,904.26,102.62,10.2,49.7,0,TRUE,1.6,72.3,99.7,transport_issue,2022-23,2827,751.1,904.26
08-07-2022,Kandri,Maharashtra,1006.88,1010.01,-3.13,-0.3,33.7,0,FALSE,0,99.4,96.1,none,2022-23,2827,751.1,1010.01
09-07-2022,Kandri,Maharashtra,1006.88,938.21,68.67,6.8,57.1,0,FALSE,0,72.5,95,heavy_rainfall,2022-23,2827,751.1,938.21
10-07-2022,Kandri,Maharashtra,1006.88,920.66,86.22,8.6,5.4,0,FALSE,0,74.6,93.3,transport_issue,2022-23,2827,751.1,920.66
11-07-2022,Kandri,Maharashtra,1006.88,992.44,14.44,1.4,27.7,0,FALSE,0,82.2,97.1,transport_issue,2022-23,2827,751.1,992.44
12-07-2022,Kandri,Maharashtra,1006.88,931.88,75,7.4,45.6,0,FALSE,0,74,94.1,transport_issue,2022-23,2827,751.1,931.88
13-07-2022,Kandri,Maharashtra,1006.88,965.21,41.67,4.1,62,0,FALSE,0,82.8,98.9,heavy_rainfall,2022-23,2827,751.1,965.21
14-07-2022,Kandri,Maharashtra,1006.88,963.89,42.99,4.3,25,0,FALSE,0,75,95.6,transport_issue,2022-23,2827,751.1,963.89
15-07-2022,Kandri,Maharashtra,1006.88,934.9,71.98,7.1,72.6,0,FALSE,0,85.7,100,heavy_rainfall,2022-23,2827,751.1,934.9
16-07-2022,Kandri,Maharashtra,1006.88,993.56,13.32,1.3,33.4,0,FALSE,0,85,98,transport_issue,2022-23,2827,751.1,993.56
17-07-2022,Kandri,Maharashtra,1006.88,857.08,149.8,14.9,10.2,6,FALSE,0,85.1,89,transport_issue,2022-23,2827,751.1,857.08
18-07-2022,Kandri,Maharashtra,1006.88,917.61,89.27,8.9,54.3,0,FALSE,0,80.1,88.7,heavy_rainfall,2022-23,2827,751.1,917.61
19-07-2022,Kandri,Maharashtra,1006.88,941.45,65.43,6.5,52.9,0,FALSE,0,80.9,98.2,heavy_rainfall,2022-23,2827,751.1,941.45
20-07-2022,Kandri,Maharashtra,1006.88,948.7,58.18,5.8,31.4,0,FALSE,0,80.1,95.5,transport_issue,2022-23,2827,751.1,948.7
21-07-2022,Kandri,Maharashtra,1006.88,971.46,35.42,3.5,15.7,0,FALSE,0,82.9,92.1,transport_issue,2022-23,2827,751.1,971.46
22-07-2022,Kandri,Maharashtra,1006.88,990.62,16.26,1.6,16.3,0,FALSE,0,86.9,98.3,transport_issue,2022-23,2827,751.1,990.62
23-07-2022,Kandri,Maharashtra,1006.88,961.34,45.54,4.5,20,0,FALSE,0,94.3,86,labour_shortage,2022-23,2827,751.1,961.34
24-07-2022,Kandri,Maharashtra,1006.88,997.14,9.74,1,25.1,0,FALSE,0,84,100,transport_issue,2022-23,2827,751.1,997.14
25-07-2022,Kandri,Maharashtra,1006.88,947.12,59.76,5.9,77.2,0,TRUE,1.3,98.7,95.2,heavy_rainfall,2022-23,2827,751.1,947.12
26-07-2022,Kandri,Maharashtra,1006.88,951.08,55.8,5.5,41.8,0,FALSE,0,75.2,90.6,transport_issue,2022-23,2827,751.1,951.08
27-07-2022,Kandri,Maharashtra,1006.88,957.68,49.2,4.9,37.9,0,FALSE,0,72.9,89.9,transport_issue,2022-23,2827,751.1,957.68
28-07-2022,Kandri,Maharashtra,1006.88,973.32,33.56,3.3,11.4,0,TRUE,1.2,91.3,96.3,transport_issue,2022-23,2827,751.1,973.32
29-07-2022,Kandri,Maharashtra,1006.88,982.12,24.76,2.5,7.4,0,FALSE,0,78.1,94.5,transport_issue,2022-23,2827,751.1,982.12
30-07-2022,Kandri,Maharashtra,1006.88,865.72,141.16,14,43.1,6.5,FALSE,0,86.2,94.5,heavy_rainfall,2022-23,2827,751.1,865.72
31-07-2022,Kandri,Maharashtra,1006.88,966.56,40.32,4,8.8,0,FALSE,0,82.5,92.6,transport_issue,2022-23,2827,751.1,966.56
01-08-2022,Kandri,Maharashtra,1006.88,964.83,42.05,4.2,29.7,0,FALSE,0,75,96.4,transport_issue,2022-23,2827,751.1,964.83
02-08-2022,Kandri,Maharashtra,1006.88,920.31,86.57,8.6,51.1,0,FALSE,0,74.4,98.3,transport_issue,2022-23,2827,751.1,920.31
03-08-2022,Kandri,Maharashtra,1006.88,901.71,105.17,10.4,12,5.7,FALSE,0,91.2,91.9,equipment_failure,2022-23,2827,751.1,901.71
04-08-2022,Kandri,Maharashtra,1006.88,956.82,50.06,5,6.2,0,FALSE,0,87,91,transport_issue,2022-23,2827,751.1,956.82
05-08-2022,Kandri,Maharashtra,1006.88,953.33,53.55,5.3,44.9,0,FALSE,0,82.3,98.8,heavy_rainfall,2022-23,2827,751.1,953.33
06-08-2022,Kandri,Maharashtra,1006.88,993.96,12.92,1.3,22.3,0,FALSE,0,93.4,91.5,labour_shortage,2022-23,2827,751.1,993.96
07-08-2022,Kandri,Maharashtra,1006.88,928.87,78.01,7.7,16.7,0,FALSE,0,78.3,92.1,transport_issue,2022-23,2827,751.1,928.87
08-08-2022,Kandri,Maharashtra,1006.88,921.75,85.13,8.5,18.9,0,TRUE,2.1,73.1,93.5,transport_issue,2022-23,2827,751.1,921.75
09-08-2022,Kandri,Maharashtra,1006.88,1006.6,0.28,0,27.9,0,FALSE,0,87.2,99.5,transport_issue,2022-23,2827,751.1,1006.6
10-08-2022,Kandri,Maharashtra,1006.88,965.8,41.08,4.1,22.1,0,FALSE,0,73.9,93.4,transport_issue,2022-23,2827,751.1,965.8
11-08-2022,Kandri,Maharashtra,1006.88,913.65,93.23,9.3,22.1,0,FALSE,0,74.7,88.1,transport_issue,2022-23,2827,751.1,913.65
12-08-2022,Kandri,Maharashtra,1006.88,874.21,132.67,13.2,85.1,0,FALSE,0,75.8,94.9,heavy_rainfall,2022-23,2827,751.1,874.21
13-08-2022,Kandri,Maharashtra,1006.88,901.03,105.85,10.5,52.4,0,FALSE,0,75.5,89.3,heavy_rainfall,2022-23,2827,751.1,901.03
14-08-2022,Kandri,Maharashtra,1006.88,899.04,107.84,10.7,16.9,0,TRUE,4.1,78.7,90.6,transport_issue,2022-23,2827,751.1,899.04
15-08-2022,Kandri,Maharashtra,1006.88,1005.26,1.62,0.2,26.7,0,FALSE,0,87.8,100,transport_issue,2022-23,2827,751.1,1005.26
16-08-2022,Kandri,Maharashtra,1006.88,922.6,84.28,8.4,3.5,0,FALSE,0,76.6,88.4,transport_issue,2022-23,2827,751.1,922.6
17-08-2022,Kandri,Maharashtra,1006.88,943.59,63.29,6.3,63.9,0,FALSE,0,82.1,88.2,heavy_rainfall,2022-23,2827,751.1,943.59
18-08-2022,Kandri,Maharashtra,1006.88,958.31,48.57,4.8,23.7,0,FALSE,0,83.7,93.5,transport_issue,2022-23,2827,751.1,958.31
19-08-2022,Kandri,Maharashtra,1006.88,894.74,112.14,11.1,51.2,0,TRUE,2.2,81.9,92,heavy_rainfall,2022-23,2827,751.1,894.74
20-08-2022,Kandri,Maharashtra,1006.88,987.05,19.83,2,32.6,0,FALSE,0,86,93.2,transport_issue,2022-23,2827,751.1,987.05
21-08-2022,Kandri,Maharashtra,1006.88,966.22,40.66,4,15,0,FALSE,0,85,92.7,transport_issue,2022-23,2827,751.1,966.22
22-08-2022,Kandri,Maharashtra,1006.88,954.22,52.66,5.2,18.7,0,FALSE,0,86.6,96.1,transport_issue,2022-23,2827,751.1,954.22
23-08-2022,Kandri,Maharashtra,1006.88,978.02,28.86,2.9,10.2,0,FALSE,0,80,92.6,transport_issue,2022-23,2827,751.1,978.02
24-08-2022,Kandri,Maharashtra,1006.88,949.59,57.29,5.7,27.8,0,FALSE,0,77.4,93.5,transport_issue,2022-23,2827,751.1,949.59
25-08-2022,Kandri,Maharashtra,1006.88,981,25.88,2.6,18,0,FALSE,0,82.5,90.2,transport_issue,2022-23,2827,751.1,981
26-08-2022,Kandri,Maharashtra,1006.88,948.72,58.16,5.8,26.1,0,FALSE,0,86,90.9,transport_issue,2022-23,2827,751.1,948.72
27-08-2022,Kandri,Maharashtra,1006.88,907.97,98.91,9.8,64.9,0,FALSE,0,80.1,90.2,heavy_rainfall,2022-23,2827,751.1,907.97
28-08-2022,Kandri,Maharashtra,1006.88,940.67,66.21,6.6,40.6,0,FALSE,0,87.3,94.6,heavy_rainfall,2022-23,2827,751.1,940.67
29-08-2022,Kandri,Maharashtra,1006.88,878.52,128.36,12.7,48.5,4.2,FALSE,0,88.8,98.4,heavy_rainfall,2022-23,2827,751.1,878.52
30-08-2022,Kandri,Maharashtra,1006.88,979.14,27.74,2.8,9.4,0,FALSE,0,88.6,97.9,transport_issue,2022-23,2827,751.1,979.14
31-08-2022,Kandri,Maharashtra,1006.88,975.57,31.31,3.1,12.3,0,FALSE,0,95.2,89.3,labour_shortage,2022-23,2827,751.1,975.57
01-09-2022,Kandri,Maharashtra,1006.88,955.98,50.9,5.1,16.9,0,FALSE,0,89.9,89.6,labour_shortage,2022-23,2827,751.1,955.98
02-09-2022,Kandri,Maharashtra,1006.88,934.68,72.2,7.2,28.6,0,FALSE,0,80.6,93.3,transport_issue,2022-23,2827,751.1,934.68
03-09-2022,Kandri,Maharashtra,1006.88,911.88,95,9.4,78.9,0,TRUE,1.6,87.8,97.5,heavy_rainfall,2022-23,2827,751.1,911.88
04-09-2022,Kandri,Maharashtra,1006.88,938.94,67.94,6.7,8.5,0,FALSE,0,77.7,86.7,transport_issue,2022-23,2827,751.1,938.94
05-09-2022,Kandri,Maharashtra,1006.88,962.45,44.43,4.4,20.7,0,FALSE,0,87.4,97,transport_issue,2022-23,2827,751.1,962.45
06-09-2022,Kandri,Maharashtra,1006.88,943.93,62.95,6.3,62.7,0,TRUE,2.1,92.7,96.3,heavy_rainfall,2022-23,2827,751.1,943.93
07-09-2022,Kandri,Maharashtra,1006.88,972.62,34.26,3.4,14,0,FALSE,0,81,99.4,transport_issue,2022-23,2827,751.1,972.62
08-09-2022,Kandri,Maharashtra,1006.88,1004.43,2.45,0.2,25.6,0,FALSE,0,84.6,100,transport_issue,2022-23,2827,751.1,1004.43
09-09-2022,Kandri,Maharashtra,1006.88,966.13,40.75,4,32.1,0,FALSE,0,81.9,89.3,transport_issue,2022-23,2827,751.1,966.13
10-09-2022,Kandri,Maharashtra,1006.88,894,112.88,11.2,25,4.4,FALSE,0,91.4,91.4,equipment_failure,2022-23,2827,751.1,894
11-09-2022,Kandri,Maharashtra,1006.88,912,94.88,9.4,44.2,0,FALSE,0,74.3,98.7,transport_issue,2022-23,2827,751.1,912
12-09-2022,Kandri,Maharashtra,1006.88,960.51,46.37,4.6,18.6,0,FALSE,0,85,93.2,transport_issue,2022-23,2827,751.1,960.51
13-09-2022,Kandri,Maharashtra,1006.88,974.87,32.01,3.2,28.7,0,FALSE,0,87.8,100,transport_issue,2022-23,2827,751.1,974.87
14-09-2022,Kandri,Maharashtra,1006.88,963.83,43.05,4.3,35.8,0,FALSE,0,80.6,92.8,transport_issue,2022-23,2827,751.1,963.83
15-09-2022,Kandri,Maharashtra,1006.88,947.62,59.26,5.9,36.2,0,FALSE,0,80.7,90.9,transport_issue,2022-23,2827,751.1,947.62
16-09-2022,Kandri,Maharashtra,1006.88,949.17,57.71,5.7,5.9,0,FALSE,0,74,97,transport_issue,2022-23,2827,751.1,949.17
17-09-2022,Kandri,Maharashtra,1006.88,972.91,33.97,3.4,36.7,0,FALSE,0,79.4,92.6,transport_issue,2022-23,2827,751.1,972.91
18-09-2022,Kandri,Maharashtra,1006.88,955.61,51.27,5.1,32.1,0,FALSE,0,88.8,90.3,transport_issue,2022-23,2827,751.1,955.61
19-09-2022,Kandri,Maharashtra,1006.88,935.86,71.02,7.1,13.8,0,FALSE,0,82.7,90.2,transport_issue,2022-23,2827,751.1,935.86
20-09-2022,Kandri,Maharashtra,1006.88,931.55,75.33,7.5,44.2,0,FALSE,0,69.6,99,transport_issue,2022-23,2827,751.1,931.55
21-09-2022,Kandri,Maharashtra,1006.88,966.49,40.39,4,3.7,0,FALSE,0,85.7,97.8,transport_issue,2022-23,2827,751.1,966.49
22-09-2022,Kandri,Maharashtra,1006.88,984.01,22.87,2.3,2.7,0,FALSE,0,90.4,94.1,transport_issue,2022-23,2827,751.1,984.01
23-09-2022,Kandri,Maharashtra,1006.88,930.81,76.07,7.6,27.2,0,FALSE,0,76.6,99,transport_issue,2022-23,2827,751.1,930.81
24-09-2022,Kandri,Maharashtra,1006.88,967.57,39.31,3.9,55.6,0,FALSE,0,86.8,95.7,heavy_rainfall,2022-23,2827,751.1,967.57
25-09-2022,Kandri,Maharashtra,1006.88,818.48,188.4,18.7,51.8,6.8,TRUE,1.9,80.5,90.1,heavy_rainfall,2022-23,2827,751.1,818.48
26-09-2022,Kandri,Maharashtra,1006.88,913.22,93.66,9.3,64,0,TRUE,3.9,92.2,95.6,heavy_rainfall,2022-23,2827,751.1,913.22
27-09-2022,Kandri,Maharashtra,1006.88,971.23,35.65,3.5,3.5,0,FALSE,0,73.5,98.6,transport_issue,2022-23,2827,751.1,971.23
28-09-2022,Kandri,Maharashtra,1006.88,979.72,27.16,2.7,4.2,0,FALSE,0,85.5,96.8,transport_issue,2022-23,2827,751.1,979.72
29-09-2022,Kandri,Maharashtra,1006.88,951.35,55.53,5.5,20.9,0,FALSE,0,82.4,92.9,transport_issue,2022-23,2827,751.1,951.35
30-09-2022,Kandri,Maharashtra,1006.88,955.83,51.05,5.1,16.6,0,FALSE,0,82.5,93.5,transport_issue,2022-23,2827,751.1,955.83
01-10-2022,Kandri,Maharashtra,1006.88,968.97,37.91,3.8,5.6,0,FALSE,0,89.6,91.1,transport_issue,2022-23,2827,751.1,968.97
02-10-2022,Kandri,Maharashtra,1006.88,1003.12,3.76,0.4,5.3,0,FALSE,0,91.4,99.4,transport_issue,2022-23,2827,751.1,1003.12
03-10-2022,Kandri,Maharashtra,1006.88,987.56,19.32,1.9,7.6,0,FALSE,0,94.9,83,labour_shortage,2022-23,2827,751.1,987.56
04-10-2022,Kandri,Maharashtra,1006.88,1016.22,-9.34,-0.9,1.2,0,FALSE,0,100,93.1,none,2022-23,2827,751.1,1016.22
05-10-2022,Kandri,Maharashtra,1006.88,949.83,57.05,5.7,0.9,0,TRUE,1.8,93.3,93.8,transport_issue,2022-23,2827,751.1,949.83
06-10-2022,Kandri,Maharashtra,1006.88,973.87,33.01,3.3,4,0,FALSE,0,95.1,100,transport_issue,2022-23,2827,751.1,973.87
07-10-2022,Kandri,Maharashtra,1006.88,970.31,36.57,3.6,2.8,0,FALSE,0,84.9,93,transport_issue,2022-23,2827,751.1,970.31
08-10-2022,Kandri,Maharashtra,1006.88,981.25,25.63,2.5,2,0,FALSE,0,89.3,97.6,transport_issue,2022-23,2827,751.1,981.25
09-10-2022,Kandri,Maharashtra,1006.88,994.93,11.95,1.2,1.6,0,FALSE,0,93.1,97.7,transport_issue,2022-23,2827,751.1,994.93
10-10-2022,Kandri,Maharashtra,1006.88,991.4,15.48,1.5,6.5,0,FALSE,0,92.8,97.8,transport_issue,2022-23,2827,751.1,991.4
11-10-2022,Kandri,Maharashtra,1006.88,973.87,33.01,3.3,0.8,0,FALSE,0,90.6,96.5,transport_issue,2022-23,2827,751.1,973.87
12-10-2022,Kandri,Maharashtra,1006.88,980.76,26.12,2.6,3.2,0,FALSE,0,100,96.6,labour_shortage,2022-23,2827,751.1,980.76
13-10-2022,Kandri,Maharashtra,1006.88,966.38,40.5,4,0.7,0,FALSE,0,94.7,92,labour_shortage,2022-23,2827,751.1,966.38
14-10-2022,Kandri,Maharashtra,1006.88,941.97,64.91,6.4,2.4,0,FALSE,0,90.1,88.6,labour_shortage,2022-23,2827,751.1,941.97
15-10-2022,Kandri,Maharashtra,1006.88,1006.58,0.3,0,1.2,0,FALSE,0,100,97.2,labour_shortage,2022-23,2827,751.1,1006.58
16-10-2022,Kandri,Maharashtra,1006.88,979.82,27.06,2.7,1.5,0,FALSE,0,94.1,92.3,labour_shortage,2022-23,2827,751.1,979.82
17-10-2022,Kandri,Maharashtra,1006.88,1034.22,-27.34,-2.7,1,0,FALSE,0,100,98.3,none,2022-23,2827,751.1,1034.22
18-10-2022,Kandri,Maharashtra,1006.88,948.28,58.6,5.8,2,0,FALSE,0,89.3,88.1,labour_shortage,2022-23,2827,751.1,948.28
19-10-2022,Kandri,Maharashtra,1006.88,972.91,33.97,3.4,4.4,0,FALSE,0,96.2,98.7,transport_issue,2022-23,2827,751.1,972.91
20-10-2022,Kandri,Maharashtra,1006.88,1001.01,5.87,0.6,5.8,0,FALSE,0,91.4,90.6,labour_shortage,2022-23,2827,751.1,1001.01
21-10-2022,Kandri,Maharashtra,1006.88,958.2,48.68,4.8,3.4,0,FALSE,0,92.9,96.9,transport_issue,2022-23,2827,751.1,958.2
22-10-2022,Kandri,Maharashtra,1006.88,946.18,60.7,6,1.8,3.1,FALSE,0,98,99.5,equipment_failure,2022-23,2827,751.1,946.18
23-10-2022,Kandri,Maharashtra,1006.88,971.57,35.31,3.5,3.1,0,FALSE,0,96.8,99.9,transport_issue,2022-23,2827,751.1,971.57
24-10-2022,Kandri,Maharashtra,1006.88,1003.53,3.35,0.3,0.2,0,FALSE,0,100,96.1,labour_shortage,2022-23,2827,751.1,1003.53
25-10-2022,Kandri,Maharashtra,1006.88,994.01,12.87,1.3,1.6,0,FALSE,0,89.6,99.1,transport_issue,2022-23,2827,751.1,994.01
26-10-2022,Kandri,Maharashtra,1006.88,996.29,10.59,1.1,5.1,0,FALSE,0,87.2,94.1,transport_issue,2022-23,2827,751.1,996.29
27-10-2022,Kandri,Maharashtra,1006.88,917.99,88.89,8.8,4,0,TRUE,4,87.8,97.5,transport_issue,2022-23,2827,751.1,917.99
28-10-2022,Kandri,Maharashtra,1006.88,1017.52,-10.64,-1.1,4.8,0,FALSE,0,96.9,95.3,none,2022-23,2827,751.1,1017.52
29-10-2022,Kandri,Maharashtra,1006.88,963.62,43.26,4.3,0.6,0,FALSE,0,89.6,91.2,transport_issue,2022-23,2827,751.1,963.62
30-10-2022,Kandri,Maharashtra,1006.88,970,36.88,3.7,4.9,0,FALSE,0,90.8,89,labour_shortage,2022-23,2827,751.1,970
31-10-2022,Kandri,Maharashtra,1006.88,961.61,45.27,4.5,4.3,0,TRUE,3,95,96,blasting_delay,2022-23,2827,751.1,961.61
01-11-2022,Kandri,Maharashtra,1006.88,1017.1,-10.22,-1,4.5,0,FALSE,0,100,92.5,none,2022-23,2827,751.1,1017.1
02-11-2022,Kandri,Maharashtra,1006.88,991.41,15.47,1.5,2.9,0,FALSE,0,84.9,94.1,transport_issue,2022-23,2827,751.1,991.41
03-11-2022,Kandri,Maharashtra,1006.88,969.08,37.8,3.8,6.6,0,FALSE,0,99.2,95,labour_shortage,2022-23,2827,751.1,969.08
04-11-2022,Kandri,Maharashtra,1006.88,1000.26,6.62,0.7,0.7,0,FALSE,0,96.3,88.5,labour_shortage,2022-23,2827,751.1,1000.26
05-11-2022,Kandri,Maharashtra,1006.88,973.94,32.94,3.3,1.8,0,FALSE,0,90.3,99.9,transport_issue,2022-23,2827,751.1,973.94
06-11-2022,Kandri,Maharashtra,1006.88,953.86,53.02,5.3,4.1,0,FALSE,0,81.8,92.5,transport_issue,2022-23,2827,751.1,953.86
07-11-2022,Kandri,Maharashtra,1006.88,947.11,59.77,5.9,2,0,FALSE,0,83.5,95.7,transport_issue,2022-23,2827,751.1,947.11
08-11-2022,Kandri,Maharashtra,1006.88,983.46,23.42,2.3,2.9,0,FALSE,0,98,100,none,2022-23,2827,751.1,983.46
09-11-2022,Kandri,Maharashtra,1006.88,939.6,67.28,6.7,4.8,0,FALSE,0,83,95,transport_issue,2022-23,2827,751.1,939.6
10-11-2022,Kandri,Maharashtra,1006.88,918.91,87.97,8.7,1.6,0,TRUE,5,89.5,96.5,transport_issue,2022-23,2827,751.1,918.91
11-11-2022,Kandri,Maharashtra,1006.88,980.95,25.93,2.6,1.1,0,FALSE,0,90.2,89.8,labour_shortage,2022-23,2827,751.1,980.95
12-11-2022,Kandri,Maharashtra,1006.88,967.27,39.61,3.9,4.6,0,FALSE,0,88.9,98.8,transport_issue,2022-23,2827,751.1,967.27
13-11-2022,Kandri,Maharashtra,1006.88,968.07,38.81,3.9,3.4,0,FALSE,0,81.6,92.5,transport_issue,2022-23,2827,751.1,968.07
14-11-2022,Kandri,Maharashtra,1006.88,902.72,104.16,10.3,6.2,5.2,FALSE,0,91.9,99.1,equipment_failure,2022-23,2827,751.1,902.72
15-11-2022,Kandri,Maharashtra,1006.88,901.2,105.68,10.5,1.7,4.4,FALSE,0,96.3,89.6,labour_shortage,2022-23,2827,751.1,901.2
16-11-2022,Kandri,Maharashtra,1006.88,959.12,47.76,4.7,1.5,0,FALSE,0,91.7,95.8,transport_issue,2022-23,2827,751.1,959.12
17-11-2022,Kandri,Maharashtra,1006.88,906.34,100.54,10,3.8,0,TRUE,3.6,87.1,90.2,transport_issue,2022-23,2827,751.1,906.34
18-11-2022,Kandri,Maharashtra,1006.88,998.1,8.78,0.9,3.4,0,FALSE,0,87.8,92.8,transport_issue,2022-23,2827,751.1,998.1
19-11-2022,Kandri,Maharashtra,1006.88,930.21,76.67,7.6,2.4,0,TRUE,4.4,95.2,98.8,blasting_delay,2022-23,2827,751.1,930.21
20-11-2022,Kandri,Maharashtra,1006.88,958.73,48.15,4.8,3.5,0,FALSE,0,88.8,92.2,transport_issue,2022-23,2827,751.1,958.73
21-11-2022,Kandri,Maharashtra,1006.88,895,111.88,11.1,8.1,6.6,FALSE,0,98.4,89.9,equipment_failure,2022-23,2827,751.1,895
22-11-2022,Kandri,Maharashtra,1006.88,934.33,72.55,7.2,2.2,0,FALSE,0,71.9,93,transport_issue,2022-23,2827,751.1,934.33
23-11-2022,Kandri,Maharashtra,1006.88,977.79,29.09,2.9,10,0,FALSE,0,87.3,98.4,transport_issue,2022-23,2827,751.1,977.79
24-11-2022,Kandri,Maharashtra,1006.88,994.54,12.34,1.2,2.6,0,FALSE,0,98.9,99.4,none,2022-23,2827,751.1,994.54
25-11-2022,Kandri,Maharashtra,1006.88,942.3,64.58,6.4,2.6,0,FALSE,0,81,98.6,transport_issue,2022-23,2827,751.1,942.3
26-11-2022,Kandri,Maharashtra,1006.88,975.35,31.53,3.1,6.7,0,FALSE,0,84,100,transport_issue,2022-23,2827,751.1,975.35
27-11-2022,Kandri,Maharashtra,1006.88,982.65,24.23,2.4,1.9,0,FALSE,0,98.7,95.9,labour_shortage,2022-23,2827,751.1,982.65
28-11-2022,Kandri,Maharashtra,1006.88,992.99,13.89,1.4,4,0,FALSE,0,92.7,93.1,transport_issue,2022-23,2827,751.1,992.99
29-11-2022,Kandri,Maharashtra,1006.88,969.31,37.57,3.7,3.3,0,TRUE,3.9,92.7,100,blasting_delay,2022-23,2827,751.1,969.31
30-11-2022,Kandri,Maharashtra,1006.88,1012.09,-5.21,-0.5,4.2,0,FALSE,0,98,89.7,none,2022-23,2827,751.1,1012.09
01-12-2022,Kandri,Maharashtra,1006.88,944.16,62.72,6.2,8,0,FALSE,0,85.2,89.1,transport_issue,2022-23,2827,751.1,944.16
02-12-2022,Kandri,Maharashtra,1006.88,993.64,13.24,1.3,0.9,0,FALSE,0,100,98.8,none,2022-23,2827,751.1,993.64
03-12-2022,Kandri,Maharashtra,1006.88,958.66,48.22,4.8,6.9,0,FALSE,0,90.3,95,transport_issue,2022-23,2827,751.1,958.66
04-12-2022,Kandri,Maharashtra,1006.88,861.7,145.18,14.4,5.8,7.5,FALSE,0,81.3,97.4,transport_issue,2022-23,2827,751.1,861.7
05-12-2022,Kandri,Maharashtra,1006.88,1020.49,-13.61,-1.4,8.5,0,FALSE,0,97.2,97.9,none,2022-23,2827,751.1,1020.49
06-12-2022,Kandri,Maharashtra,1006.88,969.64,37.24,3.7,13.1,0,FALSE,0,75.6,95.4,transport_issue,2022-23,2827,751.1,969.64
07-12-2022,Kandri,Maharashtra,1006.88,944.52,62.36,6.2,2.3,0,FALSE,0,83.8,92.9,transport_issue,2022-23,2827,751.1,944.52
08-12-2022,Kandri,Maharashtra,1006.88,990.4,16.48,1.6,6.8,0,FALSE,0,100,93.4,labour_shortage,2022-23,2827,751.1,990.4
09-12-2022,Kandri,Maharashtra,1006.88,877.91,128.97,12.8,0.4,7.2,FALSE,0,82.2,97.2,transport_issue,2022-23,2827,751.1,877.91
10-12-2022,Kandri,Maharashtra,1006.88,974.48,32.4,3.2,3.4,0,FALSE,0,91.4,99.2,transport_issue,2022-23,2827,751.1,974.48
11-12-2022,Kandri,Maharashtra,1006.88,1016.87,-9.99,-1,4.2,0,FALSE,0,97.9,100,none,2022-23,2827,751.1,1016.87
12-12-2022,Kandri,Maharashtra,1006.88,952.9,53.98,5.4,1.8,0,TRUE,3.1,92.7,87.3,labour_shortage,2022-23,2827,751.1,952.9
13-12-2022,Kandri,Maharashtra,1006.88,971.11,35.77,3.6,5.2,0,FALSE,0,96.8,100,transport_issue,2022-23,2827,751.1,971.11
14-12-2022,Kandri,Maharashtra,1006.88,994.32,12.56,1.2,1.5,0,FALSE,0,100,92.6,labour_shortage,2022-23,2827,751.1,994.32
15-12-2022,Kandri,Maharashtra,1006.88,1002.43,4.45,0.4,1.2,0,FALSE,0,92.3,98.5,transport_issue,2022-23,2827,751.1,1002.43
16-12-2022,Kandri,Maharashtra,1006.88,953.63,53.25,5.3,11.6,0,FALSE,0,86.1,88.4,transport_issue,2022-23,2827,751.1,953.63
17-12-2022,Kandri,Maharashtra,1006.88,978.94,27.94,2.8,5.2,0,TRUE,1.5,84.5,98.5,transport_issue,2022-23,2827,751.1,978.94
18-12-2022,Kandri,Maharashtra,1006.88,980.89,25.99,2.6,0.4,0,FALSE,0,91.1,100,transport_issue,2022-23,2827,751.1,980.89
19-12-2022,Kandri,Maharashtra,1006.88,975.97,30.91,3.1,1.4,0,FALSE,0,94.8,97.8,transport_issue,2022-23,2827,751.1,975.97
20-12-2022,Kandri,Maharashtra,1006.88,946.04,60.84,6,2.3,0,TRUE,3,87,97.3,transport_issue,2022-23,2827,751.1,946.04
21-12-2022,Kandri,Maharashtra,1006.88,1012.33,-5.45,-0.5,3.6,0,FALSE,0,95.6,95.4,none,2022-23,2827,751.1,1012.33
22-12-2022,Kandri,Maharashtra,1006.88,845.75,161.13,16,1.8,6.6,FALSE,0,87.8,82.1,labour_shortage,2022-23,2827,751.1,845.75
23-12-2022,Kandri,Maharashtra,1006.88,986.11,20.77,2.1,4.5,0,FALSE,0,89.2,100,transport_issue,2022-23,2827,751.1,986.11
24-12-2022,Kandri,Maharashtra,1006.88,962.1,44.78,4.4,8.3,0,FALSE,0,87.6,93.5,transport_issue,2022-23,2827,751.1,962.1
25-12-2022,Kandri,Maharashtra,1006.88,951.27,55.61,5.5,0.3,0,FALSE,0,84.9,100,transport_issue,2022-23,2827,751.1,951.27
26-12-2022,Kandri,Maharashtra,1006.88,968.98,37.9,3.8,11,2.5,FALSE,0,91.3,99.7,transport_issue,2022-23,2827,751.1,968.98
27-12-2022,Kandri,Maharashtra,1006.88,968.46,38.42,3.8,0.4,0,FALSE,0,93.9,93.6,labour_shortage,2022-23,2827,751.1,968.46
28-12-2022,Kandri,Maharashtra,1006.88,1020.89,-14.01,-1.4,3.9,0,FALSE,0,92.6,100,none,2022-23,2827,751.1,1020.89
29-12-2022,Kandri,Maharashtra,1006.88,940.48,66.4,6.6,2.1,4.8,FALSE,0,90.6,98.5,equipment_failure,2022-23,2827,751.1,940.48
30-12-2022,Kandri,Maharashtra,1006.88,877.94,128.94,12.8,10.3,6.5,FALSE,0,83.1,98.5,transport_issue,2022-23,2827,751.1,877.94
31-12-2022,Kandri,Maharashtra,1006.88,991.89,14.99,1.5,1.8,0,FALSE,0,84.3,93.4,transport_issue,2022-23,2827,751.1,991.89
01-01-2023,Kandri,Maharashtra,1006.88,991.63,15.25,1.5,10.1,0,FALSE,0,92.5,100,transport_issue,2022-23,2827,751.1,991.63
02-01-2023,Kandri,Maharashtra,1006.88,998.62,8.26,0.8,12,0,FALSE,0,93,97.6,transport_issue,2022-23,2827,751.1,998.62
03-01-2023,Kandri,Maharashtra,1006.88,963.46,43.42,4.3,5.9,0,FALSE,0,90.8,96.3,transport_issue,2022-23,2827,751.1,963.46
04-01-2023,Kandri,Maharashtra,1006.88,953.42,53.46,5.3,4.1,0,FALSE,0,86.9,92.4,transport_issue,2022-23,2827,751.1,953.42
05-01-2023,Kandri,Maharashtra,1006.88,1019.86,-12.98,-1.3,4.1,0,FALSE,0,100,99.8,none,2022-23,2827,751.1,1019.86
06-01-2023,Kandri,Maharashtra,1006.88,1026.18,-19.3,-1.9,6.8,0,FALSE,0,96.3,100,none,2022-23,2827,751.1,1026.18
07-01-2023,Kandri,Maharashtra,1006.88,919.54,87.34,8.7,12.3,5,FALSE,0,84.7,96.5,transport_issue,2022-23,2827,751.1,919.54
08-01-2023,Kandri,Maharashtra,1006.88,987.09,19.79,2,8.2,0,TRUE,2.6,97.2,95.3,blasting_delay,2022-23,2827,751.1,987.09
09-01-2023,Kandri,Maharashtra,1006.88,940.91,65.97,6.6,6.1,4.4,FALSE,0,100,100,equipment_failure,2022-23,2827,751.1,940.91
10-01-2023,Kandri,Maharashtra,1006.88,896.14,110.74,11,1.8,6.4,FALSE,0,100,94.8,equipment_failure,2022-23,2827,751.1,896.14
11-01-2023,Kandri,Maharashtra,1006.88,976.39,30.49,3,7,0,FALSE,0,98.4,89.4,labour_shortage,2022-23,2827,751.1,976.39
12-01-2023,Kandri,Maharashtra,1006.88,966.17,40.71,4,2.8,0,FALSE,0,87.7,99.5,transport_issue,2022-23,2827,751.1,966.17
13-01-2023,Kandri,Maharashtra,1006.88,956.1,50.78,5,4.8,0,FALSE,0,88.4,99.6,transport_issue,2022-23,2827,751.1,956.1
14-01-2023,Kandri,Maharashtra,1006.88,983.73,23.15,2.3,4.8,0,FALSE,0,93.3,87.2,labour_shortage,2022-23,2827,751.1,983.73
15-01-2023,Kandri,Maharashtra,1006.88,975.57,31.31,3.1,8.7,0,TRUE,1.4,87.2,97.5,transport_issue,2022-23,2827,751.1,975.57
16-01-2023,Kandri,Maharashtra,1006.88,969.68,37.2,3.7,3,0,FALSE,0,89.8,99.9,transport_issue,2022-23,2827,751.1,969.68
17-01-2023,Kandri,Maharashtra,1006.88,1019.86,-12.98,-1.3,18.2,0,FALSE,0,96.3,96,none,2022-23,2827,751.1,1019.86
18-01-2023,Kandri,Maharashtra,1006.88,977.88,29,2.9,4.2,0,FALSE,0,100,95.1,labour_shortage,2022-23,2827,751.1,977.88
19-01-2023,Kandri,Maharashtra,1006.88,969.99,36.89,3.7,6.1,0,FALSE,0,86.5,91.4,transport_issue,2022-23,2827,751.1,969.99
20-01-2023,Kandri,Maharashtra,1006.88,999.28,7.6,0.8,8.5,0,FALSE,0,86.7,97.7,transport_issue,2022-23,2827,751.1,999.28
21-01-2023,Kandri,Maharashtra,1006.88,971.18,35.7,3.5,1.1,3.2,FALSE,0,100,97.4,equipment_failure,2022-23,2827,751.1,971.18
22-01-2023,Kandri,Maharashtra,1006.88,974.88,32,3.2,6.4,0,FALSE,0,93.3,95.2,transport_issue,2022-23,2827,751.1,974.88
23-01-2023,Kandri,Maharashtra,1006.88,926.7,80.18,8,11.5,0,TRUE,6,89.3,97.3,blasting_delay,2022-23,2827,751.1,926.7
24-01-2023,Kandri,Maharashtra,1006.88,972.31,34.57,3.4,4.5,0,FALSE,0,95.2,96.8,transport_issue,2022-23,2827,751.1,972.31
25-01-2023,Kandri,Maharashtra,1006.88,995.42,11.46,1.1,4.6,0,FALSE,0,97,95.2,labour_shortage,2022-23,2827,751.1,995.42
26-01-2023,Kandri,Maharashtra,1006.88,981.32,25.56,2.5,0.5,0,FALSE,0,96.9,90.8,labour_shortage,2022-23,2827,751.1,981.32
27-01-2023,Kandri,Maharashtra,1006.88,1022.72,-15.84,-1.6,2.5,0,FALSE,0,96.2,99.2,none,2022-23,2827,751.1,1022.72
28-01-2023,Kandri,Maharashtra,1006.88,952.49,54.39,5.4,3.6,0,FALSE,0,87.4,100,transport_issue,2022-23,2827,751.1,952.49
29-01-2023,Kandri,Maharashtra,1006.88,950.02,56.86,5.6,3.3,0,FALSE,0,90.5,87.8,labour_shortage,2022-23,2827,751.1,950.02
30-01-2023,Kandri,Maharashtra,1006.88,978.49,28.39,2.8,4.9,0,FALSE,0,84.6,95.1,transport_issue,2022-23,2827,751.1,978.49
31-01-2023,Kandri,Maharashtra,1006.88,1019.63,-12.75,-1.3,2.3,0,FALSE,0,93.8,100,none,2022-23,2827,751.1,1019.63
01-02-2023,Kandri,Maharashtra,1006.88,1000.33,6.55,0.7,17,0,FALSE,0,87.6,98.8,transport_issue,2022-23,2827,751.1,1000.33
02-02-2023,Kandri,Maharashtra,1006.88,986.94,19.94,2,7.7,0,FALSE,0,90.5,90.8,transport_issue,2022-23,2827,751.1,986.94
03-02-2023,Kandri,Maharashtra,1006.88,970.83,36.05,3.6,1.3,0,FALSE,0,90.5,93.5,transport_issue,2022-23,2827,751.1,970.83
04-02-2023,Kandri,Maharashtra,1006.88,969.37,37.51,3.7,2,0,FALSE,0,91.8,100,transport_issue,2022-23,2827,751.1,969.37
05-02-2023,Kandri,Maharashtra,1006.88,983.3,23.58,2.3,1.6,0,FALSE,0,94.2,98.4,transport_issue,2022-23,2827,751.1,983.3
06-02-2023,Kandri,Maharashtra,1006.88,878.35,128.53,12.8,3.1,10.1,FALSE,0,100,100,equipment_failure,2022-23,2827,751.1,878.35
07-02-2023,Kandri,Maharashtra,1006.88,838.6,168.28,16.7,2.5,7.9,FALSE,0,88.6,93.8,equipment_failure,2022-23,2827,751.1,838.6
08-02-2023,Kandri,Maharashtra,1006.88,934.06,72.82,7.2,6,2,FALSE,0,82.9,93.9,transport_issue,2022-23,2827,751.1,934.06
09-02-2023,Kandri,Maharashtra,1006.88,954.53,52.35,5.2,1.7,0,FALSE,0,89.5,82.1,labour_shortage,2022-23,2827,751.1,954.53
10-02-2023,Kandri,Maharashtra,1006.88,886.51,120.37,12,10.1,4.8,FALSE,0,92.7,88.9,labour_shortage,2022-23,2827,751.1,886.51
11-02-2023,Kandri,Maharashtra,1006.88,970.04,36.84,3.7,5.8,0,FALSE,0,84.9,96.9,transport_issue,2022-23,2827,751.1,970.04
12-02-2023,Kandri,Maharashtra,1006.88,993.68,13.2,1.3,4,0,FALSE,0,100,92.8,labour_shortage,2022-23,2827,751.1,993.68
13-02-2023,Kandri,Maharashtra,1006.88,988.19,18.69,1.9,3.9,0,FALSE,0,98.1,93.4,labour_shortage,2022-23,2827,751.1,988.19
14-02-2023,Kandri,Maharashtra,1006.88,962.87,44.01,4.4,11.8,0,FALSE,0,86.6,89.9,transport_issue,2022-23,2827,751.1,962.87
15-02-2023,Kandri,Maharashtra,1006.88,990.26,16.62,1.7,1,0,TRUE,3.4,100,100,blasting_delay,2022-23,2827,751.1,990.26
16-02-2023,Kandri,Maharashtra,1006.88,901.77,105.11,10.4,3.4,0,TRUE,4.5,86.1,85.9,labour_shortage,2022-23,2827,751.1,901.77
17-02-2023,Kandri,Maharashtra,1006.88,868.47,138.41,13.7,5.3,6.9,FALSE,0,91.2,92.9,equipment_failure,2022-23,2827,751.1,868.47
18-02-2023,Kandri,Maharashtra,1006.88,983.01,23.87,2.4,6.5,0,FALSE,0,97.2,93.6,labour_shortage,2022-23,2827,751.1,983.01
19-02-2023,Kandri,Maharashtra,1006.88,954.12,52.76,5.2,1.1,0,FALSE,0,83.1,92.4,transport_issue,2022-23,2827,751.1,954.12
20-02-2023,Kandri,Maharashtra,1006.88,1008.67,-1.79,-0.2,0.3,0,FALSE,0,91.8,99.8,none,2022-23,2827,751.1,1008.67
21-02-2023,Kandri,Maharashtra,1006.88,962.88,44,4.4,5.4,0,FALSE,0,94.2,94.1,labour_shortage,2022-23,2827,751.1,962.88
22-02-2023,Kandri,Maharashtra,1006.88,941.1,65.78,6.5,4.5,0,TRUE,2.9,93,92.3,labour_shortage,2022-23,2827,751.1,941.1
23-02-2023,Kandri,Maharashtra,1006.88,923.29,83.59,8.3,8.6,4.3,FALSE,0,88.2,96.3,transport_issue,2022-23,2827,751.1,923.29
24-02-2023,Kandri,Maharashtra,1006.88,907.11,99.77,9.9,1.5,0,TRUE,3.4,88.2,86.9,labour_shortage,2022-23,2827,751.1,907.11
25-02-2023,Kandri,Maharashtra,1006.88,957.36,49.52,4.9,3.4,0,FALSE,0,84.1,96.6,transport_issue,2022-23,2827,751.1,957.36
26-02-2023,Kandri,Maharashtra,1006.88,997,9.88,1,2.2,0,FALSE,0,88,97.1,transport_issue,2022-23,2827,751.1,997
27-02-2023,Kandri,Maharashtra,1006.88,976.02,30.86,3.1,1.2,0,TRUE,2.5,96.3,91.1,labour_shortage,2022-23,2827,751.1,976.02
28-02-2023,Kandri,Maharashtra,1006.88,966.15,40.73,4,10.8,0,FALSE,0,89.5,86.7,labour_shortage,2022-23,2827,751.1,966.15
01-03-2023,Kandri,Maharashtra,1006.88,947.8,59.08,5.9,3.6,0,FALSE,0,81.4,93.4,transport_issue,2022-23,2827,751.1,947.8
02-03-2023,Kandri,Maharashtra,1006.88,970.2,36.68,3.6,7.1,0,FALSE,0,89.7,100,transport_issue,2022-23,2827,751.1,970.2
03-03-2023,Kandri,Maharashtra,1006.88,1003.83,3.05,0.3,0.3,0,FALSE,0,96.2,91.3,labour_shortage,2022-23,2827,751.1,1003.83
04-03-2023,Kandri,Maharashtra,1006.88,965.15,41.73,4.1,1.3,0,FALSE,0,89.1,96.3,transport_issue,2022-23,2827,751.1,965.15
05-03-2023,Kandri,Maharashtra,1006.88,983.4,23.48,2.3,2.6,0,FALSE,0,87.4,92.9,transport_issue,2022-23,2827,751.1,983.4
06-03-2023,Kandri,Maharashtra,1006.88,977.54,29.34,2.9,2.8,0,FALSE,0,100,93,labour_shortage,2022-23,2827,751.1,977.54
07-03-2023,Kandri,Maharashtra,1006.88,1002.86,4.02,0.4,4.9,0,FALSE,0,96.2,98.2,transport_issue,2022-23,2827,751.1,1002.86
08-03-2023,Kandri,Maharashtra,1006.88,988.63,18.25,1.8,6.8,0,FALSE,0,83.5,98.6,transport_issue,2022-23,2827,751.1,988.63
09-03-2023,Kandri,Maharashtra,1006.88,992.8,14.08,1.4,1.2,0,FALSE,0,91.9,91.1,labour_shortage,2022-23,2827,751.1,992.8
10-03-2023,Kandri,Maharashtra,1006.88,909.35,97.53,9.7,1.8,5.5,FALSE,0,86.7,97.3,transport_issue,2022-23,2827,751.1,909.35
11-03-2023,Kandri,Maharashtra,1006.88,1011.99,-5.11,-0.5,5,0,FALSE,0,88,100,none,2022-23,2827,751.1,1011.99
12-03-2023,Kandri,Maharashtra,1006.88,991.24,15.64,1.6,0.3,0,FALSE,0,94.2,95.7,transport_issue,2022-23,2827,751.1,991.24
13-03-2023,Kandri,Maharashtra,1006.88,969.06,37.82,3.8,2.8,0,FALSE,0,92.9,93.6,transport_issue,2022-23,2827,751.1,969.06
14-03-2023,Kandri,Maharashtra,1006.88,1007.88,-1,-0.1,3.4,0,FALSE,0,96.3,94.4,none,2022-23,2827,751.1,1007.88
15-03-2023,Kandri,Maharashtra,1006.88,992.94,13.94,1.4,2.5,0,FALSE,0,90.3,91,transport_issue,2022-23,2827,751.1,992.94
16-03-2023,Kandri,Maharashtra,1006.88,971.25,35.63,3.5,3.6,0,FALSE,0,86.3,100,transport_issue,2022-23,2827,751.1,971.25
17-03-2023,Kandri,Maharashtra,1006.88,967.67,39.21,3.9,7.9,0,FALSE,0,83.6,94.5,transport_issue,2022-23,2827,751.1,967.67
18-03-2023,Kandri,Maharashtra,1006.88,995.93,10.95,1.1,8.7,0,FALSE,0,90.3,96.8,transport_issue,2022-23,2827,751.1,995.93
19-03-2023,Kandri,Maharashtra,1006.88,985.59,21.29,2.1,4.3,0,FALSE,0,93.8,99.4,transport_issue,2022-23,2827,751.1,985.59
20-03-2023,Kandri,Maharashtra,1006.88,1002.01,4.87,0.5,2.6,0,FALSE,0,92.6,92.4,labour_shortage,2022-23,2827,751.1,1002.01
21-03-2023,Kandri,Maharashtra,1006.88,1005.45,1.43,0.1,1.6,0,FALSE,0,91.8,98,transport_issue,2022-23,2827,751.1,1005.45
22-03-2023,Kandri,Maharashtra,1006.88,960.05,46.83,4.7,3.4,0,FALSE,0,92.9,87.7,labour_shortage,2022-23,2827,751.1,960.05
23-03-2023,Kandri,Maharashtra,1006.88,958.28,48.6,4.8,4.6,0,FALSE,0,84.1,86.6,transport_issue,2022-23,2827,751.1,958.28
24-03-2023,Kandri,Maharashtra,1006.88,880.91,125.97,12.5,8.9,6,FALSE,0,88.9,97,equipment_failure,2022-23,2827,751.1,880.91
25-03-2023,Kandri,Maharashtra,1006.88,1011.55,-4.67,-0.5,2.3,0,FALSE,0,93.4,98.9,none,2022-23,2827,751.1,1011.55
26-03-2023,Kandri,Maharashtra,1006.88,987.33,19.55,1.9,7.3,0,FALSE,0,96.9,95.5,labour_shortage,2022-23,2827,751.1,987.33
27-03-2023,Kandri,Maharashtra,1006.88,950.67,56.21,5.6,5.3,0,FALSE,0,90.4,93.9,transport_issue,2022-23,2827,751.1,950.67
28-03-2023,Kandri,Maharashtra,1006.88,974.12,32.76,3.3,2.5,0,FALSE,0,95.9,100,transport_issue,2022-23,2827,751.1,974.12
29-03-2023,Kandri,Maharashtra,1006.88,963.35,43.53,4.3,1.9,0,FALSE,0,90,91,transport_issue,2022-23,2827,751.1,963.35
30-03-2023,Kandri,Maharashtra,1006.88,963.73,43.15,4.3,1.6,0,FALSE,0,85.8,100,transport_issue,2022-23,2827,751.1,963.73
31-03-2023,Kandri,Maharashtra,1006.88,977.55,29.33,2.9,2.3,0,FALSE,0,85.9,100,transport_issue,2022-23,2827,751.1,977.55
01-04-2022,Munsar,Maharashtra,929.42,888.46,40.96,4.4,11.1,0,FALSE,0,93.8,93.1,labour_shortage,2022-23,2827,751.1,888.46
02-04-2022,Munsar,Maharashtra,929.42,901.17,28.25,3,1,0,FALSE,0,90.6,99.7,transport_issue,2022-23,2827,751.1,901.17
03-04-2022,Munsar,Maharashtra,929.42,828.63,100.79,10.8,0.6,3.9,FALSE,0,80.4,92.8,transport_issue,2022-23,2827,751.1,828.63
04-04-2022,Munsar,Maharashtra,929.42,825.08,104.34,11.2,2.9,4.4,FALSE,0,93,89,labour_shortage,2022-23,2827,751.1,825.08
05-04-2022,Munsar,Maharashtra,929.42,900.29,29.13,3.1,1.2,0,TRUE,4.2,96.6,98.1,blasting_delay,2022-23,2827,751.1,900.29
06-04-2022,Munsar,Maharashtra,929.42,869.39,60.03,6.5,4.2,0,TRUE,2.2,93,93.9,transport_issue,2022-23,2827,751.1,869.39
07-04-2022,Munsar,Maharashtra,929.42,817,112.42,12.1,2.3,6.4,FALSE,0,99.9,99.7,equipment_failure,2022-23,2827,751.1,817
08-04-2022,Munsar,Maharashtra,929.42,857.8,71.62,7.7,4.2,5.4,FALSE,0,96.5,96.3,equipment_failure,2022-23,2827,751.1,857.8
09-04-2022,Munsar,Maharashtra,929.42,912.27,17.15,1.8,0.8,0,FALSE,0,97.5,94.6,labour_shortage,2022-23,2827,751.1,912.27
10-04-2022,Munsar,Maharashtra,929.42,895.1,34.32,3.7,0.3,0,FALSE,0,100,89.2,labour_shortage,2022-23,2827,751.1,895.1
11-04-2022,Munsar,Maharashtra,929.42,908.86,20.56,2.2,4.6,0,FALSE,0,95.1,99.6,transport_issue,2022-23,2827,751.1,908.86
12-04-2022,Munsar,Maharashtra,929.42,822.88,106.54,11.5,2.7,5.3,FALSE,0,83.7,92.9,transport_issue,2022-23,2827,751.1,822.88
13-04-2022,Munsar,Maharashtra,929.42,891.88,37.54,4,3.3,0,FALSE,0,88.6,93.2,transport_issue,2022-23,2827,751.1,891.88
14-04-2022,Munsar,Maharashtra,929.42,903.21,26.21,2.8,4.2,0,FALSE,0,93.9,95.7,transport_issue,2022-23,2827,751.1,903.21
15-04-2022,Munsar,Maharashtra,929.42,881.69,47.73,5.1,3.5,0,FALSE,0,86.4,93,transport_issue,2022-23,2827,751.1,881.69
16-04-2022,Munsar,Maharashtra,929.42,921.88,7.54,0.8,1.5,0,FALSE,0,91.9,96.8,transport_issue,2022-23,2827,751.1,921.88
17-04-2022,Munsar,Maharashtra,929.42,954.98,-25.56,-2.8,2.6,0,FALSE,0,100,98.6,none,2022-23,2827,751.1,954.98
18-04-2022,Munsar,Maharashtra,929.42,900.6,28.82,3.1,5.2,0,FALSE,0,84.1,98.5,transport_issue,2022-23,2827,751.1,900.6
19-04-2022,Munsar,Maharashtra,929.42,940.77,-11.35,-1.2,11.2,0,FALSE,0,99.7,97.3,none,2022-23,2827,751.1,940.77
20-04-2022,Munsar,Maharashtra,929.42,788.78,140.64,15.1,7.3,3.7,TRUE,5,92.4,89.2,labour_shortage,2022-23,2827,751.1,788.78
21-04-2022,Munsar,Maharashtra,929.42,899.71,29.71,3.2,2.3,0,FALSE,0,77.7,92.7,transport_issue,2022-23,2827,751.1,899.71
22-04-2022,Munsar,Maharashtra,929.42,882.72,46.7,5,2.8,0,FALSE,0,86,95.2,transport_issue,2022-23,2827,751.1,882.72
23-04-2022,Munsar,Maharashtra,929.42,936.81,-7.39,-0.8,1.2,0,FALSE,0,100,98.1,none,2022-23,2827,751.1,936.81
24-04-2022,Munsar,Maharashtra,929.42,880.73,48.69,5.2,0.2,0,FALSE,0,88.3,94.8,transport_issue,2022-23,2827,751.1,880.73
25-04-2022,Munsar,Maharashtra,929.42,906.09,23.33,2.5,3.5,0,FALSE,0,97.7,98.2,transport_issue,2022-23,2827,751.1,906.09
26-04-2022,Munsar,Maharashtra,929.42,875.54,53.88,5.8,3.7,0,FALSE,0,82.5,97.5,transport_issue,2022-23,2827,751.1,875.54
27-04-2022,Munsar,Maharashtra,929.42,926.14,3.28,0.4,2,0,FALSE,0,93.1,91,labour_shortage,2022-23,2827,751.1,926.14
28-04-2022,Munsar,Maharashtra,929.42,944.93,-15.51,-1.7,5,0,FALSE,0,99.6,100,none,2022-23,2827,751.1,944.93
29-04-2022,Munsar,Maharashtra,929.42,929.41,0.01,0,4.5,0,FALSE,0,91.5,99.5,transport_issue,2022-23,2827,751.1,929.41
30-04-2022,Munsar,Maharashtra,929.42,901.67,27.75,3,8.6,0,FALSE,0,94.5,94.5,labour_shortage,2022-23,2827,751.1,901.67
01-05-2022,Munsar,Maharashtra,929.42,799.2,130.22,14,0.8,6.7,FALSE,0,96,94.4,equipment_failure,2022-23,2827,751.1,799.2
02-05-2022,Munsar,Maharashtra,929.42,942.81,-13.39,-1.4,3.4,0,FALSE,0,100,96.7,none,2022-23,2827,751.1,942.81
03-05-2022,Munsar,Maharashtra,929.42,874.77,54.65,5.9,3.8,0,FALSE,0,79,91.4,transport_issue,2022-23,2827,751.1,874.77
04-05-2022,Munsar,Maharashtra,929.42,930.07,-0.65,-0.1,3.2,0,FALSE,0,96.9,88,none,2022-23,2827,751.1,930.07
05-05-2022,Munsar,Maharashtra,929.42,886.39,43.03,4.6,1,0,FALSE,0,93.4,91.8,labour_shortage,2022-23,2827,751.1,886.39
06-05-2022,Munsar,Maharashtra,929.42,881.14,48.28,5.2,2.8,0,FALSE,0,92.1,93.7,transport_issue,2022-23,2827,751.1,881.14
07-05-2022,Munsar,Maharashtra,929.42,895.56,33.86,3.6,6.2,2.8,FALSE,0,97.3,91.2,labour_shortage,2022-23,2827,751.1,895.56
08-05-2022,Munsar,Maharashtra,929.42,735.12,194.3,20.9,4.1,7.7,TRUE,4.5,90.9,87.8,equipment_failure,2022-23,2827,751.1,735.12
09-05-2022,Munsar,Maharashtra,929.42,891.84,37.58,4,15.8,0,FALSE,0,88.2,92.1,transport_issue,2022-23,2827,751.1,891.84
10-05-2022,Munsar,Maharashtra,929.42,900.25,29.17,3.1,3.2,0,FALSE,0,82.5,91.5,transport_issue,2022-23,2827,751.1,900.25
11-05-2022,Munsar,Maharashtra,929.42,884.43,44.99,4.8,4.8,0,FALSE,0,93.1,90.9,labour_shortage,2022-23,2827,751.1,884.43
12-05-2022,Munsar,Maharashtra,929.42,928.1,1.32,0.1,5,0,FALSE,0,93.7,100,transport_issue,2022-23,2827,751.1,928.1
13-05-2022,Munsar,Maharashtra,929.42,856.56,72.86,7.8,2.4,0,TRUE,4.9,87.2,94,transport_issue,2022-23,2827,751.1,856.56
14-05-2022,Munsar,Maharashtra,929.42,928.94,0.48,0.1,2.3,0,FALSE,0,98.7,82,labour_shortage,2022-23,2827,751.1,928.94
15-05-2022,Munsar,Maharashtra,929.42,930.31,-0.89,-0.1,4.2,0,FALSE,0,96.1,97.6,none,2022-23,2827,751.1,930.31
16-05-2022,Munsar,Maharashtra,929.42,911.55,17.87,1.9,5.1,0,FALSE,0,89.5,95.4,transport_issue,2022-23,2827,751.1,911.55
17-05-2022,Munsar,Maharashtra,929.42,914.54,14.88,1.6,6.6,0,FALSE,0,92.2,100,transport_issue,2022-23,2827,751.1,914.54
18-05-2022,Munsar,Maharashtra,929.42,908.02,21.4,2.3,2.1,0,FALSE,0,87.2,97.4,transport_issue,2022-23,2827,751.1,908.02
19-05-2022,Munsar,Maharashtra,929.42,927.91,1.51,0.2,0.7,0,FALSE,0,93.8,94.4,transport_issue,2022-23,2827,751.1,927.91
20-05-2022,Munsar,Maharashtra,929.42,916.23,13.19,1.4,2.2,0,FALSE,0,93.4,88.4,labour_shortage,2022-23,2827,751.1,916.23
21-05-2022,Munsar,Maharashtra,929.42,883.45,45.97,4.9,6.5,0,FALSE,0,90.5,96,transport_issue,2022-23,2827,751.1,883.45
22-05-2022,Munsar,Maharashtra,929.42,921.64,7.78,0.8,2.3,0,FALSE,0,100,86.8,labour_shortage,2022-23,2827,751.1,921.64
23-05-2022,Munsar,Maharashtra,929.42,915.8,13.62,1.5,2.1,0,FALSE,0,87.5,100,transport_issue,2022-23,2827,751.1,915.8
24-05-2022,Munsar,Maharashtra,929.42,791.84,137.58,14.8,3.9,7.4,FALSE,0,91.9,88.5,equipment_failure,2022-23,2827,751.1,791.84
25-05-2022,Munsar,Maharashtra,929.42,893.04,36.38,3.9,2.7,0,FALSE,0,89.5,90.8,transport_issue,2022-23,2827,751.1,893.04
26-05-2022,Munsar,Maharashtra,929.42,900.24,29.18,3.1,7.4,0,FALSE,0,88.7,96.6,transport_issue,2022-23,2827,751.1,900.24
27-05-2022,Munsar,Maharashtra,929.42,925.69,3.73,0.4,1.8,0,FALSE,0,97,90.7,labour_shortage,2022-23,2827,751.1,925.69
28-05-2022,Munsar,Maharashtra,929.42,897.54,31.88,3.4,3.8,0,FALSE,0,95.5,96.2,transport_issue,2022-23,2827,751.1,897.54
29-05-2022,Munsar,Maharashtra,929.42,900.2,29.22,3.1,1.4,0,TRUE,1.2,98.2,92.5,labour_shortage,2022-23,2827,751.1,900.2
30-05-2022,Munsar,Maharashtra,929.42,878.91,50.51,5.4,5.9,0,FALSE,0,74.3,92.5,transport_issue,2022-23,2827,751.1,878.91
31-05-2022,Munsar,Maharashtra,929.42,927.82,1.6,0.2,0.4,0,FALSE,0,93.8,100,transport_issue,2022-23,2827,751.1,927.82
01-06-2022,Munsar,Maharashtra,929.42,844.31,85.11,9.2,21.5,0,TRUE,5.5,88.2,95.5,transport_issue,2022-23,2827,751.1,844.31
02-06-2022,Munsar,Maharashtra,929.42,899.61,29.81,3.2,15.2,0,FALSE,0,83.5,91.6,transport_issue,2022-23,2827,751.1,899.61
03-06-2022,Munsar,Maharashtra,929.42,831.37,98.05,10.5,31,3.8,FALSE,0,83.1,87,transport_issue,2022-23,2827,751.1,831.37
04-06-2022,Munsar,Maharashtra,929.42,913.85,15.57,1.7,7.1,0,FALSE,0,79.4,98.2,transport_issue,2022-23,2827,751.1,913.85
05-06-2022,Munsar,Maharashtra,929.42,894.04,35.38,3.8,22,0,FALSE,0,80.5,95.6,transport_issue,2022-23,2827,751.1,894.04
06-06-2022,Munsar,Maharashtra,929.42,909.18,20.24,2.2,41.5,0,FALSE,0,80,99.9,transport_issue,2022-23,2827,751.1,909.18
07-06-2022,Munsar,Maharashtra,929.42,819.66,109.76,11.8,115.8,0,FALSE,0,74,93.5,heavy_rainfall,2022-23,2827,751.1,819.66
08-06-2022,Munsar,Maharashtra,929.42,905.53,23.89,2.6,31.6,0,FALSE,0,84.6,100,transport_issue,2022-23,2827,751.1,905.53
09-06-2022,Munsar,Maharashtra,929.42,879.46,49.96,5.4,23.9,0,FALSE,0,76.7,89.7,transport_issue,2022-23,2827,751.1,879.46
10-06-2022,Munsar,Maharashtra,929.42,876.67,52.75,5.7,17.5,0,FALSE,0,78.5,96.6,transport_issue,2022-23,2827,751.1,876.67
11-06-2022,Munsar,Maharashtra,929.42,845.52,83.9,9,30.2,3,FALSE,0,67.4,98.3,transport_issue,2022-23,2827,751.1,845.52
12-06-2022,Munsar,Maharashtra,929.42,867.47,61.95,6.7,49.6,0,FALSE,0,84.7,91.7,heavy_rainfall,2022-23,2827,751.1,867.47
13-06-2022,Munsar,Maharashtra,929.42,807.17,122.25,13.2,41.6,6.5,FALSE,0,85,88.5,transport_issue,2022-23,2827,751.1,807.17
14-06-2022,Munsar,Maharashtra,929.42,875.6,53.82,5.8,40.5,0,FALSE,0,81.8,95.9,transport_issue,2022-23,2827,751.1,875.6
15-06-2022,Munsar,Maharashtra,929.42,840.47,88.95,9.6,55,0,FALSE,0,75.1,100,heavy_rainfall,2022-23,2827,751.1,840.47
16-06-2022,Munsar,Maharashtra,929.42,919,10.42,1.1,22.3,0,FALSE,0,88,92.7,transport_issue,2022-23,2827,751.1,919
17-06-2022,Munsar,Maharashtra,929.42,833.22,96.2,10.4,31.2,0,TRUE,4.9,83.7,98.8,transport_issue,2022-23,2827,751.1,833.22
18-06-2022,Munsar,Maharashtra,929.42,844.17,85.25,9.2,21.3,0,FALSE,0,71.1,93.4,transport_issue,2022-23,2827,751.1,844.17
19-06-2022,Munsar,Maharashtra,929.42,849.77,79.65,8.6,3.6,0,TRUE,5.8,83.3,94.3,transport_issue,2022-23,2827,751.1,849.77
20-06-2022,Munsar,Maharashtra,929.42,902.53,26.89,2.9,24.5,0,FALSE,0,85.1,95.8,transport_issue,2022-23,2827,751.1,902.53
21-06-2022,Munsar,Maharashtra,929.42,905.29,24.13,2.6,11.9,0,FALSE,0,83.6,94.5,transport_issue,2022-23,2827,751.1,905.29
22-06-2022,Munsar,Maharashtra,929.42,897.96,31.46,3.4,11.5,0,FALSE,0,78.3,99,transport_issue,2022-23,2827,751.1,897.96
23-06-2022,Munsar,Maharashtra,929.42,898.99,30.43,3.3,25.5,0,FALSE,0,73.6,100,transport_issue,2022-23,2827,751.1,898.99
24-06-2022,Munsar,Maharashtra,929.42,876.4,53.02,5.7,38.6,0,FALSE,0,90.4,92.4,transport_issue,2022-23,2827,751.1,876.4
25-06-2022,Munsar,Maharashtra,929.42,921.19,8.23,0.9,15.2,0,FALSE,0,88,95.8,transport_issue,2022-23,2827,751.1,921.19
26-06-2022,Munsar,Maharashtra,929.42,873.99,55.43,6,19.3,0,FALSE,0,81.8,96.7,transport_issue,2022-23,2827,751.1,873.99
27-06-2022,Munsar,Maharashtra,929.42,868.18,61.24,6.6,10.4,0,TRUE,3,76.1,98,transport_issue,2022-23,2827,751.1,868.18
28-06-2022,Munsar,Maharashtra,929.42,869.79,59.63,6.4,56.1,0,FALSE,0,92.7,92.6,heavy_rainfall,2022-23,2827,751.1,869.79
29-06-2022,Munsar,Maharashtra,929.42,872.65,56.77,6.1,77.4,0,FALSE,0,78.4,97.4,heavy_rainfall,2022-23,2827,751.1,872.65
30-06-2022,Munsar,Maharashtra,929.42,875.11,54.31,5.8,45.4,0,FALSE,0,82,99.6,transport_issue,2022-23,2827,751.1,875.11
01-07-2022,Munsar,Maharashtra,929.42,877.31,52.11,5.6,14.8,0,FALSE,0,71.5,90.8,transport_issue,2022-23,2827,751.1,877.31
02-07-2022,Munsar,Maharashtra,929.42,872.68,56.74,6.1,20.1,0,FALSE,0,77.6,94,transport_issue,2022-23,2827,751.1,872.68
03-07-2022,Munsar,Maharashtra,929.42,924.21,5.21,0.6,16.4,0,FALSE,0,85.8,100,transport_issue,2022-23,2827,751.1,924.21
04-07-2022,Munsar,Maharashtra,929.42,898.65,30.77,3.3,10.7,0,FALSE,0,85.8,96.6,transport_issue,2022-23,2827,751.1,898.65
05-07-2022,Munsar,Maharashtra,929.42,799.54,129.88,14,13.3,5.1,FALSE,0,80.1,91.5,transport_issue,2022-23,2827,751.1,799.54
06-07-2022,Munsar,Maharashtra,929.42,813.34,116.08,12.5,36.7,4.9,FALSE,0,82,99.4,transport_issue,2022-23,2827,751.1,813.34
07-07-2022,Munsar,Maharashtra,929.42,869.35,60.07,6.5,23.4,0,FALSE,0,67.9,95.1,transport_issue,2022-23,2827,751.1,869.35
08-07-2022,Munsar,Maharashtra,929.42,893.32,36.1,3.9,14.2,0,FALSE,0,87.4,97.2,transport_issue,2022-23,2827,751.1,893.32
09-07-2022,Munsar,Maharashtra,929.42,843.67,85.75,9.2,27.6,0,FALSE,0,68.5,96.7,transport_issue,2022-23,2827,751.1,843.67
10-07-2022,Munsar,Maharashtra,929.42,814.35,115.07,12.4,58.2,4.7,FALSE,0,92.8,92.2,heavy_rainfall,2022-23,2827,751.1,814.35
11-07-2022,Munsar,Maharashtra,929.42,872.57,56.85,6.1,21.2,0,TRUE,2.4,79.4,99.2,transport_issue,2022-23,2827,751.1,872.57
12-07-2022,Munsar,Maharashtra,929.42,887.06,42.36,4.6,17.9,0,FALSE,0,80.1,99.5,transport_issue,2022-23,2827,751.1,887.06
13-07-2022,Munsar,Maharashtra,929.42,877.49,51.93,5.6,71.1,0,FALSE,0,83.3,94.3,heavy_rainfall,2022-23,2827,751.1,877.49
14-07-2022,Munsar,Maharashtra,929.42,825.9,103.52,11.1,109.5,0,FALSE,0,81.3,97.2,heavy_rainfall,2022-23,2827,751.1,825.9
15-07-2022,Munsar,Maharashtra,929.42,819.63,109.79,11.8,17,4.2,FALSE,0,79.9,100,transport_issue,2022-23,2827,751.1,819.63
16-07-2022,Munsar,Maharashtra,929.42,861.48,67.94,7.3,67.3,0,FALSE,0,88.9,97,heavy_rainfall,2022-23,2827,751.1,861.48
17-07-2022,Munsar,Maharashtra,929.42,833.78,95.64,10.3,14.9,4.4,FALSE,0,88.9,95.7,transport_issue,2022-23,2827,751.1,833.78
18-07-2022,Munsar,Maharashtra,929.42,870.12,59.3,6.4,3.9,2.9,FALSE,0,99.3,90.6,labour_shortage,2022-23,2827,751.1,870.12
19-07-2022,Munsar,Maharashtra,929.42,903.3,26.12,2.8,37.5,0,FALSE,0,86.2,94.7,transport_issue,2022-23,2827,751.1,903.3
20-07-2022,Munsar,Maharashtra,929.42,790.54,138.88,14.9,101.5,0,FALSE,0,73.6,91.1,heavy_rainfall,2022-23,2827,751.1,790.54
21-07-2022,Munsar,Maharashtra,929.42,831.66,97.76,10.5,13.9,6,FALSE,0,81.6,99.8,transport_issue,2022-23,2827,751.1,831.66
22-07-2022,Munsar,Maharashtra,929.42,871.41,58.01,6.2,39.1,0,FALSE,0,80.8,96.1,transport_issue,2022-23,2827,751.1,871.41
23-07-2022,Munsar,Maharashtra,929.42,788.07,141.35,15.2,9.7,7.3,FALSE,0,83.2,86.1,transport_issue,2022-23,2827,751.1,788.07
24-07-2022,Munsar,Maharashtra,929.42,842.36,87.06,9.4,36.2,2.3,FALSE,0,83.2,83.3,transport_issue,2022-23,2827,751.1,842.36
25-07-2022,Munsar,Maharashtra,929.42,902.31,27.11,2.9,8.7,0,TRUE,2.4,87.1,97.6,transport_issue,2022-23,2827,751.1,902.31
26-07-2022,Munsar,Maharashtra,929.42,890.17,39.25,4.2,6.2,0,FALSE,0,85.8,95.8,transport_issue,2022-23,2827,751.1,890.17
27-07-2022,Munsar,Maharashtra,929.42,901.37,28.05,3,33.8,0,FALSE,0,84.2,91.5,transport_issue,2022-23,2827,751.1,901.37
28-07-2022,Munsar,Maharashtra,929.42,859.97,69.45,7.5,39.7,0,FALSE,0,82.9,96.1,transport_issue,2022-23,2827,751.1,859.97
29-07-2022,Munsar,Maharashtra,929.42,891.29,38.13,4.1,31.7,0,FALSE,0,71.7,96,transport_issue,2022-23,2827,751.1,891.29
30-07-2022,Munsar,Maharashtra,929.42,915.15,14.27,1.5,17.2,0,FALSE,0,81.2,95.8,transport_issue,2022-23,2827,751.1,915.15
31-07-2022,Munsar,Maharashtra,929.42,900.07,29.35,3.2,20.6,0,FALSE,0,86.9,94.1,transport_issue,2022-23,2827,751.1,900.07
01-08-2022,Munsar,Maharashtra,929.42,913.37,16.05,1.7,13.8,0,FALSE,0,88.8,90.8,transport_issue,2022-23,2827,751.1,913.37
02-08-2022,Munsar,Maharashtra,929.42,867.86,61.56,6.6,39,0,FALSE,0,79.7,95.7,transport_issue,2022-23,2827,751.1,867.86
03-08-2022,Munsar,Maharashtra,929.42,864.99,64.43,6.9,65.3,0,TRUE,3.2,88.1,95.7,heavy_rainfall,2022-23,2827,751.1,864.99
04-08-2022,Munsar,Maharashtra,929.42,858.18,71.24,7.7,71.7,0,FALSE,0,83.1,98.1,heavy_rainfall,2022-23,2827,751.1,858.18
05-08-2022,Munsar,Maharashtra,929.42,894.25,35.17,3.8,36.3,0,FALSE,0,89.1,90.3,transport_issue,2022-23,2827,751.1,894.25
06-08-2022,Munsar,Maharashtra,929.42,869.09,60.33,6.5,16.6,0,FALSE,0,76.7,93.5,transport_issue,2022-23,2827,751.1,869.09
07-08-2022,Munsar,Maharashtra,929.42,837.61,91.81,9.9,88.3,0,FALSE,0,75,87.7,heavy_rainfall,2022-23,2827,751.1,837.61
08-08-2022,Munsar,Maharashtra,929.42,904.7,24.72,2.7,32.4,0,FALSE,0,81.1,98.8,transport_issue,2022-23,2827,751.1,904.7
09-08-2022,Munsar,Maharashtra,929.42,897.27,32.15,3.5,16.6,0,FALSE,0,76.8,94.9,transport_issue,2022-23,2827,751.1,897.27
10-08-2022,Munsar,Maharashtra,929.42,823.56,105.86,11.4,28.9,5.6,FALSE,0,82.6,93.9,transport_issue,2022-23,2827,751.1,823.56
11-08-2022,Munsar,Maharashtra,929.42,887.98,41.44,4.5,26.6,0,FALSE,0,74.6,98.8,transport_issue,2022-23,2827,751.1,887.98
12-08-2022,Munsar,Maharashtra,929.42,889.39,40.03,4.3,9.4,0,FALSE,0,84,93.1,transport_issue,2022-23,2827,751.1,889.39
13-08-2022,Munsar,Maharashtra,929.42,902.58,26.84,2.9,48.1,0,FALSE,0,84.2,96,heavy_rainfall,2022-23,2827,751.1,902.58
14-08-2022,Munsar,Maharashtra,929.42,913.18,16.24,1.7,13.7,0,FALSE,0,86.3,93.6,transport_issue,2022-23,2827,751.1,913.18
15-08-2022,Munsar,Maharashtra,929.42,875.23,54.19,5.8,27.4,0,FALSE,0,77.7,94.6,transport_issue,2022-23,2827,751.1,875.23
16-08-2022,Munsar,Maharashtra,929.42,903.87,25.55,2.7,29.2,0,FALSE,0,82.8,93.3,transport_issue,2022-23,2827,751.1,903.87
17-08-2022,Munsar,Maharashtra,929.42,949.58,-20.16,-2.2,4.7,0,FALSE,0,100,99.4,none,2022-23,2827,751.1,949.58
18-08-2022,Munsar,Maharashtra,929.42,815.14,114.28,12.3,4,4.6,FALSE,0,80.2,94.4,transport_issue,2022-23,2827,751.1,815.14
19-08-2022,Munsar,Maharashtra,929.42,838.1,91.32,9.8,68.3,0,FALSE,0,84,94.5,heavy_rainfall,2022-23,2827,751.1,838.1
20-08-2022,Munsar,Maharashtra,929.42,902.72,26.7,2.9,44.7,0,FALSE,0,80.5,100,transport_issue,2022-23,2827,751.1,902.72
21-08-2022,Munsar,Maharashtra,929.42,859.95,69.47,7.5,17.2,0,FALSE,0,76.1,95.6,transport_issue,2022-23,2827,751.1,859.95
22-08-2022,Munsar,Maharashtra,929.42,884.84,44.58,4.8,9.5,0,FALSE,0,76.1,92,transport_issue,2022-23,2827,751.1,884.84
23-08-2022,Munsar,Maharashtra,929.42,884.81,44.61,4.8,3.1,0,FALSE,0,75.5,94.5,transport_issue,2022-23,2827,751.1,884.81
24-08-2022,Munsar,Maharashtra,929.42,838.34,91.08,9.8,19.1,0,TRUE,1.3,73.5,93.5,transport_issue,2022-23,2827,751.1,838.34
25-08-2022,Munsar,Maharashtra,929.42,899.04,30.38,3.3,28.6,0,FALSE,0,85,100,transport_issue,2022-23,2827,751.1,899.04
26-08-2022,Munsar,Maharashtra,929.42,805.7,123.72,13.3,35.4,0,TRUE,5.7,81.1,92.7,transport_issue,2022-23,2827,751.1,805.7
27-08-2022,Munsar,Maharashtra,929.42,877.8,51.62,5.6,3.5,0,FALSE,0,84,97.2,transport_issue,2022-23,2827,751.1,877.8
28-08-2022,Munsar,Maharashtra,929.42,913.81,15.61,1.7,3.8,0,FALSE,0,85.8,93.4,transport_issue,2022-23,2827,751.1,913.81
29-08-2022,Munsar,Maharashtra,929.42,819.6,109.82,11.8,8.9,6.1,FALSE,0,86,88.8,transport_issue,2022-23,2827,751.1,819.6
30-08-2022,Munsar,Maharashtra,929.42,896.26,33.16,3.6,27.7,0,FALSE,0,83.4,89.7,transport_issue,2022-23,2827,751.1,896.26
31-08-2022,Munsar,Maharashtra,929.42,788.82,140.6,15.1,14.2,7.5,FALSE,0,86.4,92.5,equipment_failure,2022-23,2827,751.1,788.82
01-09-2022,Munsar,Maharashtra,929.42,910.89,18.53,2,23.1,0,FALSE,0,87,100,transport_issue,2022-23,2827,751.1,910.89
02-09-2022,Munsar,Maharashtra,929.42,815.32,114.1,12.3,17.3,0,TRUE,5.1,81.9,95.4,transport_issue,2022-23,2827,751.1,815.32
03-09-2022,Munsar,Maharashtra,929.42,869.66,59.76,6.4,35.3,0,FALSE,0,75.9,90.5,transport_issue,2022-23,2827,751.1,869.66
04-09-2022,Munsar,Maharashtra,929.42,862.92,66.5,7.2,55.6,0,FALSE,0,83.8,99.6,heavy_rainfall,2022-23,2827,751.1,862.92
05-09-2022,Munsar,Maharashtra,929.42,917.82,11.6,1.2,29,0,TRUE,1.5,98.1,88.2,labour_shortage,2022-23,2827,751.1,917.82
06-09-2022,Munsar,Maharashtra,929.42,896.5,32.92,3.5,13.3,0,FALSE,0,89.6,95.5,transport_issue,2022-23,2827,751.1,896.5
07-09-2022,Munsar,Maharashtra,929.42,897.1,32.32,3.5,31.2,0,FALSE,0,77.9,94.9,transport_issue,2022-23,2827,751.1,897.1
08-09-2022,Munsar,Maharashtra,929.42,886.4,43.02,4.6,33.5,0,FALSE,0,77.9,98.9,transport_issue,2022-23,2827,751.1,886.4
09-09-2022,Munsar,Maharashtra,929.42,849.86,79.56,8.6,19.6,0,FALSE,0,73.1,96.7,transport_issue,2022-23,2827,751.1,849.86
10-09-2022,Munsar,Maharashtra,929.42,831.61,97.81,10.5,8.9,4.5,FALSE,0,80.9,94.5,transport_issue,2022-23,2827,751.1,831.61
11-09-2022,Munsar,Maharashtra,929.42,844.91,84.51,9.1,57.9,0,FALSE,0,74.9,100,heavy_rainfall,2022-23,2827,751.1,844.91
12-09-2022,Munsar,Maharashtra,929.42,881.18,48.24,5.2,15.4,0,FALSE,0,72.4,100,transport_issue,2022-23,2827,751.1,881.18
13-09-2022,Munsar,Maharashtra,929.42,884.92,44.5,4.8,8.3,0,FALSE,0,83.6,97.8,transport_issue,2022-23,2827,751.1,884.92
14-09-2022,Munsar,Maharashtra,929.42,872.15,57.27,6.2,24.5,0,FALSE,0,81.2,92.7,transport_issue,2022-23,2827,751.1,872.15
15-09-2022,Munsar,Maharashtra,929.42,884.23,45.19,4.9,32.2,0,FALSE,0,86.5,93.2,transport_issue,2022-23,2827,751.1,884.23
16-09-2022,Munsar,Maharashtra,929.42,897.4,32.02,3.4,10.6,0,FALSE,0,86.4,100,transport_issue,2022-23,2827,751.1,897.4
17-09-2022,Munsar,Maharashtra,929.42,891.51,37.91,4.1,34.4,0,FALSE,0,77.5,95.5,transport_issue,2022-23,2827,751.1,891.51
18-09-2022,Munsar,Maharashtra,929.42,920.95,8.47,0.9,13.4,0,FALSE,0,88.4,93.7,transport_issue,2022-23,2827,751.1,920.95
19-09-2022,Munsar,Maharashtra,929.42,806.05,123.37,13.3,115.5,0,FALSE,0,83,83.8,heavy_rainfall,2022-23,2827,751.1,806.05
20-09-2022,Munsar,Maharashtra,929.42,805.83,123.59,13.3,9.5,7.7,FALSE,0,87,97.4,equipment_failure,2022-23,2827,751.1,805.83
21-09-2022,Munsar,Maharashtra,929.42,901.91,27.51,3,56.9,0,FALSE,0,94.1,88.9,heavy_rainfall,2022-23,2827,751.1,901.91
22-09-2022,Munsar,Maharashtra,929.42,844.21,85.21,9.2,16.1,0,TRUE,3.5,83.5,93.4,transport_issue,2022-23,2827,751.1,844.21
23-09-2022,Munsar,Maharashtra,929.42,905.66,23.76,2.6,11.9,0,FALSE,0,81.3,96,transport_issue,2022-23,2827,751.1,905.66
24-09-2022,Munsar,Maharashtra,929.42,900.66,28.76,3.1,37.7,0,FALSE,0,90.4,99.8,transport_issue,2022-23,2827,751.1,900.66
25-09-2022,Munsar,Maharashtra,929.42,891.44,37.98,4.1,19.6,0,FALSE,0,94,95.3,transport_issue,2022-23,2827,751.1,891.44
26-09-2022,Munsar,Maharashtra,929.42,865.81,63.61,6.8,64.5,0,FALSE,0,89.5,92.9,heavy_rainfall,2022-23,2827,751.1,865.81
27-09-2022,Munsar,Maharashtra,929.42,847.98,81.44,8.8,44.1,0,TRUE,4.9,80.6,94.3,transport_issue,2022-23,2827,751.1,847.98
28-09-2022,Munsar,Maharashtra,929.42,875.03,54.39,5.9,23.7,0,TRUE,1.2,81.5,100,transport_issue,2022-23,2827,751.1,875.03
29-09-2022,Munsar,Maharashtra,929.42,891.95,37.47,4,41.8,0,FALSE,0,81.2,100,transport_issue,2022-23,2827,751.1,891.95
30-09-2022,Munsar,Maharashtra,929.42,892.39,37.03,4,5.6,0,FALSE,0,92,93.1,transport_issue,2022-23,2827,751.1,892.39
01-10-2022,Munsar,Maharashtra,929.42,877.63,51.79,5.6,2.7,0,FALSE,0,87.5,92,transport_issue,2022-23,2827,751.1,877.63
02-10-2022,Munsar,Maharashtra,929.42,905.3,24.12,2.6,3.7,0,FALSE,0,83.3,91.3,transport_issue,2022-23,2827,751.1,905.3
03-10-2022,Munsar,Maharashtra,929.42,934.77,-5.35,-0.6,5.2,0,FALSE,0,95.9,93.4,none,2022-23,2827,751.1,934.77
04-10-2022,Munsar,Maharashtra,929.42,873.96,55.46,6,2.1,0,FALSE,0,83,95.7,transport_issue,2022-23,2827,751.1,873.96
05-10-2022,Munsar,Maharashtra,929.42,852.33,77.09,8.3,3.4,2.4,FALSE,0,82.4,99.7,transport_issue,2022-23,2827,751.1,852.33
06-10-2022,Munsar,Maharashtra,929.42,914.16,15.26,1.6,1,0,FALSE,0,89.4,86.9,labour_shortage,2022-23,2827,751.1,914.16
07-10-2022,Munsar,Maharashtra,929.42,921.5,7.92,0.9,3.3,0,FALSE,0,85.4,100,transport_issue,2022-23,2827,751.1,921.5
08-10-2022,Munsar,Maharashtra,929.42,909.08,20.34,2.2,0.6,0,FALSE,0,87.6,94.3,transport_issue,2022-23,2827,751.1,909.08
09-10-2022,Munsar,Maharashtra,929.42,827.01,102.41,11,1.6,5.4,FALSE,0,85.4,89.9,transport_issue,2022-23,2827,751.1,827.01
10-10-2022,Munsar,Maharashtra,929.42,891.37,38.05,4.1,2.5,0,FALSE,0,90.5,87.3,labour_shortage,2022-23,2827,751.1,891.37
11-10-2022,Munsar,Maharashtra,929.42,938.9,-9.48,-1,6.1,0,FALSE,0,100,87.8,none,2022-23,2827,751.1,938.9
12-10-2022,Munsar,Maharashtra,929.42,900.57,28.85,3.1,2,0,TRUE,2.2,92.5,91,labour_shortage,2022-23,2827,751.1,900.57
13-10-2022,Munsar,Maharashtra,929.42,926.2,3.22,0.3,1.6,0,FALSE,0,96.2,95.1,labour_shortage,2022-23,2827,751.1,926.2
14-10-2022,Munsar,Maharashtra,929.42,872.64,56.78,6.1,6.2,0,FALSE,0,83.9,98,transport_issue,2022-23,2827,751.1,872.64
15-10-2022,Munsar,Maharashtra,929.42,890.98,38.44,4.1,1.7,0,FALSE,0,87.7,96.7,transport_issue,2022-23,2827,751.1,890.98
16-10-2022,Munsar,Maharashtra,929.42,903.69,25.73,2.8,6,0,FALSE,0,82.1,100,transport_issue,2022-23,2827,751.1,903.69
17-10-2022,Munsar,Maharashtra,929.42,897.17,32.25,3.5,7,0,FALSE,0,91.5,93.1,transport_issue,2022-23,2827,751.1,897.17
18-10-2022,Munsar,Maharashtra,929.42,921.37,8.05,0.9,2.3,0,FALSE,0,89.6,91.8,transport_issue,2022-23,2827,751.1,921.37
19-10-2022,Munsar,Maharashtra,929.42,912.93,16.49,1.8,6.9,0,FALSE,0,86.2,89.9,transport_issue,2022-23,2827,751.1,912.93
20-10-2022,Munsar,Maharashtra,929.42,851.8,77.62,8.4,8.4,2.6,FALSE,0,90.7,94.2,transport_issue,2022-23,2827,751.1,851.8
21-10-2022,Munsar,Maharashtra,929.42,933.37,-3.95,-0.4,3.7,0,FALSE,0,95.7,93.7,none,2022-23,2827,751.1,933.37
22-10-2022,Munsar,Maharashtra,929.42,897.2,32.22,3.5,4.4,0,FALSE,0,100,96.2,labour_shortage,2022-23,2827,751.1,897.2
23-10-2022,Munsar,Maharashtra,929.42,875.96,53.46,5.8,3.8,2.8,FALSE,0,92.3,94.3,transport_issue,2022-23,2827,751.1,875.96
24-10-2022,Munsar,Maharashtra,929.42,914.68,14.74,1.6,3.3,0,FALSE,0,92.8,93.7,transport_issue,2022-23,2827,751.1,914.68
25-10-2022,Munsar,Maharashtra,929.42,890.89,38.53,4.1,8.1,0,FALSE,0,90.2,93.2,transport_issue,2022-23,2827,751.1,890.89
26-10-2022,Munsar,Maharashtra,929.42,890.44,38.98,4.2,0.3,0,FALSE,0,99.3,90,labour_shortage,2022-23,2827,751.1,890.44
27-10-2022,Munsar,Maharashtra,929.42,858.83,70.59,7.6,1.4,0,TRUE,5.9,87.2,100,transport_issue,2022-23,2827,751.1,858.83
28-10-2022,Munsar,Maharashtra,929.42,931.18,-1.76,-0.2,5.8,0,FALSE,0,96.3,89.9,none,2022-23,2827,751.1,931.18
29-10-2022,Munsar,Maharashtra,929.42,633.4,296.02,31.8,4.6,21.2,FALSE,0,90.2,94.2,equipment_failure,2022-23,2827,751.1,633.4
30-10-2022,Munsar,Maharashtra,929.42,883.69,45.73,4.9,5.5,0,FALSE,0,89.6,97.5,transport_issue,2022-23,2827,751.1,883.69
31-10-2022,Munsar,Maharashtra,929.42,896.35,33.07,3.6,10.5,0,FALSE,0,86.9,94.3,transport_issue,2022-23,2827,751.1,896.35
01-11-2022,Munsar,Maharashtra,929.42,936.98,-7.56,-0.8,5,0,FALSE,0,89.6,100,none,2022-23,2827,751.1,936.98
02-11-2022,Munsar,Maharashtra,929.42,942.63,-13.21,-1.4,4.4,0,FALSE,0,94.7,98.6,none,2022-23,2827,751.1,942.63
03-11-2022,Munsar,Maharashtra,929.42,917.13,12.29,1.3,6.1,0,FALSE,0,92.1,87.1,labour_shortage,2022-23,2827,751.1,917.13
04-11-2022,Munsar,Maharashtra,929.42,894.35,35.07,3.8,11.8,0,FALSE,0,86.1,88.7,transport_issue,2022-23,2827,751.1,894.35
05-11-2022,Munsar,Maharashtra,929.42,836.09,93.33,10,3.6,3.7,FALSE,0,91.3,95,transport_issue,2022-23,2827,751.1,836.09
06-11-2022,Munsar,Maharashtra,929.42,931.33,-1.91,-0.2,3,0,FALSE,0,89.7,98,none,2022-23,2827,751.1,931.33
07-11-2022,Munsar,Maharashtra,929.42,912.06,17.36,1.9,7.1,0,FALSE,0,84.1,94.5,transport_issue,2022-23,2827,751.1,912.06
08-11-2022,Munsar,Maharashtra,929.42,690.54,238.88,25.7,5.6,14.6,FALSE,0,95.2,90,equipment_failure,2022-23,2827,751.1,690.54
09-11-2022,Munsar,Maharashtra,929.42,887.35,42.07,4.5,2.5,0,FALSE,0,94.2,94.8,transport_issue,2022-23,2827,751.1,887.35
10-11-2022,Munsar,Maharashtra,929.42,897.67,31.75,3.4,4.5,0,FALSE,0,79.2,95.1,transport_issue,2022-23,2827,751.1,897.67
11-11-2022,Munsar,Maharashtra,929.42,904.07,25.35,2.7,6.8,0,FALSE,0,92.7,97.1,transport_issue,2022-23,2827,751.1,904.07
12-11-2022,Munsar,Maharashtra,929.42,926.5,2.92,0.3,1,0,FALSE,0,93.3,94.8,transport_issue,2022-23,2827,751.1,926.5
13-11-2022,Munsar,Maharashtra,929.42,902.62,26.8,2.9,2.2,0,FALSE,0,87.4,100,transport_issue,2022-23,2827,751.1,902.62
14-11-2022,Munsar,Maharashtra,929.42,951.95,-22.53,-2.4,3.4,0,FALSE,0,100,99,none,2022-23,2827,751.1,951.95
15-11-2022,Munsar,Maharashtra,929.42,900.02,29.4,3.2,1.7,0,FALSE,0,97.9,94,labour_shortage,2022-23,2827,751.1,900.02
16-11-2022,Munsar,Maharashtra,929.42,893.38,36.04,3.9,2.4,0,TRUE,2.1,92.3,94.2,transport_issue,2022-23,2827,751.1,893.38
17-11-2022,Munsar,Maharashtra,929.42,917.9,11.52,1.2,2.4,0,FALSE,0,88.6,93.4,transport_issue,2022-23,2827,751.1,917.9
18-11-2022,Munsar,Maharashtra,929.42,844.86,84.56,9.1,1.1,6,FALSE,0,94.7,92.4,equipment_failure,2022-23,2827,751.1,844.86
19-11-2022,Munsar,Maharashtra,929.42,895.38,34.04,3.7,6.5,0,FALSE,0,94,92.7,labour_shortage,2022-23,2827,751.1,895.38
20-11-2022,Munsar,Maharashtra,929.42,931.28,-1.86,-0.2,3.2,0,FALSE,0,87.1,100,none,2022-23,2827,751.1,931.28
21-11-2022,Munsar,Maharashtra,929.42,800.21,129.21,13.9,1.2,7.9,FALSE,0,100,92.1,equipment_failure,2022-23,2827,751.1,800.21
22-11-2022,Munsar,Maharashtra,929.42,915.72,13.7,1.5,2.1,0,FALSE,0,90,96.9,transport_issue,2022-23,2827,751.1,915.72
23-11-2022,Munsar,Maharashtra,929.42,885.85,43.57,4.7,3.6,0,TRUE,1.1,89.7,92.8,transport_issue,2022-23,2827,751.1,885.85
24-11-2022,Munsar,Maharashtra,929.42,881,48.42,5.2,1.2,0,TRUE,1.4,91.8,90.7,labour_shortage,2022-23,2827,751.1,881
25-11-2022,Munsar,Maharashtra,929.42,934.57,-5.15,-0.6,2.5,0,FALSE,0,98,96.3,none,2022-23,2827,751.1,934.57
26-11-2022,Munsar,Maharashtra,929.42,813.63,115.79,12.5,0.3,7.9,FALSE,0,96.8,94.4,equipment_failure,2022-23,2827,751.1,813.63
27-11-2022,Munsar,Maharashtra,929.42,867.22,62.2,6.7,3.5,0,FALSE,0,78.8,100,transport_issue,2022-23,2827,751.1,867.22
28-11-2022,Munsar,Maharashtra,929.42,907.17,22.25,2.4,6.6,0,FALSE,0,98.3,88.2,labour_shortage,2022-23,2827,751.1,907.17
29-11-2022,Munsar,Maharashtra,929.42,895.13,34.29,3.7,5.8,0,FALSE,0,98.2,92.4,labour_shortage,2022-23,2827,751.1,895.13
30-11-2022,Munsar,Maharashtra,929.42,926.28,3.14,0.3,0.5,0,FALSE,0,98,93.2,labour_shortage,2022-23,2827,751.1,926.28
01-12-2022,Munsar,Maharashtra,929.42,901.87,27.55,3,0.1,0,TRUE,2,100,94.7,labour_shortage,2022-23,2827,751.1,901.87
02-12-2022,Munsar,Maharashtra,929.42,902.23,27.19,2.9,2,0,FALSE,0,90.6,94.1,transport_issue,2022-23,2827,751.1,902.23
03-12-2022,Munsar,Maharashtra,929.42,930.07,-0.65,-0.1,2.6,0,FALSE,0,91,94.1,none,2022-23,2827,751.1,930.07
04-12-2022,Munsar,Maharashtra,929.42,920.37,9.05,1,7.2,0,FALSE,0,96.1,97.4,transport_issue,2022-23,2827,751.1,920.37
05-12-2022,Munsar,Maharashtra,929.42,795.88,133.54,14.4,0.5,6.6,FALSE,0,88.4,100,equipment_failure,2022-23,2827,751.1,795.88
06-12-2022,Munsar,Maharashtra,929.42,792.41,137.01,14.7,7.9,7.6,FALSE,0,82.5,90.9,transport_issue,2022-23,2827,751.1,792.41
07-12-2022,Munsar,Maharashtra,929.42,899.39,30.03,3.2,0.7,0,FALSE,0,82,92.4,transport_issue,2022-23,2827,751.1,899.39
08-12-2022,Munsar,Maharashtra,929.42,905.12,24.3,2.6,1.7,0,FALSE,0,98,94.9,labour_shortage,2022-23,2827,751.1,905.12
09-12-2022,Munsar,Maharashtra,929.42,917.94,11.48,1.2,4.1,0,FALSE,0,95.4,94.4,labour_shortage,2022-23,2827,751.1,917.94
10-12-2022,Munsar,Maharashtra,929.42,900.14,29.28,3.2,7.5,0,FALSE,0,83.1,97.2,transport_issue,2022-23,2827,751.1,900.14
11-12-2022,Munsar,Maharashtra,929.42,878.65,50.77,5.5,1.7,0,FALSE,0,89.6,89.4,labour_shortage,2022-23,2827,751.1,878.65
12-12-2022,Munsar,Maharashtra,929.42,927.41,2.01,0.2,4.7,0,FALSE,0,91.6,93.7,transport_issue,2022-23,2827,751.1,927.41
13-12-2022,Munsar,Maharashtra,929.42,886.7,42.72,4.6,4,0,FALSE,0,91.3,96.4,transport_issue,2022-23,2827,751.1,886.7
14-12-2022,Munsar,Maharashtra,929.42,897.44,31.98,3.4,3.3,0,FALSE,0,83.7,100,transport_issue,2022-23,2827,751.1,897.44
15-12-2022,Munsar,Maharashtra,929.42,887.41,42.01,4.5,1,0,TRUE,2,97.5,96.6,blasting_delay,2022-23,2827,751.1,887.41
16-12-2022,Munsar,Maharashtra,929.42,883.61,45.81,4.9,4.6,0,FALSE,0,80,100,transport_issue,2022-23,2827,751.1,883.61
17-12-2022,Munsar,Maharashtra,929.42,896.41,33.01,3.6,2.8,0,FALSE,0,89.3,99.2,transport_issue,2022-23,2827,751.1,896.41
18-12-2022,Munsar,Maharashtra,929.42,855.96,73.46,7.9,0.6,2.4,FALSE,0,84.2,98.7,transport_issue,2022-23,2827,751.1,855.96
19-12-2022,Munsar,Maharashtra,929.42,908.02,21.4,2.3,3.5,0,FALSE,0,95.9,92,labour_shortage,2022-23,2827,751.1,908.02
20-12-2022,Munsar,Maharashtra,929.42,839.4,90.02,9.7,4.5,4.2,FALSE,0,93,95.5,equipment_failure,2022-23,2827,751.1,839.4
21-12-2022,Munsar,Maharashtra,929.42,902.86,26.56,2.9,1.1,0,FALSE,0,96.9,96.3,labour_shortage,2022-23,2827,751.1,902.86
22-12-2022,Munsar,Maharashtra,929.42,875.45,53.97,5.8,8.5,2.9,FALSE,0,94.2,98.7,equipment_failure,2022-23,2827,751.1,875.45
23-12-2022,Munsar,Maharashtra,929.42,916.44,12.98,1.4,4.8,0,FALSE,0,82.5,96.6,transport_issue,2022-23,2827,751.1,916.44
24-12-2022,Munsar,Maharashtra,929.42,883.99,45.43,4.9,0.3,0,FALSE,0,90.8,94.5,transport_issue,2022-23,2827,751.1,883.99
25-12-2022,Munsar,Maharashtra,929.42,929.1,0.32,0,3.9,0,FALSE,0,96.4,93.5,labour_shortage,2022-23,2827,751.1,929.1
26-12-2022,Munsar,Maharashtra,929.42,932,-2.58,-0.3,1.7,0,FALSE,0,89.2,97.1,none,2022-23,2827,751.1,932
27-12-2022,Munsar,Maharashtra,929.42,908.89,20.53,2.2,1.9,0,FALSE,0,92.9,90.6,labour_shortage,2022-23,2827,751.1,908.89
28-12-2022,Munsar,Maharashtra,929.42,905.02,24.4,2.6,6.7,0,FALSE,0,99,92.8,labour_shortage,2022-23,2827,751.1,905.02
29-12-2022,Munsar,Maharashtra,929.42,891.95,37.47,4,1,0,FALSE,0,92.5,94.4,transport_issue,2022-23,2827,751.1,891.95
30-12-2022,Munsar,Maharashtra,929.42,878.04,51.38,5.5,1.9,0,FALSE,0,91.1,91.6,transport_issue,2022-23,2827,751.1,878.04
31-12-2022,Munsar,Maharashtra,929.42,887.94,41.48,4.5,2.4,0,FALSE,0,94.4,96.8,transport_issue,2022-23,2827,751.1,887.94
01-01-2023,Munsar,Maharashtra,929.42,812.17,117.25,12.6,4.9,7.7,FALSE,0,85.6,93.4,equipment_failure,2022-23,2827,751.1,812.17
02-01-2023,Munsar,Maharashtra,929.42,906.94,22.48,2.4,5.9,0,FALSE,0,93.9,94.9,transport_issue,2022-23,2827,751.1,906.94
03-01-2023,Munsar,Maharashtra,929.42,847.72,81.7,8.8,2,0,TRUE,4,92.8,90.2,labour_shortage,2022-23,2827,751.1,847.72
04-01-2023,Munsar,Maharashtra,929.42,939.76,-10.34,-1.1,4.6,0,FALSE,0,100,98.6,none,2022-23,2827,751.1,939.76
05-01-2023,Munsar,Maharashtra,929.42,908.41,21.01,2.3,2.5,0,FALSE,0,90.7,93.2,transport_issue,2022-23,2827,751.1,908.41
06-01-2023,Munsar,Maharashtra,929.42,907.77,21.65,2.3,2.7,0,FALSE,0,89.5,92.1,transport_issue,2022-23,2827,751.1,907.77
07-01-2023,Munsar,Maharashtra,929.42,928.27,1.15,0.1,5.3,0,FALSE,0,100,92.1,labour_shortage,2022-23,2827,751.1,928.27
08-01-2023,Munsar,Maharashtra,929.42,885.21,44.21,4.8,5.8,0,FALSE,0,92.7,92.4,labour_shortage,2022-23,2827,751.1,885.21
09-01-2023,Munsar,Maharashtra,929.42,907.4,22.02,2.4,0.6,0,FALSE,0,98.3,97.8,labour_shortage,2022-23,2827,751.1,907.4
10-01-2023,Munsar,Maharashtra,929.42,924.21,5.21,0.6,5,0,FALSE,0,95.8,96.4,transport_issue,2022-23,2827,751.1,924.21
11-01-2023,Munsar,Maharashtra,929.42,881.31,48.11,5.2,1,0,FALSE,0,80.5,100,transport_issue,2022-23,2827,751.1,881.31
12-01-2023,Munsar,Maharashtra,929.42,938.44,-9.02,-1,10.6,0,FALSE,0,100,90.9,none,2022-23,2827,751.1,938.44
13-01-2023,Munsar,Maharashtra,929.42,911.75,17.67,1.9,1.5,0,FALSE,0,86.2,96.6,transport_issue,2022-23,2827,751.1,911.75
14-01-2023,Munsar,Maharashtra,929.42,864.97,64.45,6.9,1.3,3.9,FALSE,0,96.1,94.1,equipment_failure,2022-23,2827,751.1,864.97
15-01-2023,Munsar,Maharashtra,929.42,943.64,-14.22,-1.5,3.2,0,FALSE,0,100,97.8,none,2022-23,2827,751.1,943.64
16-01-2023,Munsar,Maharashtra,929.42,868.69,60.73,6.5,1.5,0,FALSE,0,85.9,88,transport_issue,2022-23,2827,751.1,868.69
17-01-2023,Munsar,Maharashtra,929.42,872.38,57.04,6.1,5.3,0,FALSE,0,86.1,87.8,transport_issue,2022-23,2827,751.1,872.38
18-01-2023,Munsar,Maharashtra,929.42,915.8,13.62,1.5,2.4,0,FALSE,0,96,89,labour_shortage,2022-23,2827,751.1,915.8
19-01-2023,Munsar,Maharashtra,929.42,898.58,30.84,3.3,1.8,0,FALSE,0,100,95.7,labour_shortage,2022-23,2827,751.1,898.58
20-01-2023,Munsar,Maharashtra,929.42,915.09,14.33,1.5,1.6,0,FALSE,0,86.9,98.3,transport_issue,2022-23,2827,751.1,915.09
21-01-2023,Munsar,Maharashtra,929.42,921.33,8.09,0.9,2,0,FALSE,0,100,97.1,labour_shortage,2022-23,2827,751.1,921.33
22-01-2023,Munsar,Maharashtra,929.42,903.75,25.67,2.8,1.5,0,FALSE,0,96.6,100,transport_issue,2022-23,2827,751.1,903.75
23-01-2023,Munsar,Maharashtra,929.42,910.13,19.29,2.1,3.2,0,FALSE,0,85.2,94.4,transport_issue,2022-23,2827,751.1,910.13
24-01-2023,Munsar,Maharashtra,929.42,900.56,28.86,3.1,3.8,0,FALSE,0,95.7,100,transport_issue,2022-23,2827,751.1,900.56
25-01-2023,Munsar,Maharashtra,929.42,943.78,-14.36,-1.5,6.1,0,FALSE,0,98,96.1,none,2022-23,2827,751.1,943.78
26-01-2023,Munsar,Maharashtra,929.42,900.88,28.54,3.1,5,0,FALSE,0,88,90.6,transport_issue,2022-23,2827,751.1,900.88
27-01-2023,Munsar,Maharashtra,929.42,908.37,21.05,2.3,2.1,0,FALSE,0,87.6,98.2,transport_issue,2022-23,2827,751.1,908.37
28-01-2023,Munsar,Maharashtra,929.42,890.35,39.07,4.2,7.5,0,FALSE,0,93.3,93.6,transport_issue,2022-23,2827,751.1,890.35
29-01-2023,Munsar,Maharashtra,929.42,924.78,4.64,0.5,2.6,0,FALSE,0,91.5,93.4,transport_issue,2022-23,2827,751.1,924.78
30-01-2023,Munsar,Maharashtra,929.42,929.53,-0.11,0,6.9,0,FALSE,0,100,89.8,none,2022-23,2827,751.1,929.53
31-01-2023,Munsar,Maharashtra,929.42,894.61,34.81,3.7,5.7,0,FALSE,0,89.4,90.4,transport_issue,2022-23,2827,751.1,894.61
01-02-2023,Munsar,Maharashtra,929.42,921.91,7.51,0.8,1,0,FALSE,0,90.1,96.1,transport_issue,2022-23,2827,751.1,921.91
02-02-2023,Munsar,Maharashtra,929.42,876.37,53.05,5.7,0.7,4.2,FALSE,0,94.9,92.8,equipment_failure,2022-23,2827,751.1,876.37
03-02-2023,Munsar,Maharashtra,929.42,913.27,16.15,1.7,5,0,FALSE,0,91.4,92.3,transport_issue,2022-23,2827,751.1,913.27
04-02-2023,Munsar,Maharashtra,929.42,899.08,30.34,3.3,3.6,0,FALSE,0,90.7,86.9,labour_shortage,2022-23,2827,751.1,899.08
05-02-2023,Munsar,Maharashtra,929.42,873.38,56.04,6,5.5,0,FALSE,0,82.4,96.9,transport_issue,2022-23,2827,751.1,873.38
06-02-2023,Munsar,Maharashtra,929.42,849.29,80.13,8.6,4.2,0,TRUE,2.9,85.8,93.8,transport_issue,2022-23,2827,751.1,849.29
07-02-2023,Munsar,Maharashtra,929.42,892.99,36.43,3.9,1.7,0,FALSE,0,90.9,98,transport_issue,2022-23,2827,751.1,892.99
08-02-2023,Munsar,Maharashtra,929.42,924.36,5.06,0.5,5.5,0,FALSE,0,89.3,95.7,transport_issue,2022-23,2827,751.1,924.36
09-02-2023,Munsar,Maharashtra,929.42,905.24,24.18,2.6,3.1,0,FALSE,0,92.5,99.2,transport_issue,2022-23,2827,751.1,905.24
10-02-2023,Munsar,Maharashtra,929.42,895.81,33.61,3.6,5.1,0,FALSE,0,88.5,95.1,transport_issue,2022-23,2827,751.1,895.81
11-02-2023,Munsar,Maharashtra,929.42,939.37,-9.95,-1.1,5,0,FALSE,0,100,98.6,none,2022-23,2827,751.1,939.37
12-02-2023,Munsar,Maharashtra,929.42,844.96,84.46,9.1,2.6,5.7,FALSE,0,97.3,89.3,equipment_failure,2022-23,2827,751.1,844.96
13-02-2023,Munsar,Maharashtra,929.42,891.12,38.3,4.1,3.9,0,FALSE,0,90.5,92.5,transport_issue,2022-23,2827,751.1,891.12
14-02-2023,Munsar,Maharashtra,929.42,910.98,18.44,2,4,2.6,FALSE,0,100,100,equipment_failure,2022-23,2827,751.1,910.98
15-02-2023,Munsar,Maharashtra,929.42,779.85,149.57,16.1,10.9,7.8,FALSE,0,77.3,95,transport_issue,2022-23,2827,751.1,779.85
16-02-2023,Munsar,Maharashtra,929.42,886.06,43.36,4.7,3.4,0,FALSE,0,87.9,87.3,labour_shortage,2022-23,2827,751.1,886.06
17-02-2023,Munsar,Maharashtra,929.42,907.25,22.17,2.4,1.4,0,FALSE,0,92.8,100,transport_issue,2022-23,2827,751.1,907.25
18-02-2023,Munsar,Maharashtra,929.42,896.54,32.88,3.5,7.8,0,FALSE,0,97.5,98.8,transport_issue,2022-23,2827,751.1,896.54
19-02-2023,Munsar,Maharashtra,929.42,887.34,42.08,4.5,1.1,0,FALSE,0,94,94,labour_shortage,2022-23,2827,751.1,887.34
20-02-2023,Munsar,Maharashtra,929.42,879.06,50.36,5.4,7.3,0,FALSE,0,90.9,93.1,transport_issue,2022-23,2827,751.1,879.06
21-02-2023,Munsar,Maharashtra,929.42,921.84,7.58,0.8,4.8,0,FALSE,0,92.1,88.6,labour_shortage,2022-23,2827,751.1,921.84
22-02-2023,Munsar,Maharashtra,929.42,897.35,32.07,3.5,2.1,0,TRUE,1.8,98,91.8,labour_shortage,2022-23,2827,751.1,897.35
23-02-2023,Munsar,Maharashtra,929.42,783.04,146.38,15.7,5.1,7.4,FALSE,0,91.9,94.2,equipment_failure,2022-23,2827,751.1,783.04
24-02-2023,Munsar,Maharashtra,929.42,914.44,14.98,1.6,3.4,0,FALSE,0,97.4,98.1,transport_issue,2022-23,2827,751.1,914.44
25-02-2023,Munsar,Maharashtra,929.42,800.08,129.34,13.9,4.5,7.7,FALSE,0,89.8,93.4,equipment_failure,2022-23,2827,751.1,800.08
26-02-2023,Munsar,Maharashtra,929.42,825.88,103.54,11.1,8.1,7.1,FALSE,0,96.6,96.4,equipment_failure,2022-23,2827,751.1,825.88
27-02-2023,Munsar,Maharashtra,929.42,803.14,126.28,13.6,3.2,5.3,TRUE,1.2,88.7,92.9,transport_issue,2022-23,2827,751.1,803.14
28-02-2023,Munsar,Maharashtra,929.42,886.01,43.41,4.7,1.4,0,FALSE,0,83.6,85.6,transport_issue,2022-23,2827,751.1,886.01
01-03-2023,Munsar,Maharashtra,929.42,919.2,10.22,1.1,9.3,0,FALSE,0,90.5,99.7,transport_issue,2022-23,2827,751.1,919.2
02-03-2023,Munsar,Maharashtra,929.42,881.84,47.58,5.1,4,0,FALSE,0,84.4,95.4,transport_issue,2022-23,2827,751.1,881.84
03-03-2023,Munsar,Maharashtra,929.42,919.58,9.84,1.1,2.2,0,FALSE,0,86.6,92.5,transport_issue,2022-23,2827,751.1,919.58
04-03-2023,Munsar,Maharashtra,929.42,877.63,51.79,5.6,7.6,0,FALSE,0,82,99.1,transport_issue,2022-23,2827,751.1,877.63
05-03-2023,Munsar,Maharashtra,929.42,801.68,127.74,13.7,2.7,6.9,FALSE,0,87.4,92.9,equipment_failure,2022-23,2827,751.1,801.68
06-03-2023,Munsar,Maharashtra,929.42,900.97,28.45,3.1,1.4,0,FALSE,0,96.4,90,labour_shortage,2022-23,2827,751.1,900.97
07-03-2023,Munsar,Maharashtra,929.42,875.61,53.81,5.8,2.4,0,FALSE,0,89.3,87,labour_shortage,2022-23,2827,751.1,875.61
08-03-2023,Munsar,Maharashtra,929.42,899.02,30.4,3.3,1.4,0,FALSE,0,88.2,93,transport_issue,2022-23,2827,751.1,899.02
09-03-2023,Munsar,Maharashtra,929.42,926.89,2.53,0.3,2,0,FALSE,0,95,87,labour_shortage,2022-23,2827,751.1,926.89
10-03-2023,Munsar,Maharashtra,929.42,885.84,43.58,4.7,5.1,0,FALSE,0,85.2,100,transport_issue,2022-23,2827,751.1,885.84
11-03-2023,Munsar,Maharashtra,929.42,876.82,52.6,5.7,5,0,FALSE,0,87.4,94.1,transport_issue,2022-23,2827,751.1,876.82
12-03-2023,Munsar,Maharashtra,929.42,877.47,51.95,5.6,3.6,0,FALSE,0,92.3,90,labour_shortage,2022-23,2827,751.1,877.47
13-03-2023,Munsar,Maharashtra,929.42,930.17,-0.75,-0.1,1.8,0,FALSE,0,100,98.8,none,2022-23,2827,751.1,930.17
14-03-2023,Munsar,Maharashtra,929.42,898.53,30.89,3.3,2.6,0,FALSE,0,88.1,96.3,transport_issue,2022-23,2827,751.1,898.53
15-03-2023,Munsar,Maharashtra,929.42,898.25,31.17,3.4,11.1,0,FALSE,0,89.2,100,transport_issue,2022-23,2827,751.1,898.25
16-03-2023,Munsar,Maharashtra,929.42,928.02,1.4,0.2,1.5,0,FALSE,0,91.6,93.2,transport_issue,2022-23,2827,751.1,928.02
17-03-2023,Munsar,Maharashtra,929.42,852.46,76.96,8.3,5.1,4.2,TRUE,3.8,98.9,95.8,equipment_failure,2022-23,2827,751.1,852.46
18-03-2023,Munsar,Maharashtra,929.42,931.67,-2.25,-0.2,0.3,0,FALSE,0,92.7,95.1,none,2022-23,2827,751.1,931.67
19-03-2023,Munsar,Maharashtra,929.42,883.02,46.4,5,8,0,FALSE,0,86.3,97,transport_issue,2022-23,2827,751.1,883.02
20-03-2023,Munsar,Maharashtra,929.42,888.07,41.35,4.4,0.4,0,FALSE,0,89.7,94.4,transport_issue,2022-23,2827,751.1,888.07
21-03-2023,Munsar,Maharashtra,929.42,921.11,8.31,0.9,6.3,0,FALSE,0,91.5,92.7,transport_issue,2022-23,2827,751.1,921.11
22-03-2023,Munsar,Maharashtra,929.42,921.83,7.59,0.8,6.9,0,FALSE,0,97.7,100,transport_issue,2022-23,2827,751.1,921.83
23-03-2023,Munsar,Maharashtra,929.42,875.6,53.82,5.8,3,0,FALSE,0,90.4,92.2,transport_issue,2022-23,2827,751.1,875.6
24-03-2023,Munsar,Maharashtra,929.42,888.94,40.48,4.4,5.1,0,FALSE,0,87.5,94.3,transport_issue,2022-23,2827,751.1,888.94
25-03-2023,Munsar,Maharashtra,929.42,920.28,9.14,1,3.9,0,FALSE,0,100,96.6,labour_shortage,2022-23,2827,751.1,920.28
26-03-2023,Munsar,Maharashtra,929.42,890.19,39.23,4.2,4.5,0,FALSE,0,95.2,88.6,labour_shortage,2022-23,2827,751.1,890.19
27-03-2023,Munsar,Maharashtra,929.42,858.3,71.12,7.7,1.8,0,TRUE,2.6,86.8,100,transport_issue,2022-23,2827,751.1,858.3
28-03-2023,Munsar,Maharashtra,929.42,936.55,-7.13,-0.8,0.8,0,FALSE,0,92.5,98.1,none,2022-23,2827,751.1,936.55
29-03-2023,Munsar,Maharashtra,929.42,892.8,36.62,3.9,3.5,0,FALSE,0,92,100,transport_issue,2022-23,2827,751.1,892.8
30-03-2023,Munsar,Maharashtra,929.42,891.57,37.85,4.1,3.1,0,FALSE,0,83.5,88.8,transport_issue,2022-23,2827,751.1,891.57
31-03-2023,Munsar,Maharashtra,929.42,917.3,12.12,1.3,12.3,0,FALSE,0,92.6,87.1,labour_shortage,2022-23,2827,751.1,917.3
01-04-2022,Ukwa,Madhya Pradesh,774.52,759.5,15.02,1.9,9.1,0,FALSE,0,88.8,99.4,transport_issue,2022-23,2827,855.9,759.5
02-04-2022,Ukwa,Madhya Pradesh,774.52,754.08,20.44,2.6,1.1,0,FALSE,0,97.6,95,labour_shortage,2022-23,2827,855.9,754.08
03-04-2022,Ukwa,Madhya Pradesh,774.52,751.81,22.71,2.9,4.3,0,FALSE,0,97.4,93.5,labour_shortage,2022-23,2827,855.9,751.81
04-04-2022,Ukwa,Madhya Pradesh,774.52,763.53,10.99,1.4,5.5,0,FALSE,0,85.4,96.6,transport_issue,2022-23,2827,855.9,763.53
05-04-2022,Ukwa,Madhya Pradesh,774.52,793.08,-18.56,-2.4,3.1,0,FALSE,0,100,100,none,2022-23,2827,855.9,793.08
06-04-2022,Ukwa,Madhya Pradesh,774.52,758.69,15.83,2,7.9,0,FALSE,0,95.9,87.6,labour_shortage,2022-23,2827,855.9,758.69
07-04-2022,Ukwa,Madhya Pradesh,774.52,717.22,57.3,7.4,2.2,0,TRUE,2.7,94.3,93.9,labour_shortage,2022-23,2827,855.9,717.22
08-04-2022,Ukwa,Madhya Pradesh,774.52,737.41,37.11,4.8,3.9,0,FALSE,0,84.3,90.2,transport_issue,2022-23,2827,855.9,737.41
09-04-2022,Ukwa,Madhya Pradesh,774.52,741.09,33.43,4.3,8.5,0,FALSE,0,94.4,93.5,labour_shortage,2022-23,2827,855.9,741.09
10-04-2022,Ukwa,Madhya Pradesh,774.52,686.99,87.53,11.3,1.7,7.6,FALSE,0,91.5,97,equipment_failure,2022-23,2827,855.9,686.99
11-04-2022,Ukwa,Madhya Pradesh,774.52,767.66,6.86,0.9,6.2,0,FALSE,0,87.7,93.7,transport_issue,2022-23,2827,855.9,767.66
12-04-2022,Ukwa,Madhya Pradesh,774.52,663.81,110.71,14.3,3.8,6.7,FALSE,0,80.9,87,transport_issue,2022-23,2827,855.9,663.81
13-04-2022,Ukwa,Madhya Pradesh,774.52,774.55,-0.03,0,1.3,0,FALSE,0,99.7,87.4,none,2022-23,2827,855.9,774.55
14-04-2022,Ukwa,Madhya Pradesh,774.52,712.33,62.19,8,5,4.5,FALSE,0,88.3,100,transport_issue,2022-23,2827,855.9,712.33
15-04-2022,Ukwa,Madhya Pradesh,774.52,748.71,25.81,3.3,1.8,0,FALSE,0,84.9,94.2,transport_issue,2022-23,2827,855.9,748.71
16-04-2022,Ukwa,Madhya Pradesh,774.52,758.98,15.54,2,1.7,0,FALSE,0,84.9,99.3,transport_issue,2022-23,2827,855.9,758.98
17-04-2022,Ukwa,Madhya Pradesh,774.52,765.91,8.61,1.1,2.8,0,FALSE,0,92.1,96,transport_issue,2022-23,2827,855.9,765.91
18-04-2022,Ukwa,Madhya Pradesh,774.52,757.11,17.41,2.2,2.5,0,FALSE,0,82.8,91.6,transport_issue,2022-23,2827,855.9,757.11
19-04-2022,Ukwa,Madhya Pradesh,774.52,729.28,45.24,5.8,8.7,0,FALSE,0,86,96.9,transport_issue,2022-23,2827,855.9,729.28
20-04-2022,Ukwa,Madhya Pradesh,774.52,741.8,32.72,4.2,8.4,0,FALSE,0,93.5,98.4,transport_issue,2022-23,2827,855.9,741.8
21-04-2022,Ukwa,Madhya Pradesh,774.52,731.97,42.55,5.5,6.3,0,FALSE,0,88.4,88.7,transport_issue,2022-23,2827,855.9,731.97
22-04-2022,Ukwa,Madhya Pradesh,774.52,752.31,22.21,2.9,7.1,0,FALSE,0,93.1,94.3,transport_issue,2022-23,2827,855.9,752.31
23-04-2022,Ukwa,Madhya Pradesh,774.52,753.92,20.6,2.7,5.8,0,FALSE,0,94.9,96.8,transport_issue,2022-23,2827,855.9,753.92
24-04-2022,Ukwa,Madhya Pradesh,774.52,675.26,99.26,12.8,6.9,6.1,FALSE,0,91.5,99.5,equipment_failure,2022-23,2827,855.9,675.26
25-04-2022,Ukwa,Madhya Pradesh,774.52,744.06,30.46,3.9,3.8,0,FALSE,0,89.5,100,transport_issue,2022-23,2827,855.9,744.06
26-04-2022,Ukwa,Madhya Pradesh,774.52,745.08,29.44,3.8,2.6,0,FALSE,0,93.2,86.5,labour_shortage,2022-23,2827,855.9,745.08
27-04-2022,Ukwa,Madhya Pradesh,774.52,761.96,12.56,1.6,7.7,0,FALSE,0,92.3,98,transport_issue,2022-23,2827,855.9,761.96
28-04-2022,Ukwa,Madhya Pradesh,774.52,727.26,47.26,6.1,1.8,2.9,FALSE,0,98.3,97.6,equipment_failure,2022-23,2827,855.9,727.26
29-04-2022,Ukwa,Madhya Pradesh,774.52,739.89,34.63,4.5,1.8,2.1,FALSE,0,89.4,89.1,labour_shortage,2022-23,2827,855.9,739.89
30-04-2022,Ukwa,Madhya Pradesh,774.52,716.34,58.18,7.5,3,0,TRUE,5.7,98.2,92.9,blasting_delay,2022-23,2827,855.9,716.34
01-05-2022,Ukwa,Madhya Pradesh,774.52,746.24,28.28,3.7,2.1,0,FALSE,0,85.5,97.9,transport_issue,2022-23,2827,855.9,746.24
02-05-2022,Ukwa,Madhya Pradesh,774.52,734.91,39.61,5.1,6.5,0,FALSE,0,92.9,94.3,transport_issue,2022-23,2827,855.9,734.91
03-05-2022,Ukwa,Madhya Pradesh,774.52,748.62,25.9,3.3,1.4,0,FALSE,0,86,100,transport_issue,2022-23,2827,855.9,748.62
04-05-2022,Ukwa,Madhya Pradesh,774.52,746.87,27.65,3.6,2,2.7,FALSE,0,92,100,transport_issue,2022-23,2827,855.9,746.87
05-05-2022,Ukwa,Madhya Pradesh,774.52,740.46,34.06,4.4,7.7,0,FALSE,0,73.9,100,transport_issue,2022-23,2827,855.9,740.46
06-05-2022,Ukwa,Madhya Pradesh,774.52,749.52,25,3.2,11.7,0,FALSE,0,96.8,92.9,labour_shortage,2022-23,2827,855.9,749.52
07-05-2022,Ukwa,Madhya Pradesh,774.52,723.96,50.56,6.5,11.1,0,FALSE,0,84.5,88.5,transport_issue,2022-23,2827,855.9,723.96
08-05-2022,Ukwa,Madhya Pradesh,774.52,761.87,12.65,1.6,5.2,0,FALSE,0,83.4,97.3,transport_issue,2022-23,2827,855.9,761.87
09-05-2022,Ukwa,Madhya Pradesh,774.52,753.11,21.41,2.8,2.6,0,FALSE,0,92.3,96.8,transport_issue,2022-23,2827,855.9,753.11
10-05-2022,Ukwa,Madhya Pradesh,774.52,685.61,88.91,11.5,3,7.1,FALSE,0,97.9,92.7,equipment_failure,2022-23,2827,855.9,685.61
11-05-2022,Ukwa,Madhya Pradesh,774.52,736.5,38.02,4.9,4.8,0,FALSE,0,94.6,90.7,labour_shortage,2022-23,2827,855.9,736.5
12-05-2022,Ukwa,Madhya Pradesh,774.52,757.15,17.37,2.2,3.1,0,FALSE,0,93.3,95,transport_issue,2022-23,2827,855.9,757.15
13-05-2022,Ukwa,Madhya Pradesh,774.52,742.63,31.89,4.1,10,0,FALSE,0,89.7,100,transport_issue,2022-23,2827,855.9,742.63
14-05-2022,Ukwa,Madhya Pradesh,774.52,754.71,19.81,2.6,2.5,0,FALSE,0,93.7,92.8,labour_shortage,2022-23,2827,855.9,754.71
15-05-2022,Ukwa,Madhya Pradesh,774.52,740.85,33.67,4.3,2.7,0,FALSE,0,88.9,97,transport_issue,2022-23,2827,855.9,740.85
16-05-2022,Ukwa,Madhya Pradesh,774.52,751.1,23.42,3,1,0,FALSE,0,85.3,93.5,transport_issue,2022-23,2827,855.9,751.1
17-05-2022,Ukwa,Madhya Pradesh,774.52,758.02,16.5,2.1,2.8,0,FALSE,0,99,98.6,none,2022-23,2827,855.9,758.02
18-05-2022,Ukwa,Madhya Pradesh,774.52,742.99,31.53,4.1,2.8,0,FALSE,0,89.7,99,transport_issue,2022-23,2827,855.9,742.99
19-05-2022,Ukwa,Madhya Pradesh,774.52,696.35,78.17,10.1,2.1,0,TRUE,5.9,91.7,100,blasting_delay,2022-23,2827,855.9,696.35
20-05-2022,Ukwa,Madhya Pradesh,774.52,782.43,-7.91,-1,8.7,0,FALSE,0,95.1,96.1,none,2022-23,2827,855.9,782.43
21-05-2022,Ukwa,Madhya Pradesh,774.52,729.21,45.31,5.9,3.9,0,FALSE,0,84,91.5,transport_issue,2022-23,2827,855.9,729.21
22-05-2022,Ukwa,Madhya Pradesh,774.52,762.46,12.06,1.6,5.6,0,FALSE,0,86.2,97.8,transport_issue,2022-23,2827,855.9,762.46
23-05-2022,Ukwa,Madhya Pradesh,774.52,772.05,2.47,0.3,0.9,0,FALSE,0,91.8,97.1,transport_issue,2022-23,2827,855.9,772.05
24-05-2022,Ukwa,Madhya Pradesh,774.52,737.76,36.76,4.7,2.7,0,FALSE,0,86.2,96.3,transport_issue,2022-23,2827,855.9,737.76
25-05-2022,Ukwa,Madhya Pradesh,774.52,769.3,5.22,0.7,1.1,0,FALSE,0,88.7,92.2,transport_issue,2022-23,2827,855.9,769.3
26-05-2022,Ukwa,Madhya Pradesh,774.52,717.93,56.59,7.3,9.2,0,TRUE,3.3,82.3,90.9,transport_issue,2022-23,2827,855.9,717.93
27-05-2022,Ukwa,Madhya Pradesh,774.52,771.68,2.84,0.4,2.6,0,FALSE,0,91.2,100,transport_issue,2022-23,2827,855.9,771.68
28-05-2022,Ukwa,Madhya Pradesh,774.52,745.72,28.8,3.7,3.4,0,FALSE,0,85.5,93.4,transport_issue,2022-23,2827,855.9,745.72
29-05-2022,Ukwa,Madhya Pradesh,774.52,767.9,6.62,0.9,10.8,0,FALSE,0,90.3,92.9,transport_issue,2022-23,2827,855.9,767.9
30-05-2022,Ukwa,Madhya Pradesh,774.52,780.46,-5.94,-0.8,0.2,0,FALSE,0,96,98.7,none,2022-23,2827,855.9,780.46
31-05-2022,Ukwa,Madhya Pradesh,774.52,776.94,-2.42,-0.3,7.5,0,FALSE,0,98.2,89.5,none,2022-23,2827,855.9,776.94
01-06-2022,Ukwa,Madhya Pradesh,774.52,732.33,42.19,5.4,14.1,0,FALSE,0,81.1,83.1,transport_issue,2022-23,2827,855.9,732.33
02-06-2022,Ukwa,Madhya Pradesh,774.52,769.89,4.63,0.6,7.6,0,FALSE,0,88.6,98,transport_issue,2022-23,2827,855.9,769.89
03-06-2022,Ukwa,Madhya Pradesh,774.52,745.64,28.88,3.7,33,0,FALSE,0,80.9,98,transport_issue,2022-23,2827,855.9,745.64
04-06-2022,Ukwa,Madhya Pradesh,774.52,727.94,46.58,6,15.3,0,FALSE,0,85.4,93.3,transport_issue,2022-23,2827,855.9,727.94
05-06-2022,Ukwa,Madhya Pradesh,774.52,714.23,60.29,7.8,48.1,0,FALSE,0,83.2,94.6,heavy_rainfall,2022-23,2827,855.9,714.23
06-06-2022,Ukwa,Madhya Pradesh,774.52,736.77,37.75,4.9,43.3,0,FALSE,0,71.5,99.5,transport_issue,2022-23,2827,855.9,736.77
07-06-2022,Ukwa,Madhya Pradesh,774.52,724.57,49.95,6.4,8.4,0,FALSE,0,84.6,93.1,transport_issue,2022-23,2827,855.9,724.57
08-06-2022,Ukwa,Madhya Pradesh,774.52,746.57,27.95,3.6,13.3,0,TRUE,3.1,87.6,95.3,transport_issue,2022-23,2827,855.9,746.57
09-06-2022,Ukwa,Madhya Pradesh,774.52,725.37,49.15,6.3,17.2,0,FALSE,0,83.4,97.8,transport_issue,2022-23,2827,855.9,725.37
10-06-2022,Ukwa,Madhya Pradesh,774.52,734.52,40,5.2,27.5,0,FALSE,0,82.7,100,transport_issue,2022-23,2827,855.9,734.52
11-06-2022,Ukwa,Madhya Pradesh,774.52,727.65,46.87,6.1,68.7,0,FALSE,0,83.6,94.1,heavy_rainfall,2022-23,2827,855.9,727.65
12-06-2022,Ukwa,Madhya Pradesh,774.52,725.13,49.39,6.4,21.7,0,FALSE,0,83,92,transport_issue,2022-23,2827,855.9,725.13
13-06-2022,Ukwa,Madhya Pradesh,774.52,685.05,89.47,11.6,48,4.4,FALSE,0,79.8,94.3,heavy_rainfall,2022-23,2827,855.9,685.05
14-06-2022,Ukwa,Madhya Pradesh,774.52,702.73,71.79,9.3,95,0,FALSE,0,80.7,96.4,heavy_rainfall,2022-23,2827,855.9,702.73
15-06-2022,Ukwa,Madhya Pradesh,774.52,725.33,49.19,6.4,12,0,FALSE,0,77.9,92.7,transport_issue,2022-23,2827,855.9,725.33
16-06-2022,Ukwa,Madhya Pradesh,774.52,737.96,36.56,4.7,44.3,0,FALSE,0,80.9,91.5,transport_issue,2022-23,2827,855.9,737.96
17-06-2022,Ukwa,Madhya Pradesh,774.52,718.82,55.7,7.2,19.7,0,FALSE,0,84.7,90.5,transport_issue,2022-23,2827,855.9,718.82
18-06-2022,Ukwa,Madhya Pradesh,774.52,720.69,53.83,7,26.4,0,FALSE,0,78.4,94.1,transport_issue,2022-23,2827,855.9,720.69
19-06-2022,Ukwa,Madhya Pradesh,774.52,756.87,17.65,2.3,8.4,0,FALSE,0,91.4,100,transport_issue,2022-23,2827,855.9,756.87
20-06-2022,Ukwa,Madhya Pradesh,774.52,772.38,2.14,0.3,24.4,0,FALSE,0,91.7,94.3,transport_issue,2022-23,2827,855.9,772.38
21-06-2022,Ukwa,Madhya Pradesh,774.52,729.14,45.38,5.9,23.8,0,FALSE,0,83,97.2,transport_issue,2022-23,2827,855.9,729.14
22-06-2022,Ukwa,Madhya Pradesh,774.52,743.01,31.51,4.1,21.3,0,FALSE,0,74.1,96.1,transport_issue,2022-23,2827,855.9,743.01
23-06-2022,Ukwa,Madhya Pradesh,774.52,724.35,50.17,6.5,21.4,0,FALSE,0,74,94.5,transport_issue,2022-23,2827,855.9,724.35
24-06-2022,Ukwa,Madhya Pradesh,774.52,752.82,21.7,2.8,35.7,0,FALSE,0,83.9,97.5,transport_issue,2022-23,2827,855.9,752.82
25-06-2022,Ukwa,Madhya Pradesh,774.52,718.66,55.86,7.2,10,0,FALSE,0,75.5,96.5,transport_issue,2022-23,2827,855.9,718.66
26-06-2022,Ukwa,Madhya Pradesh,774.52,716.2,58.32,7.5,54.9,0,FALSE,0,82.4,94.3,heavy_rainfall,2022-23,2827,855.9,716.2
27-06-2022,Ukwa,Madhya Pradesh,774.52,726.27,48.25,6.2,7.1,0,FALSE,0,90.1,89.9,labour_shortage,2022-23,2827,855.9,726.27
28-06-2022,Ukwa,Madhya Pradesh,774.52,693.55,80.97,10.5,47.1,0,FALSE,0,75.4,90.4,transport_issue,2022-23,2827,855.9,693.55
29-06-2022,Ukwa,Madhya Pradesh,774.52,763.13,11.39,1.5,40,0,FALSE,0,92.8,100,heavy_rainfall,2022-23,2827,855.9,763.13
30-06-2022,Ukwa,Madhya Pradesh,774.52,728.48,46.04,5.9,28.8,0,FALSE,0,80.5,99,transport_issue,2022-23,2827,855.9,728.48
01-07-2022,Ukwa,Madhya Pradesh,774.52,708.31,66.21,8.5,40.1,0,TRUE,1.5,85.1,96.1,transport_issue,2022-23,2827,855.9,708.31
02-07-2022,Ukwa,Madhya Pradesh,774.52,743.69,30.83,4,16.3,0,FALSE,0,79.2,90.8,transport_issue,2022-23,2827,855.9,743.69
03-07-2022,Ukwa,Madhya Pradesh,774.52,744.58,29.94,3.9,18.5,0,FALSE,0,86.6,98,transport_issue,2022-23,2827,855.9,744.58
04-07-2022,Ukwa,Madhya Pradesh,774.52,738.95,35.57,4.6,18.4,0,FALSE,0,87.4,89.2,transport_issue,2022-23,2827,855.9,738.95
05-07-2022,Ukwa,Madhya Pradesh,774.52,740.64,33.88,4.4,24.7,0,FALSE,0,77.7,98.1,transport_issue,2022-23,2827,855.9,740.64
06-07-2022,Ukwa,Madhya Pradesh,774.52,663.93,110.59,14.3,47.5,6.9,FALSE,0,78.3,100,heavy_rainfall,2022-23,2827,855.9,663.93
07-07-2022,Ukwa,Madhya Pradesh,774.52,738.49,36.03,4.7,39.6,0,FALSE,0,79.7,94.7,transport_issue,2022-23,2827,855.9,738.49
08-07-2022,Ukwa,Madhya Pradesh,774.52,707.23,67.29,8.7,45.6,0,TRUE,1,65.4,91.2,transport_issue,2022-23,2827,855.9,707.23
09-07-2022,Ukwa,Madhya Pradesh,774.52,634.41,140.11,18.1,40,10.1,FALSE,0,83,95.5,equipment_failure,2022-23,2827,855.9,634.41
10-07-2022,Ukwa,Madhya Pradesh,774.52,722.06,52.46,6.8,68,0,FALSE,0,79.6,94.7,heavy_rainfall,2022-23,2827,855.9,722.06
11-07-2022,Ukwa,Madhya Pradesh,774.52,632.97,141.55,18.3,55,7.7,TRUE,1.4,89.4,94,heavy_rainfall,2022-23,2827,855.9,632.97
12-07-2022,Ukwa,Madhya Pradesh,774.52,633.76,140.76,18.2,36.9,7.4,FALSE,0,86.6,84.1,labour_shortage,2022-23,2827,855.9,633.76
13-07-2022,Ukwa,Madhya Pradesh,774.52,757.06,17.46,2.3,25.1,0,FALSE,0,90.6,94.8,transport_issue,2022-23,2827,855.9,757.06
14-07-2022,Ukwa,Madhya Pradesh,774.52,756.38,18.14,2.3,30.8,0,FALSE,0,86.9,92.1,transport_issue,2022-23,2827,855.9,756.38
15-07-2022,Ukwa,Madhya Pradesh,774.52,718.03,56.49,7.3,43.4,0,FALSE,0,86.3,97.3,heavy_rainfall,2022-23,2827,855.9,718.03
16-07-2022,Ukwa,Madhya Pradesh,774.52,692.22,82.3,10.6,82.3,0,FALSE,0,82.1,100,heavy_rainfall,2022-23,2827,855.9,692.22
17-07-2022,Ukwa,Madhya Pradesh,774.52,748.1,26.42,3.4,19,0,FALSE,0,91.9,90.5,labour_shortage,2022-23,2827,855.9,748.1
18-07-2022,Ukwa,Madhya Pradesh,774.52,730.42,44.1,5.7,42.1,0,TRUE,1.7,87.6,95.2,heavy_rainfall,2022-23,2827,855.9,730.42
19-07-2022,Ukwa,Madhya Pradesh,774.52,700.01,74.51,9.6,21.4,4.2,FALSE,0,77.3,90.8,transport_issue,2022-23,2827,855.9,700.01
20-07-2022,Ukwa,Madhya Pradesh,774.52,726.08,48.44,6.3,29.5,0,FALSE,0,82.2,94,transport_issue,2022-23,2827,855.9,726.08
21-07-2022,Ukwa,Madhya Pradesh,774.52,729.77,44.75,5.8,8.9,0,FALSE,0,77.7,94,transport_issue,2022-23,2827,855.9,729.77
22-07-2022,Ukwa,Madhya Pradesh,774.52,745,29.52,3.8,47,0,FALSE,0,84.4,96.5,heavy_rainfall,2022-23,2827,855.9,745
23-07-2022,Ukwa,Madhya Pradesh,774.52,648.83,125.69,16.2,40.9,7.1,FALSE,0,82.8,97.7,transport_issue,2022-23,2827,855.9,648.83
24-07-2022,Ukwa,Madhya Pradesh,774.52,739.33,35.19,4.5,30.5,0,FALSE,0,80.3,95.3,transport_issue,2022-23,2827,855.9,739.33
25-07-2022,Ukwa,Madhya Pradesh,774.52,707.76,66.76,8.6,13.9,0,TRUE,4.1,81.3,93.9,transport_issue,2022-23,2827,855.9,707.76
26-07-2022,Ukwa,Madhya Pradesh,774.52,739.12,35.4,4.6,61.1,0,FALSE,0,90.3,98,heavy_rainfall,2022-23,2827,855.9,739.12
27-07-2022,Ukwa,Madhya Pradesh,774.52,764.76,9.76,1.3,26,0,FALSE,0,85.8,91.6,transport_issue,2022-23,2827,855.9,764.76
28-07-2022,Ukwa,Madhya Pradesh,774.52,746.46,28.06,3.6,26.9,0,FALSE,0,90,91.5,transport_issue,2022-23,2827,855.9,746.46
29-07-2022,Ukwa,Madhya Pradesh,774.52,764.99,9.53,1.2,7.4,0,FALSE,0,89.5,90.6,transport_issue,2022-23,2827,855.9,764.99
30-07-2022,Ukwa,Madhya Pradesh,774.52,754.68,19.84,2.6,4.5,0,FALSE,0,81.4,89.9,transport_issue,2022-23,2827,855.9,754.68
31-07-2022,Ukwa,Madhya Pradesh,774.52,734.16,40.36,5.2,6.3,0,FALSE,0,73.5,97.4,transport_issue,2022-23,2827,855.9,734.16
01-08-2022,Ukwa,Madhya Pradesh,774.52,604.21,170.31,22,20,14.3,FALSE,0,87.2,95.2,equipment_failure,2022-23,2827,855.9,604.21
02-08-2022,Ukwa,Madhya Pradesh,774.52,713.41,61.11,7.9,12.1,0,FALSE,0,77.9,94.4,transport_issue,2022-23,2827,855.9,713.41
03-08-2022,Ukwa,Madhya Pradesh,774.52,717.67,56.85,7.3,13.5,0,FALSE,0,77.1,97.8,transport_issue,2022-23,2827,855.9,717.67
04-08-2022,Ukwa,Madhya Pradesh,774.52,736.39,38.13,4.9,12.8,0,FALSE,0,91.1,96.6,transport_issue,2022-23,2827,855.9,736.39
05-08-2022,Ukwa,Madhya Pradesh,774.52,751.21,23.31,3,30.1,0,FALSE,0,85.5,94.2,transport_issue,2022-23,2827,855.9,751.21
06-08-2022,Ukwa,Madhya Pradesh,774.52,749.9,24.62,3.2,20.8,0,FALSE,0,79.9,94.7,transport_issue,2022-23,2827,855.9,749.9
07-08-2022,Ukwa,Madhya Pradesh,774.52,670.26,104.26,13.5,37.6,5,FALSE,0,71.9,90.2,transport_issue,2022-23,2827,855.9,670.26
08-08-2022,Ukwa,Madhya Pradesh,774.52,683.61,90.91,11.7,60.5,0,FALSE,0,65.9,96.4,heavy_rainfall,2022-23,2827,855.9,683.61
09-08-2022,Ukwa,Madhya Pradesh,774.52,727.79,46.73,6,9.5,0,FALSE,0,78.5,91.6,transport_issue,2022-23,2827,855.9,727.79
10-08-2022,Ukwa,Madhya Pradesh,774.52,735.22,39.3,5.1,32.9,0,FALSE,0,69,96.4,transport_issue,2022-23,2827,855.9,735.22
11-08-2022,Ukwa,Madhya Pradesh,774.52,748.14,26.38,3.4,16.5,0,FALSE,0,80,95.5,transport_issue,2022-23,2827,855.9,748.14
12-08-2022,Ukwa,Madhya Pradesh,774.52,731.46,43.06,5.6,24,0,FALSE,0,77.7,96,transport_issue,2022-23,2827,855.9,731.46
13-08-2022,Ukwa,Madhya Pradesh,774.52,637.16,137.36,17.7,33,7.1,FALSE,0,75.1,95.3,transport_issue,2022-23,2827,855.9,637.16
14-08-2022,Ukwa,Madhya Pradesh,774.52,747.17,27.35,3.5,15.2,0,FALSE,0,81.9,91.7,transport_issue,2022-23,2827,855.9,747.17
15-08-2022,Ukwa,Madhya Pradesh,774.52,726.47,48.05,6.2,28.7,0,FALSE,0,79.9,94.2,transport_issue,2022-23,2827,855.9,726.47
16-08-2022,Ukwa,Madhya Pradesh,774.52,752.25,22.27,2.9,37.3,0,FALSE,0,84.5,99.4,transport_issue,2022-23,2827,855.9,752.25
17-08-2022,Ukwa,Madhya Pradesh,774.52,750.04,24.48,3.2,18.8,0,FALSE,0,89.8,92.8,transport_issue,2022-23,2827,855.9,750.04
18-08-2022,Ukwa,Madhya Pradesh,774.52,678.82,95.7,12.4,19.5,5.1,FALSE,0,86.7,98.6,transport_issue,2022-23,2827,855.9,678.82
19-08-2022,Ukwa,Madhya Pradesh,774.52,721.4,53.12,6.9,7.5,0,FALSE,0,74.7,96.6,transport_issue,2022-23,2827,855.9,721.4
20-08-2022,Ukwa,Madhya Pradesh,774.52,700.42,74.1,9.6,72.6,0,FALSE,0,77.5,100,heavy_rainfall,2022-23,2827,855.9,700.42
21-08-2022,Ukwa,Madhya Pradesh,774.52,725.37,49.15,6.3,36.6,0,FALSE,0,83.3,89.1,transport_issue,2022-23,2827,855.9,725.37
22-08-2022,Ukwa,Madhya Pradesh,774.52,757.18,17.34,2.2,20.7,0,FALSE,0,93.4,92.4,labour_shortage,2022-23,2827,855.9,757.18
23-08-2022,Ukwa,Madhya Pradesh,774.52,718.5,56.02,7.2,52.6,0,FALSE,0,74.9,100,heavy_rainfall,2022-23,2827,855.9,718.5
24-08-2022,Ukwa,Madhya Pradesh,774.52,724.2,50.32,6.5,16,0,FALSE,0,84.8,95.3,transport_issue,2022-23,2827,855.9,724.2
25-08-2022,Ukwa,Madhya Pradesh,774.52,697.3,77.22,10,52.2,0,TRUE,2.7,88.6,93.3,heavy_rainfall,2022-23,2827,855.9,697.3
26-08-2022,Ukwa,Madhya Pradesh,774.52,770.12,4.4,0.6,37.4,0,FALSE,0,88.5,97.3,transport_issue,2022-23,2827,855.9,770.12
27-08-2022,Ukwa,Madhya Pradesh,774.52,769.37,5.15,0.7,8.6,0,FALSE,0,100,96.7,labour_shortage,2022-23,2827,855.9,769.37
28-08-2022,Ukwa,Madhya Pradesh,774.52,742.2,32.32,4.2,15.2,0,FALSE,0,81.3,92.8,transport_issue,2022-23,2827,855.9,742.2
29-08-2022,Ukwa,Madhya Pradesh,774.52,749.25,25.27,3.3,9.4,0,FALSE,0,83.5,99.4,transport_issue,2022-23,2827,855.9,749.25
30-08-2022,Ukwa,Madhya Pradesh,774.52,743.65,30.87,4,35.4,0,FALSE,0,76.5,93.6,transport_issue,2022-23,2827,855.9,743.65
31-08-2022,Ukwa,Madhya Pradesh,774.52,705.92,68.6,8.9,46.9,0,FALSE,0,73.2,85.9,transport_issue,2022-23,2827,855.9,705.92
01-09-2022,Ukwa,Madhya Pradesh,774.52,750.76,23.76,3.1,13.2,0,FALSE,0,78.2,100,transport_issue,2022-23,2827,855.9,750.76
02-09-2022,Ukwa,Madhya Pradesh,774.52,713.62,60.9,7.9,32.8,0,TRUE,3,80.7,97.4,transport_issue,2022-23,2827,855.9,713.62
03-09-2022,Ukwa,Madhya Pradesh,774.52,767.12,7.4,1,23.4,0,FALSE,0,88.6,94.9,transport_issue,2022-23,2827,855.9,767.12
04-09-2022,Ukwa,Madhya Pradesh,774.52,691.08,83.44,10.8,18.6,5.5,FALSE,0,86.4,98.4,transport_issue,2022-23,2827,855.9,691.08
05-09-2022,Ukwa,Madhya Pradesh,774.52,726.22,48.3,6.2,2.3,0,FALSE,0,77.9,91.5,transport_issue,2022-23,2827,855.9,726.22
06-09-2022,Ukwa,Madhya Pradesh,774.52,644.22,130.3,16.8,15.2,7.6,FALSE,0,82.6,92,transport_issue,2022-23,2827,855.9,644.22
07-09-2022,Ukwa,Madhya Pradesh,774.52,744.96,29.56,3.8,36.2,0,FALSE,0,87.8,97,transport_issue,2022-23,2827,855.9,744.96
08-09-2022,Ukwa,Madhya Pradesh,774.52,721.47,53.05,6.8,6.1,0,FALSE,0,75.4,91.2,transport_issue,2022-23,2827,855.9,721.47
09-09-2022,Ukwa,Madhya Pradesh,774.52,733.16,41.36,5.3,25.4,0,FALSE,0,75.4,100,transport_issue,2022-23,2827,855.9,733.16
10-09-2022,Ukwa,Madhya Pradesh,774.52,719.34,55.18,7.1,26.7,0,FALSE,0,79,90.9,transport_issue,2022-23,2827,855.9,719.34
11-09-2022,Ukwa,Madhya Pradesh,774.52,730.44,44.08,5.7,7.8,0,FALSE,0,78.1,95.1,transport_issue,2022-23,2827,855.9,730.44
12-09-2022,Ukwa,Madhya Pradesh,774.52,751.02,23.5,3,27.7,0,FALSE,0,88.8,94.6,transport_issue,2022-23,2827,855.9,751.02
13-09-2022,Ukwa,Madhya Pradesh,774.52,730.31,44.21,5.7,44.5,0,FALSE,0,92.3,99.4,heavy_rainfall,2022-23,2827,855.9,730.31
14-09-2022,Ukwa,Madhya Pradesh,774.52,713.62,60.9,7.9,47,0,FALSE,0,79.8,89.8,heavy_rainfall,2022-23,2827,855.9,713.62
15-09-2022,Ukwa,Madhya Pradesh,774.52,736.26,38.26,4.9,45.4,0,FALSE,0,86.4,96.4,heavy_rainfall,2022-23,2827,855.9,736.26
16-09-2022,Ukwa,Madhya Pradesh,774.52,715.87,58.65,7.6,7,2.5,FALSE,0,83.4,97.1,transport_issue,2022-23,2827,855.9,715.87
17-09-2022,Ukwa,Madhya Pradesh,774.52,744.01,30.51,3.9,8,0,FALSE,0,82.8,98.5,transport_issue,2022-23,2827,855.9,744.01
18-09-2022,Ukwa,Madhya Pradesh,774.52,755.92,18.6,2.4,38.7,0,FALSE,0,92,96.2,heavy_rainfall,2022-23,2827,855.9,755.92
19-09-2022,Ukwa,Madhya Pradesh,774.52,759.02,15.5,2,11,0,FALSE,0,80.4,96.7,transport_issue,2022-23,2827,855.9,759.02
20-09-2022,Ukwa,Madhya Pradesh,774.52,727.4,47.12,6.1,30,0,FALSE,0,75.6,94.5,transport_issue,2022-23,2827,855.9,727.4
21-09-2022,Ukwa,Madhya Pradesh,774.52,727.6,46.92,6.1,25.1,0,FALSE,0,75.5,97.3,transport_issue,2022-23,2827,855.9,727.6
22-09-2022,Ukwa,Madhya Pradesh,774.52,748.51,26.01,3.4,35.2,0,FALSE,0,76.6,93.5,transport_issue,2022-23,2827,855.9,748.51
23-09-2022,Ukwa,Madhya Pradesh,774.52,736.11,38.41,5,23.5,0,FALSE,0,78.3,92.4,transport_issue,2022-23,2827,855.9,736.11
24-09-2022,Ukwa,Madhya Pradesh,774.52,690,84.52,10.9,53.3,5.6,FALSE,0,91.5,95.1,heavy_rainfall,2022-23,2827,855.9,690
25-09-2022,Ukwa,Madhya Pradesh,774.52,711.49,63.03,8.1,20.6,0,FALSE,0,76.9,89.1,transport_issue,2022-23,2827,855.9,711.49
26-09-2022,Ukwa,Madhya Pradesh,774.52,743.94,30.58,3.9,24.3,0,FALSE,0,88.4,98.5,transport_issue,2022-23,2827,855.9,743.94
27-09-2022,Ukwa,Madhya Pradesh,774.52,700.51,74.01,9.6,60.7,0,FALSE,0,78.1,89.1,heavy_rainfall,2022-23,2827,855.9,700.51
28-09-2022,Ukwa,Madhya Pradesh,774.52,704.2,70.32,9.1,34.8,0,TRUE,4.4,82,88.3,transport_issue,2022-23,2827,855.9,704.2
29-09-2022,Ukwa,Madhya Pradesh,774.52,716.18,58.34,7.5,12.3,0,FALSE,0,82.7,89.2,transport_issue,2022-23,2827,855.9,716.18
30-09-2022,Ukwa,Madhya Pradesh,774.52,664.93,109.59,14.1,25.4,7.2,FALSE,0,93.3,95.4,equipment_failure,2022-23,2827,855.9,664.93
01-10-2022,Ukwa,Madhya Pradesh,774.52,770.32,4.2,0.5,1.2,0,FALSE,0,97.5,93.6,labour_shortage,2022-23,2827,855.9,770.32
02-10-2022,Ukwa,Madhya Pradesh,774.52,764.44,10.08,1.3,5.5,0,FALSE,0,99.4,96.7,labour_shortage,2022-23,2827,855.9,764.44
03-10-2022,Ukwa,Madhya Pradesh,774.52,765.12,9.4,1.2,7,0,FALSE,0,91.5,100,transport_issue,2022-23,2827,855.9,765.12
04-10-2022,Ukwa,Madhya Pradesh,774.52,742.54,31.98,4.1,6.2,0,FALSE,0,94,96.8,transport_issue,2022-23,2827,855.9,742.54
05-10-2022,Ukwa,Madhya Pradesh,774.52,748.03,26.49,3.4,3.2,0,FALSE,0,97.9,93.7,labour_shortage,2022-23,2827,855.9,748.03
06-10-2022,Ukwa,Madhya Pradesh,774.52,739.26,35.26,4.6,3.2,0,FALSE,0,92.5,93.7,transport_issue,2022-23,2827,855.9,739.26
07-10-2022,Ukwa,Madhya Pradesh,774.52,724.44,50.08,6.5,5,2.3,FALSE,0,84,94.3,transport_issue,2022-23,2827,855.9,724.44
08-10-2022,Ukwa,Madhya Pradesh,774.52,746.93,27.59,3.6,1.8,0,FALSE,0,93.6,90.9,labour_shortage,2022-23,2827,855.9,746.93
09-10-2022,Ukwa,Madhya Pradesh,774.52,754.89,19.63,2.5,5.2,0,FALSE,0,84.5,97.2,transport_issue,2022-23,2827,855.9,754.89
10-10-2022,Ukwa,Madhya Pradesh,774.52,784.78,-10.26,-1.3,0.5,0,FALSE,0,98.5,95.7,none,2022-23,2827,855.9,784.78
11-10-2022,Ukwa,Madhya Pradesh,774.52,760.02,14.5,1.9,3,0,FALSE,0,87.7,97.3,transport_issue,2022-23,2827,855.9,760.02
12-10-2022,Ukwa,Madhya Pradesh,774.52,758.9,15.62,2,2.2,0,FALSE,0,92.1,92.8,transport_issue,2022-23,2827,855.9,758.9
13-10-2022,Ukwa,Madhya Pradesh,774.52,725.66,48.86,6.3,2,0,FALSE,0,87,93.5,transport_issue,2022-23,2827,855.9,725.66
14-10-2022,Ukwa,Madhya Pradesh,774.52,788.41,-13.89,-1.8,4.1,0,FALSE,0,100,92.2,none,2022-23,2827,855.9,788.41
15-10-2022,Ukwa,Madhya Pradesh,774.52,757.82,16.7,2.2,6.6,0,FALSE,0,96.7,100,transport_issue,2022-23,2827,855.9,757.82
16-10-2022,Ukwa,Madhya Pradesh,774.52,738.23,36.29,4.7,3.4,0,FALSE,0,76.8,100,transport_issue,2022-23,2827,855.9,738.23
17-10-2022,Ukwa,Madhya Pradesh,774.52,768.14,6.38,0.8,1.6,0,FALSE,0,89.1,91.7,transport_issue,2022-23,2827,855.9,768.14
18-10-2022,Ukwa,Madhya Pradesh,774.52,758.94,15.58,2,6.9,0,FALSE,0,95.1,92.5,labour_shortage,2022-23,2827,855.9,758.94
19-10-2022,Ukwa,Madhya Pradesh,774.52,702.91,71.61,9.2,4.4,0,TRUE,2.4,75.8,91.8,transport_issue,2022-23,2827,855.9,702.91
20-10-2022,Ukwa,Madhya Pradesh,774.52,663.28,111.24,14.4,1.6,5.3,FALSE,0,76,98.5,transport_issue,2022-23,2827,855.9,663.28
21-10-2022,Ukwa,Madhya Pradesh,774.52,747.12,27.4,3.5,2.6,0,FALSE,0,98.9,95.5,labour_shortage,2022-23,2827,855.9,747.12
22-10-2022,Ukwa,Madhya Pradesh,774.52,781.69,-7.17,-0.9,10,0,FALSE,0,98.2,93.1,none,2022-23,2827,855.9,781.69
23-10-2022,Ukwa,Madhya Pradesh,774.52,748.04,26.48,3.4,4.6,0,FALSE,0,84.9,99.7,transport_issue,2022-23,2827,855.9,748.04
24-10-2022,Ukwa,Madhya Pradesh,774.52,709.67,64.85,8.4,0.5,4.8,FALSE,0,89.8,93.4,transport_issue,2022-23,2827,855.9,709.67
25-10-2022,Ukwa,Madhya Pradesh,774.52,772.74,1.78,0.2,5.9,0,FALSE,0,88.1,97.8,transport_issue,2022-23,2827,855.9,772.74
26-10-2022,Ukwa,Madhya Pradesh,774.52,770.98,3.54,0.5,7.8,0,FALSE,0,97.8,97,labour_shortage,2022-23,2827,855.9,770.98
27-10-2022,Ukwa,Madhya Pradesh,774.52,755.05,19.47,2.5,12.8,0,FALSE,0,88.7,88.6,labour_shortage,2022-23,2827,855.9,755.05
28-10-2022,Ukwa,Madhya Pradesh,774.52,778.75,-4.23,-0.5,7.8,0,FALSE,0,94,94.6,none,2022-23,2827,855.9,778.75
29-10-2022,Ukwa,Madhya Pradesh,774.52,745.39,29.13,3.8,9.8,0,FALSE,0,77.9,97.1,transport_issue,2022-23,2827,855.9,745.39
30-10-2022,Ukwa,Madhya Pradesh,774.52,771.4,3.12,0.4,6.1,0,FALSE,0,83.8,100,transport_issue,2022-23,2827,855.9,771.4
31-10-2022,Ukwa,Madhya Pradesh,774.52,729.26,45.26,5.8,0.7,0,FALSE,0,91.3,91.6,transport_issue,2022-23,2827,855.9,729.26
01-11-2022,Ukwa,Madhya Pradesh,774.52,779.75,-5.23,-0.7,4.8,0,FALSE,0,95,100,none,2022-23,2827,855.9,779.75
02-11-2022,Ukwa,Madhya Pradesh,774.52,776.14,-1.62,-0.2,2.7,0,FALSE,0,94.1,92.2,none,2022-23,2827,855.9,776.14
03-11-2022,Ukwa,Madhya Pradesh,774.52,757.8,16.72,2.2,3.3,0,FALSE,0,87.2,94.8,transport_issue,2022-23,2827,855.9,757.8
04-11-2022,Ukwa,Madhya Pradesh,774.52,748.33,26.19,3.4,0.8,0,FALSE,0,87.8,89.1,transport_issue,2022-23,2827,855.9,748.33
05-11-2022,Ukwa,Madhya Pradesh,774.52,770.4,4.12,0.5,4.3,0,FALSE,0,100,92.6,labour_shortage,2022-23,2827,855.9,770.4
06-11-2022,Ukwa,Madhya Pradesh,774.52,708.78,65.74,8.5,2.9,2.8,FALSE,0,96.2,94.4,equipment_failure,2022-23,2827,855.9,708.78
07-11-2022,Ukwa,Madhya Pradesh,774.52,757.89,16.63,2.1,7.1,0,FALSE,0,88.5,94.9,transport_issue,2022-23,2827,855.9,757.89
08-11-2022,Ukwa,Madhya Pradesh,774.52,751.89,22.63,2.9,4.8,0,FALSE,0,96.6,95.7,labour_shortage,2022-23,2827,855.9,751.89
09-11-2022,Ukwa,Madhya Pradesh,774.52,769.19,5.33,0.7,4.7,0,FALSE,0,88.7,98.4,transport_issue,2022-23,2827,855.9,769.19
10-11-2022,Ukwa,Madhya Pradesh,774.52,774.48,0.04,0,3,0,FALSE,0,96.7,90.8,labour_shortage,2022-23,2827,855.9,774.48
11-11-2022,Ukwa,Madhya Pradesh,774.52,678.07,96.45,12.5,4.4,6.4,FALSE,0,85.1,90.6,transport_issue,2022-23,2827,855.9,678.07
12-11-2022,Ukwa,Madhya Pradesh,774.52,749.15,25.37,3.3,6.6,0,FALSE,0,92.9,93.3,transport_issue,2022-23,2827,855.9,749.15
13-11-2022,Ukwa,Madhya Pradesh,774.52,765.68,8.84,1.1,0.2,0,FALSE,0,92.6,97.8,transport_issue,2022-23,2827,855.9,765.68
14-11-2022,Ukwa,Madhya Pradesh,774.52,746.99,27.53,3.6,5.9,0,FALSE,0,83,95.2,transport_issue,2022-23,2827,855.9,746.99
15-11-2022,Ukwa,Madhya Pradesh,774.52,736.71,37.81,4.9,1.1,0,FALSE,0,80.1,91.5,transport_issue,2022-23,2827,855.9,736.71
16-11-2022,Ukwa,Madhya Pradesh,774.52,683.93,90.59,11.7,0.9,6.1,FALSE,0,92,96.6,equipment_failure,2022-23,2827,855.9,683.93
17-11-2022,Ukwa,Madhya Pradesh,774.52,787.72,-13.2,-1.7,2.4,0,FALSE,0,100,97.9,none,2022-23,2827,855.9,787.72
18-11-2022,Ukwa,Madhya Pradesh,774.52,756.99,17.53,2.3,1.9,0,FALSE,0,93,89.8,labour_shortage,2022-23,2827,855.9,756.99
19-11-2022,Ukwa,Madhya Pradesh,774.52,759.87,14.65,1.9,4.7,0,FALSE,0,90.7,92.6,transport_issue,2022-23,2827,855.9,759.87
20-11-2022,Ukwa,Madhya Pradesh,774.52,734.53,39.99,5.2,0.9,0,FALSE,0,92,93.5,transport_issue,2022-23,2827,855.9,734.53
21-11-2022,Ukwa,Madhya Pradesh,774.52,731.2,43.32,5.6,3.2,4.2,FALSE,0,97.7,96.8,equipment_failure,2022-23,2827,855.9,731.2
22-11-2022,Ukwa,Madhya Pradesh,774.52,715.16,59.36,7.7,2.4,0,FALSE,0,78,93.9,transport_issue,2022-23,2827,855.9,715.16
23-11-2022,Ukwa,Madhya Pradesh,774.52,765.44,9.08,1.2,10.2,0,FALSE,0,98,93.4,labour_shortage,2022-23,2827,855.9,765.44
24-11-2022,Ukwa,Madhya Pradesh,774.52,737.66,36.86,4.8,4.1,0,FALSE,0,89.9,97.7,transport_issue,2022-23,2827,855.9,737.66
25-11-2022,Ukwa,Madhya Pradesh,774.52,673.03,101.49,13.1,4,5.9,FALSE,0,82.8,100,transport_issue,2022-23,2827,855.9,673.03
26-11-2022,Ukwa,Madhya Pradesh,774.52,740.09,34.43,4.4,5.9,0,FALSE,0,99.1,87.2,labour_shortage,2022-23,2827,855.9,740.09
27-11-2022,Ukwa,Madhya Pradesh,774.52,748.23,26.29,3.4,3.1,0,FALSE,0,92.4,98.6,transport_issue,2022-23,2827,855.9,748.23
28-11-2022,Ukwa,Madhya Pradesh,774.52,778.5,-3.98,-0.5,2,0,FALSE,0,95.8,94.4,none,2022-23,2827,855.9,778.5
29-11-2022,Ukwa,Madhya Pradesh,774.52,745.59,28.93,3.7,1.1,3,FALSE,0,100,93.1,labour_shortage,2022-23,2827,855.9,745.59
30-11-2022,Ukwa,Madhya Pradesh,774.52,726.92,47.6,6.1,1,0,FALSE,0,89.3,91.4,transport_issue,2022-23,2827,855.9,726.92
01-12-2022,Ukwa,Madhya Pradesh,774.52,733.48,41.04,5.3,2.8,0,FALSE,0,89.9,92.5,transport_issue,2022-23,2827,855.9,733.48
02-12-2022,Ukwa,Madhya Pradesh,774.52,746.33,28.19,3.6,4.7,0,FALSE,0,96,92.4,labour_shortage,2022-23,2827,855.9,746.33
03-12-2022,Ukwa,Madhya Pradesh,774.52,760.12,14.4,1.9,5.9,0,FALSE,0,100,96.8,labour_shortage,2022-23,2827,855.9,760.12
04-12-2022,Ukwa,Madhya Pradesh,774.52,759.52,15,1.9,6.2,0,FALSE,0,89.9,87.4,labour_shortage,2022-23,2827,855.9,759.52
05-12-2022,Ukwa,Madhya Pradesh,774.52,784.07,-9.55,-1.2,0.6,0,FALSE,0,97.7,96.1,none,2022-23,2827,855.9,784.07
06-12-2022,Ukwa,Madhya Pradesh,774.52,663.22,111.3,14.4,2.9,4.4,TRUE,3.8,86.4,94,transport_issue,2022-23,2827,855.9,663.22
07-12-2022,Ukwa,Madhya Pradesh,774.52,749.1,25.42,3.3,9.5,0,FALSE,0,94.9,96.9,transport_issue,2022-23,2827,855.9,749.1
08-12-2022,Ukwa,Madhya Pradesh,774.52,725.31,49.21,6.4,5.7,0,FALSE,0,87.6,89.1,transport_issue,2022-23,2827,855.9,725.31
09-12-2022,Ukwa,Madhya Pradesh,774.52,757.29,17.23,2.2,1.5,0,FALSE,0,89,95.2,transport_issue,2022-23,2827,855.9,757.29
10-12-2022,Ukwa,Madhya Pradesh,774.52,752.28,22.24,2.9,3.7,0,FALSE,0,88.6,92.7,transport_issue,2022-23,2827,855.9,752.28
11-12-2022,Ukwa,Madhya Pradesh,774.52,772.32,2.2,0.3,6.4,0,TRUE,1,96.7,98.1,transport_issue,2022-23,2827,855.9,772.32
12-12-2022,Ukwa,Madhya Pradesh,774.52,771.27,3.25,0.4,4.2,0,FALSE,0,90.8,95.7,transport_issue,2022-23,2827,855.9,771.27
13-12-2022,Ukwa,Madhya Pradesh,774.52,728.5,46.02,5.9,0.5,0,FALSE,0,90.6,91.2,transport_issue,2022-23,2827,855.9,728.5
14-12-2022,Ukwa,Madhya Pradesh,774.52,744.64,29.88,3.9,2.6,0,FALSE,0,83.6,100,transport_issue,2022-23,2827,855.9,744.64
15-12-2022,Ukwa,Madhya Pradesh,774.52,763.09,11.43,1.5,1.7,0,FALSE,0,91.8,92.4,transport_issue,2022-23,2827,855.9,763.09
16-12-2022,Ukwa,Madhya Pradesh,774.52,730.3,44.22,5.7,0.9,0,FALSE,0,89,85.9,labour_shortage,2022-23,2827,855.9,730.3
17-12-2022,Ukwa,Madhya Pradesh,774.52,769.21,5.31,0.7,3.6,0,FALSE,0,94.7,95.9,transport_issue,2022-23,2827,855.9,769.21
18-12-2022,Ukwa,Madhya Pradesh,774.52,720.75,53.77,6.9,9,0,TRUE,3.3,91.1,92.9,transport_issue,2022-23,2827,855.9,720.75
19-12-2022,Ukwa,Madhya Pradesh,774.52,752.85,21.67,2.8,6.3,0,FALSE,0,90.1,92.6,transport_issue,2022-23,2827,855.9,752.85
20-12-2022,Ukwa,Madhya Pradesh,774.52,762.8,11.72,1.5,4.7,0,FALSE,0,85.2,94.3,transport_issue,2022-23,2827,855.9,762.8
21-12-2022,Ukwa,Madhya Pradesh,774.52,744.84,29.68,3.8,2.7,0,FALSE,0,93.8,92.4,labour_shortage,2022-23,2827,855.9,744.84
22-12-2022,Ukwa,Madhya Pradesh,774.52,752.46,22.06,2.8,9.5,0,FALSE,0,84.8,89.4,transport_issue,2022-23,2827,855.9,752.46
23-12-2022,Ukwa,Madhya Pradesh,774.52,742.48,32.04,4.1,2.9,0,FALSE,0,81.2,94.8,transport_issue,2022-23,2827,855.9,742.48
24-12-2022,Ukwa,Madhya Pradesh,774.52,719.6,54.92,7.1,0.3,0,FALSE,0,82.3,93.3,transport_issue,2022-23,2827,855.9,719.6
25-12-2022,Ukwa,Madhya Pradesh,774.52,740.15,34.37,4.4,2.6,0,FALSE,0,93.9,95.6,transport_issue,2022-23,2827,855.9,740.15
26-12-2022,Ukwa,Madhya Pradesh,774.52,733.13,41.39,5.3,4.2,0,FALSE,0,94.3,88.5,labour_shortage,2022-23,2827,855.9,733.13
27-12-2022,Ukwa,Madhya Pradesh,774.52,783.28,-8.76,-1.1,4.5,0,FALSE,0,93.8,100,none,2022-23,2827,855.9,783.28
28-12-2022,Ukwa,Madhya Pradesh,774.52,758.23,16.29,2.1,5.5,0,FALSE,0,92,93.2,transport_issue,2022-23,2827,855.9,758.23
29-12-2022,Ukwa,Madhya Pradesh,774.52,740.81,33.71,4.4,3,0,FALSE,0,95.1,90.9,labour_shortage,2022-23,2827,855.9,740.81
30-12-2022,Ukwa,Madhya Pradesh,774.52,726.39,48.13,6.2,2.9,0,TRUE,3.5,93.7,88.9,labour_shortage,2022-23,2827,855.9,726.39
31-12-2022,Ukwa,Madhya Pradesh,774.52,718.34,56.18,7.3,5,0,FALSE,0,84.3,90.3,transport_issue,2022-23,2827,855.9,718.34
01-01-2023,Ukwa,Madhya Pradesh,774.52,719.94,54.58,7,4.8,2.1,TRUE,2.1,100,95,labour_shortage,2022-23,2827,855.9,719.94
02-01-2023,Ukwa,Madhya Pradesh,774.52,767.24,7.28,0.9,2.2,0,FALSE,0,93,86.3,labour_shortage,2022-23,2827,855.9,767.24
03-01-2023,Ukwa,Madhya Pradesh,774.52,733.63,40.89,5.3,3.3,0,FALSE,0,88.7,97.8,transport_issue,2022-23,2827,855.9,733.63
04-01-2023,Ukwa,Madhya Pradesh,774.52,730.99,43.53,5.6,4.2,0,FALSE,0,88.1,92.6,transport_issue,2022-23,2827,855.9,730.99
05-01-2023,Ukwa,Madhya Pradesh,774.52,737.16,37.36,4.8,1.9,0,FALSE,0,87.5,93.7,transport_issue,2022-23,2827,855.9,737.16
06-01-2023,Ukwa,Madhya Pradesh,774.52,770.85,3.67,0.5,7.3,0,FALSE,0,90.4,94.8,transport_issue,2022-23,2827,855.9,770.85
07-01-2023,Ukwa,Madhya Pradesh,774.52,748.47,26.05,3.4,3.4,0,FALSE,0,92,93.3,transport_issue,2022-23,2827,855.9,748.47
08-01-2023,Ukwa,Madhya Pradesh,774.52,738.57,35.95,4.6,3.1,0,FALSE,0,95.7,88.7,labour_shortage,2022-23,2827,855.9,738.57
09-01-2023,Ukwa,Madhya Pradesh,774.52,719.72,54.8,7.1,4.2,0,FALSE,0,82,90,transport_issue,2022-23,2827,855.9,719.72
10-01-2023,Ukwa,Madhya Pradesh,774.52,767.12,7.4,1,1.2,0,FALSE,0,92.5,92.3,labour_shortage,2022-23,2827,855.9,767.12
11-01-2023,Ukwa,Madhya Pradesh,774.52,784.49,-9.97,-1.3,0.7,0,FALSE,0,95,100,none,2022-23,2827,855.9,784.49
12-01-2023,Ukwa,Madhya Pradesh,774.52,683.87,90.65,11.7,1.7,6.2,FALSE,0,99.5,94.5,equipment_failure,2022-23,2827,855.9,683.87
13-01-2023,Ukwa,Madhya Pradesh,774.52,694.06,80.46,10.4,4.6,5.2,FALSE,0,86.2,95.9,transport_issue,2022-23,2827,855.9,694.06
14-01-2023,Ukwa,Madhya Pradesh,774.52,667.92,106.6,13.8,9.8,7.6,TRUE,3.9,97.8,98.5,equipment_failure,2022-23,2827,855.9,667.92
15-01-2023,Ukwa,Madhya Pradesh,774.52,717.64,56.88,7.3,2.2,0,TRUE,3.6,91.8,93.1,transport_issue,2022-23,2827,855.9,717.64
16-01-2023,Ukwa,Madhya Pradesh,774.52,706.96,67.56,8.7,3,5.3,FALSE,0,91.9,97,equipment_failure,2022-23,2827,855.9,706.96
17-01-2023,Ukwa,Madhya Pradesh,774.52,748.08,26.44,3.4,3,0,FALSE,0,86.2,97.2,transport_issue,2022-23,2827,855.9,748.08
18-01-2023,Ukwa,Madhya Pradesh,774.52,695.42,79.1,10.2,2.5,6.5,FALSE,0,99.2,93.2,equipment_failure,2022-23,2827,855.9,695.42
19-01-2023,Ukwa,Madhya Pradesh,774.52,741.23,33.29,4.3,1.5,0,FALSE,0,90.5,97.6,transport_issue,2022-23,2827,855.9,741.23
20-01-2023,Ukwa,Madhya Pradesh,774.52,787.53,-13.01,-1.7,3.9,0,FALSE,0,100,97.6,none,2022-23,2827,855.9,787.53
21-01-2023,Ukwa,Madhya Pradesh,774.52,775.98,-1.46,-0.2,1.8,0,FALSE,0,99.5,94.5,none,2022-23,2827,855.9,775.98
22-01-2023,Ukwa,Madhya Pradesh,774.52,759.4,15.12,2,3.2,0,TRUE,2.3,94.9,95.3,transport_issue,2022-23,2827,855.9,759.4
23-01-2023,Ukwa,Madhya Pradesh,774.52,744.37,30.15,3.9,3,0,TRUE,3.8,92.8,91.7,labour_shortage,2022-23,2827,855.9,744.37
24-01-2023,Ukwa,Madhya Pradesh,774.52,751.5,23.02,3,1.7,0,FALSE,0,94.9,95.6,transport_issue,2022-23,2827,855.9,751.5
25-01-2023,Ukwa,Madhya Pradesh,774.52,649.36,125.16,16.2,9.7,8.7,FALSE,0,97,96.6,equipment_failure,2022-23,2827,855.9,649.36
26-01-2023,Ukwa,Madhya Pradesh,774.52,747.19,27.33,3.5,6.5,0,FALSE,0,100,94.5,labour_shortage,2022-23,2827,855.9,747.19
27-01-2023,Ukwa,Madhya Pradesh,774.52,728.19,46.33,6,2.5,0,FALSE,0,85.3,89.9,transport_issue,2022-23,2827,855.9,728.19
28-01-2023,Ukwa,Madhya Pradesh,774.52,790.37,-15.85,-2,1.4,0,FALSE,0,100,98.1,none,2022-23,2827,855.9,790.37
29-01-2023,Ukwa,Madhya Pradesh,774.52,748.25,26.27,3.4,5.7,0,FALSE,0,90.6,84.5,labour_shortage,2022-23,2827,855.9,748.25
30-01-2023,Ukwa,Madhya Pradesh,774.52,759.93,14.59,1.9,1.5,0,FALSE,0,86.2,94.8,transport_issue,2022-23,2827,855.9,759.93
31-01-2023,Ukwa,Madhya Pradesh,774.52,692.63,81.89,10.6,1.4,5.4,FALSE,0,100,89.2,labour_shortage,2022-23,2827,855.9,692.63
01-02-2023,Ukwa,Madhya Pradesh,774.52,769.32,5.2,0.7,11.9,0,FALSE,0,100,100,none,2022-23,2827,855.9,769.32
02-02-2023,Ukwa,Madhya Pradesh,774.52,648.19,126.33,16.3,7.5,5.9,TRUE,4.3,90.3,89.3,equipment_failure,2022-23,2827,855.9,648.19
03-02-2023,Ukwa,Madhya Pradesh,774.52,755.97,18.55,2.4,12.8,0,FALSE,0,87.8,93.3,transport_issue,2022-23,2827,855.9,755.97
04-02-2023,Ukwa,Madhya Pradesh,774.52,694.64,79.88,10.3,5.1,0,TRUE,5.7,90.4,100,blasting_delay,2022-23,2827,855.9,694.64
05-02-2023,Ukwa,Madhya Pradesh,774.52,764.96,9.56,1.2,4.2,0,FALSE,0,91.1,96.3,transport_issue,2022-23,2827,855.9,764.96
06-02-2023,Ukwa,Madhya Pradesh,774.52,761.32,13.2,1.7,3.8,0,FALSE,0,91.6,91.4,labour_shortage,2022-23,2827,855.9,761.32
07-02-2023,Ukwa,Madhya Pradesh,774.52,728.3,46.22,6,4.3,0,FALSE,0,93.2,86.9,labour_shortage,2022-23,2827,855.9,728.3
08-02-2023,Ukwa,Madhya Pradesh,774.52,774.31,0.21,0,2.5,0,FALSE,0,93.9,91.2,labour_shortage,2022-23,2827,855.9,774.31
09-02-2023,Ukwa,Madhya Pradesh,774.52,746.33,28.19,3.6,3.7,0,FALSE,0,86.2,92.5,transport_issue,2022-23,2827,855.9,746.33
10-02-2023,Ukwa,Madhya Pradesh,774.52,730.13,44.39,5.7,0.3,0,FALSE,0,85.2,91.6,transport_issue,2022-23,2827,855.9,730.13
11-02-2023,Ukwa,Madhya Pradesh,774.52,719.79,54.73,7.1,2.9,2.5,TRUE,4.6,100,93.8,blasting_delay,2022-23,2827,855.9,719.79
12-02-2023,Ukwa,Madhya Pradesh,774.52,714.76,59.76,7.7,1.1,6.1,FALSE,0,94.4,100,equipment_failure,2022-23,2827,855.9,714.76
13-02-2023,Ukwa,Madhya Pradesh,774.52,750.81,23.71,3.1,1.8,0,FALSE,0,84.2,95.5,transport_issue,2022-23,2827,855.9,750.81
14-02-2023,Ukwa,Madhya Pradesh,774.52,759.36,15.16,2,6.4,0,FALSE,0,88,90.9,transport_issue,2022-23,2827,855.9,759.36
15-02-2023,Ukwa,Madhya Pradesh,774.52,767.68,6.84,0.9,2,0,FALSE,0,92,98.6,transport_issue,2022-23,2827,855.9,767.68
16-02-2023,Ukwa,Madhya Pradesh,774.52,735.96,38.56,5,10.6,0,FALSE,0,85,91.9,transport_issue,2022-23,2827,855.9,735.96
17-02-2023,Ukwa,Madhya Pradesh,774.52,729.07,45.45,5.9,2.3,0,TRUE,2.2,92.1,89.4,labour_shortage,2022-23,2827,855.9,729.07
18-02-2023,Ukwa,Madhya Pradesh,774.52,662.62,111.9,14.4,1.5,7.8,FALSE,0,96.9,94.2,equipment_failure,2022-23,2827,855.9,662.62
19-02-2023,Ukwa,Madhya Pradesh,774.52,791.84,-17.32,-2.2,4.1,0,FALSE,0,99.9,97.9,none,2022-23,2827,855.9,791.84
20-02-2023,Ukwa,Madhya Pradesh,774.52,753.76,20.76,2.7,4,0,FALSE,0,92.4,98.3,transport_issue,2022-23,2827,855.9,753.76
21-02-2023,Ukwa,Madhya Pradesh,774.52,781.21,-6.69,-0.9,6,0,FALSE,0,92.1,97.3,none,2022-23,2827,855.9,781.21
22-02-2023,Ukwa,Madhya Pradesh,774.52,727.05,47.47,6.1,3.7,0,FALSE,0,88.2,93.6,transport_issue,2022-23,2827,855.9,727.05
23-02-2023,Ukwa,Madhya Pradesh,774.52,766.18,8.34,1.1,6.6,0,FALSE,0,92.7,92.5,labour_shortage,2022-23,2827,855.9,766.18
24-02-2023,Ukwa,Madhya Pradesh,774.52,723.86,50.66,6.5,0.6,0,FALSE,0,81.4,97.6,transport_issue,2022-23,2827,855.9,723.86
25-02-2023,Ukwa,Madhya Pradesh,774.52,729.48,45.04,5.8,3.4,0,FALSE,0,85,100,transport_issue,2022-23,2827,855.9,729.48
26-02-2023,Ukwa,Madhya Pradesh,774.52,727.9,46.62,6,1.6,0,FALSE,0,85.5,96.8,transport_issue,2022-23,2827,855.9,727.9
27-02-2023,Ukwa,Madhya Pradesh,774.52,783.49,-8.97,-1.2,3.2,0,FALSE,0,98.2,94.5,none,2022-23,2827,855.9,783.49
28-02-2023,Ukwa,Madhya Pradesh,774.52,681.41,93.11,12,1.8,5.9,FALSE,0,88.2,96.3,equipment_failure,2022-23,2827,855.9,681.41
01-03-2023,Ukwa,Madhya Pradesh,774.52,737.71,36.81,4.8,8.7,0,FALSE,0,84.9,98.3,transport_issue,2022-23,2827,855.9,737.71
02-03-2023,Ukwa,Madhya Pradesh,774.52,771.13,3.39,0.4,3.8,0,FALSE,0,100,88.6,labour_shortage,2022-23,2827,855.9,771.13
03-03-2023,Ukwa,Madhya Pradesh,774.52,779.77,-5.25,-0.7,5.6,0,FALSE,0,98.5,99.2,none,2022-23,2827,855.9,779.77
04-03-2023,Ukwa,Madhya Pradesh,774.52,731.62,42.9,5.5,0.7,0,FALSE,0,82.6,99.5,transport_issue,2022-23,2827,855.9,731.62
05-03-2023,Ukwa,Madhya Pradesh,774.52,758.9,15.62,2,2.6,0,FALSE,0,98.9,98.2,none,2022-23,2827,855.9,758.9
06-03-2023,Ukwa,Madhya Pradesh,774.52,742.14,32.38,4.2,2.7,0,FALSE,0,92.6,94.9,transport_issue,2022-23,2827,855.9,742.14
07-03-2023,Ukwa,Madhya Pradesh,774.52,755.89,18.63,2.4,1.7,0,FALSE,0,87,89.2,transport_issue,2022-23,2827,855.9,755.89
08-03-2023,Ukwa,Madhya Pradesh,774.52,739.6,34.92,4.5,1.7,0,TRUE,3.2,81.1,100,transport_issue,2022-23,2827,855.9,739.6
09-03-2023,Ukwa,Madhya Pradesh,774.52,695,79.52,10.3,1.1,2.2,FALSE,0,82.3,91.3,transport_issue,2022-23,2827,855.9,695
10-03-2023,Ukwa,Madhya Pradesh,774.52,749.4,25.12,3.2,0.4,0,FALSE,0,87.3,98.2,transport_issue,2022-23,2827,855.9,749.4
11-03-2023,Ukwa,Madhya Pradesh,774.52,769.1,5.42,0.7,9,0,FALSE,0,90,94,transport_issue,2022-23,2827,855.9,769.1
12-03-2023,Ukwa,Madhya Pradesh,774.52,675.86,98.66,12.7,11.9,4.9,FALSE,0,86.2,92.7,transport_issue,2022-23,2827,855.9,675.86
13-03-2023,Ukwa,Madhya Pradesh,774.52,761.62,12.9,1.7,4.3,0,FALSE,0,86.4,100,transport_issue,2022-23,2827,855.9,761.62
14-03-2023,Ukwa,Madhya Pradesh,774.52,767.66,6.86,0.9,5.5,0,FALSE,0,100,89.6,labour_shortage,2022-23,2827,855.9,767.66
15-03-2023,Ukwa,Madhya Pradesh,774.52,772.39,2.13,0.3,9,0,FALSE,0,100,97.5,labour_shortage,2022-23,2827,855.9,772.39
16-03-2023,Ukwa,Madhya Pradesh,774.52,761.76,12.76,1.6,1.5,0,FALSE,0,91.9,94.4,transport_issue,2022-23,2827,855.9,761.76
17-03-2023,Ukwa,Madhya Pradesh,774.52,741.52,33,4.3,4.5,0,TRUE,4.8,92.4,100,blasting_delay,2022-23,2827,855.9,741.52
18-03-2023,Ukwa,Madhya Pradesh,774.52,704.81,69.71,9,3.5,3.9,FALSE,0,97.4,96.1,equipment_failure,2022-23,2827,855.9,704.81
19-03-2023,Ukwa,Madhya Pradesh,774.52,744.99,29.53,3.8,4.7,0,TRUE,3.5,94.4,100,blasting_delay,2022-23,2827,855.9,744.99
20-03-2023,Ukwa,Madhya Pradesh,774.52,756.9,17.62,2.3,2.3,0,TRUE,2.8,98.9,99.8,blasting_delay,2022-23,2827,855.9,756.9
21-03-2023,Ukwa,Madhya Pradesh,774.52,787.26,-12.74,-1.6,2.3,0,FALSE,0,100,100,none,2022-23,2827,855.9,787.26
22-03-2023,Ukwa,Madhya Pradesh,774.52,681.27,93.25,12,9.2,5.3,FALSE,0,87.9,86.5,labour_shortage,2022-23,2827,855.9,681.27
23-03-2023,Ukwa,Madhya Pradesh,774.52,726.45,48.07,6.2,4.2,0,FALSE,0,88.7,91,transport_issue,2022-23,2827,855.9,726.45
24-03-2023,Ukwa,Madhya Pradesh,774.52,770.99,3.53,0.5,3.6,0,FALSE,0,95.5,93.8,labour_shortage,2022-23,2827,855.9,770.99
25-03-2023,Ukwa,Madhya Pradesh,774.52,742.95,31.57,4.1,16.6,0,FALSE,0,86.5,94.9,transport_issue,2022-23,2827,855.9,742.95
26-03-2023,Ukwa,Madhya Pradesh,774.52,760.22,14.3,1.8,7.9,0,FALSE,0,92.4,98.2,transport_issue,2022-23,2827,855.9,760.22
27-03-2023,Ukwa,Madhya Pradesh,774.52,712.46,62.06,8,2.2,5.7,FALSE,0,95.7,94.4,equipment_failure,2022-23,2827,855.9,712.46
28-03-2023,Ukwa,Madhya Pradesh,774.52,739.63,34.89,4.5,17.1,0,FALSE,0,94.9,90,labour_shortage,2022-23,2827,855.9,739.63
29-03-2023,Ukwa,Madhya Pradesh,774.52,718.52,56,7.2,5.3,4.1,FALSE,0,95.9,100,equipment_failure,2022-23,2827,855.9,718.52
30-03-2023,Ukwa,Madhya Pradesh,774.52,753.54,20.98,2.7,0.7,0,FALSE,0,98.9,91.4,labour_shortage,2022-23,2827,855.9,753.54
31-03-2023,Ukwa,Madhya Pradesh,774.52,748.07,26.45,3.4,1.6,0,FALSE,0,98.3,92.3,labour_shortage,2022-23,2827,855.9,748.07
01-04-2022,Chikla,Maharashtra,619.62,569.04,50.58,8.2,5.3,0,TRUE,5.3,98.8,100,blasting_delay,2022-23,2827,751.1,569.04
02-04-2022,Chikla,Maharashtra,619.62,566.29,53.33,8.6,4.8,4.9,FALSE,0,91.5,86.7,labour_shortage,2022-23,2827,751.1,566.29
03-04-2022,Chikla,Maharashtra,619.62,612.53,7.09,1.1,1.6,0,FALSE,0,87.4,100,transport_issue,2022-23,2827,751.1,612.53
04-04-2022,Chikla,Maharashtra,619.62,602.22,17.4,2.8,5.2,0,FALSE,0,100,99.2,none,2022-23,2827,751.1,602.22
05-04-2022,Chikla,Maharashtra,619.62,565.4,54.22,8.8,5.7,5.3,FALSE,0,84.1,100,transport_issue,2022-23,2827,751.1,565.4
06-04-2022,Chikla,Maharashtra,619.62,611.95,7.67,1.2,3.1,0,FALSE,0,92.8,97,transport_issue,2022-23,2827,751.1,611.95
07-04-2022,Chikla,Maharashtra,619.62,611.83,7.79,1.3,2.2,0,FALSE,0,97.4,94.3,labour_shortage,2022-23,2827,751.1,611.83
08-04-2022,Chikla,Maharashtra,619.62,596.24,23.38,3.8,1.8,0,FALSE,0,92.1,95.6,transport_issue,2022-23,2827,751.1,596.24
09-04-2022,Chikla,Maharashtra,619.62,619.84,-0.22,0,0.8,0,FALSE,0,99.9,98.5,none,2022-23,2827,751.1,619.84
10-04-2022,Chikla,Maharashtra,619.62,593.12,26.5,4.3,9.2,0,FALSE,0,84.7,92,transport_issue,2022-23,2827,751.1,593.12
11-04-2022,Chikla,Maharashtra,619.62,618.41,1.21,0.2,3,0,FALSE,0,88.8,95.4,transport_issue,2022-23,2827,751.1,618.41
12-04-2022,Chikla,Maharashtra,619.62,595.01,24.61,4,1.4,0,TRUE,5.5,99.5,100,blasting_delay,2022-23,2827,751.1,595.01
13-04-2022,Chikla,Maharashtra,619.62,567.85,51.77,8.4,4.4,4.6,FALSE,0,90.1,95.7,transport_issue,2022-23,2827,751.1,567.85
14-04-2022,Chikla,Maharashtra,619.62,618.84,0.78,0.1,5.2,0,FALSE,0,93.7,95.1,transport_issue,2022-23,2827,751.1,618.84
15-04-2022,Chikla,Maharashtra,619.62,602.11,17.51,2.8,1.8,0,FALSE,0,87,95.1,transport_issue,2022-23,2827,751.1,602.11
16-04-2022,Chikla,Maharashtra,619.62,621.29,-1.67,-0.3,12.8,0,FALSE,0,99.2,96,none,2022-23,2827,751.1,621.29
17-04-2022,Chikla,Maharashtra,619.62,616.72,2.9,0.5,1.3,0,FALSE,0,95.3,97.9,transport_issue,2022-23,2827,751.1,616.72
18-04-2022,Chikla,Maharashtra,619.62,627.62,-8,-1.3,6.7,0,FALSE,0,95.5,95.1,none,2022-23,2827,751.1,627.62
19-04-2022,Chikla,Maharashtra,619.62,581.03,38.59,6.2,3.5,0,FALSE,0,80.8,92.9,transport_issue,2022-23,2827,751.1,581.03
20-04-2022,Chikla,Maharashtra,619.62,615.82,3.8,0.6,0.4,0,FALSE,0,85.3,99.9,transport_issue,2022-23,2827,751.1,615.82
21-04-2022,Chikla,Maharashtra,619.62,590.99,28.63,4.6,7.5,0,FALSE,0,91.2,91.6,transport_issue,2022-23,2827,751.1,590.99
22-04-2022,Chikla,Maharashtra,619.62,596.22,23.4,3.8,3.4,0,FALSE,0,81.9,96.7,transport_issue,2022-23,2827,751.1,596.22
23-04-2022,Chikla,Maharashtra,619.62,601.19,18.43,3,3.2,0,FALSE,0,98,100,none,2022-23,2827,751.1,601.19
24-04-2022,Chikla,Maharashtra,619.62,625.38,-5.76,-0.9,5,0,FALSE,0,90.9,100,none,2022-23,2827,751.1,625.38
25-04-2022,Chikla,Maharashtra,619.62,561.33,58.29,9.4,1.2,0,TRUE,5.8,94.7,95.7,blasting_delay,2022-23,2827,751.1,561.33
26-04-2022,Chikla,Maharashtra,619.62,605.51,14.11,2.3,3.3,0,FALSE,0,88.5,91.1,transport_issue,2022-23,2827,751.1,605.51
27-04-2022,Chikla,Maharashtra,619.62,614.06,5.56,0.9,4.7,0,FALSE,0,90.9,94.6,transport_issue,2022-23,2827,751.1,614.06
28-04-2022,Chikla,Maharashtra,619.62,623.09,-3.47,-0.6,0.8,0,FALSE,0,98,91.7,none,2022-23,2827,751.1,623.09
29-04-2022,Chikla,Maharashtra,619.62,581.06,38.56,6.2,1.6,0,FALSE,0,83.8,94.6,transport_issue,2022-23,2827,751.1,581.06
30-04-2022,Chikla,Maharashtra,619.62,588.15,31.47,5.1,2.8,0,FALSE,0,88.2,94.9,transport_issue,2022-23,2827,751.1,588.15
01-05-2022,Chikla,Maharashtra,619.62,576.26,43.36,7,4.5,5.6,FALSE,0,97,99.9,equipment_failure,2022-23,2827,751.1,576.26
02-05-2022,Chikla,Maharashtra,619.62,633.49,-13.87,-2.2,4.3,0,FALSE,0,100,97.5,none,2022-23,2827,751.1,633.49
03-05-2022,Chikla,Maharashtra,619.62,615.02,4.6,0.7,6.5,0,FALSE,0,93.7,92.1,labour_shortage,2022-23,2827,751.1,615.02
04-05-2022,Chikla,Maharashtra,619.62,623.23,-3.61,-0.6,4.5,0,FALSE,0,91.2,97.3,none,2022-23,2827,751.1,623.23
05-05-2022,Chikla,Maharashtra,619.62,591.39,28.23,4.6,2.6,0,FALSE,0,83,91,transport_issue,2022-23,2827,751.1,591.39
06-05-2022,Chikla,Maharashtra,619.62,629.59,-9.97,-1.6,7.8,0,FALSE,0,98,98.8,none,2022-23,2827,751.1,629.59
07-05-2022,Chikla,Maharashtra,619.62,591.74,27.88,4.5,3,0,FALSE,0,86.5,96,transport_issue,2022-23,2827,751.1,591.74
08-05-2022,Chikla,Maharashtra,619.62,615.19,4.43,0.7,4.1,0,FALSE,0,88.8,98.4,transport_issue,2022-23,2827,751.1,615.19
09-05-2022,Chikla,Maharashtra,619.62,609.79,9.83,1.6,2.3,0,FALSE,0,97.6,93.3,labour_shortage,2022-23,2827,751.1,609.79
10-05-2022,Chikla,Maharashtra,619.62,635.01,-15.39,-2.5,4.1,0,FALSE,0,100,100,none,2022-23,2827,751.1,635.01
11-05-2022,Chikla,Maharashtra,619.62,597.67,21.95,3.5,10.6,0,FALSE,0,86.8,95.1,transport_issue,2022-23,2827,751.1,597.67
12-05-2022,Chikla,Maharashtra,619.62,628.79,-9.17,-1.5,3.8,0,FALSE,0,93.8,100,none,2022-23,2827,751.1,628.79
13-05-2022,Chikla,Maharashtra,619.62,599.76,19.86,3.2,12.8,0,FALSE,0,82.7,99,transport_issue,2022-23,2827,751.1,599.76
14-05-2022,Chikla,Maharashtra,619.62,613.65,5.97,1,2.1,0,FALSE,0,89.5,91.9,transport_issue,2022-23,2827,751.1,613.65
15-05-2022,Chikla,Maharashtra,619.62,594.39,25.23,4.1,4.1,0,FALSE,0,95.4,95.1,labour_shortage,2022-23,2827,751.1,594.39
16-05-2022,Chikla,Maharashtra,619.62,556.76,62.86,10.1,3.7,6.5,FALSE,0,92.3,94.1,equipment_failure,2022-23,2827,751.1,556.76
17-05-2022,Chikla,Maharashtra,619.62,586.15,33.47,5.4,3.1,0,TRUE,4.8,94.6,95.9,blasting_delay,2022-23,2827,751.1,586.15
18-05-2022,Chikla,Maharashtra,619.62,599.88,19.74,3.2,4.9,0,FALSE,0,96.3,92,labour_shortage,2022-23,2827,751.1,599.88
19-05-2022,Chikla,Maharashtra,619.62,606,13.62,2.2,2.9,0,FALSE,0,94.7,93,labour_shortage,2022-23,2827,751.1,606
20-05-2022,Chikla,Maharashtra,619.62,599.48,20.14,3.3,1.2,0,FALSE,0,93.4,97.2,transport_issue,2022-23,2827,751.1,599.48
21-05-2022,Chikla,Maharashtra,619.62,614.87,4.75,0.8,3.6,0,FALSE,0,95.6,95.4,labour_shortage,2022-23,2827,751.1,614.87
22-05-2022,Chikla,Maharashtra,619.62,596.42,23.2,3.7,4.8,0,FALSE,0,86,93.5,transport_issue,2022-23,2827,751.1,596.42
23-05-2022,Chikla,Maharashtra,619.62,602.13,17.49,2.8,3.6,0,FALSE,0,92,100,transport_issue,2022-23,2827,751.1,602.13
24-05-2022,Chikla,Maharashtra,619.62,601.35,18.27,2.9,6.2,0,FALSE,0,88.9,98,transport_issue,2022-23,2827,751.1,601.35
25-05-2022,Chikla,Maharashtra,619.62,605.66,13.96,2.3,2.1,0,FALSE,0,100,92.7,labour_shortage,2022-23,2827,751.1,605.66
26-05-2022,Chikla,Maharashtra,619.62,600.95,18.67,3,12.4,0,FALSE,0,95.6,91.6,labour_shortage,2022-23,2827,751.1,600.95
27-05-2022,Chikla,Maharashtra,619.62,613.33,6.29,1,1.1,0,FALSE,0,91.1,96.3,transport_issue,2022-23,2827,751.1,613.33
28-05-2022,Chikla,Maharashtra,619.62,596.11,23.51,3.8,8.4,0,FALSE,0,74.2,100,transport_issue,2022-23,2827,751.1,596.11
29-05-2022,Chikla,Maharashtra,619.62,619.71,-0.09,0,4.8,0,FALSE,0,96.1,91.1,none,2022-23,2827,751.1,619.71
30-05-2022,Chikla,Maharashtra,619.62,626.26,-6.64,-1.1,2.6,0,FALSE,0,93,97.9,none,2022-23,2827,751.1,626.26
31-05-2022,Chikla,Maharashtra,619.62,611.11,8.51,1.4,3.9,0,FALSE,0,85.5,100,transport_issue,2022-23,2827,751.1,611.11
01-06-2022,Chikla,Maharashtra,619.62,577.58,42.04,6.8,41.7,0,FALSE,0,82.4,91.7,transport_issue,2022-23,2827,751.1,577.58
02-06-2022,Chikla,Maharashtra,619.62,570,49.62,8,25.6,0,FALSE,0,72.7,89.1,transport_issue,2022-23,2827,751.1,570
03-06-2022,Chikla,Maharashtra,619.62,582.08,37.54,6.1,82.3,0,FALSE,0,85.6,98,heavy_rainfall,2022-23,2827,751.1,582.08
04-06-2022,Chikla,Maharashtra,619.62,533.49,86.13,13.9,63.6,3.8,FALSE,0,78.3,92,heavy_rainfall,2022-23,2827,751.1,533.49
05-06-2022,Chikla,Maharashtra,619.62,595.09,24.53,4,3.9,0,FALSE,0,84.6,84.8,transport_issue,2022-23,2827,751.1,595.09
06-06-2022,Chikla,Maharashtra,619.62,594.16,25.46,4.1,19.7,0,FALSE,0,79.6,95.1,transport_issue,2022-23,2827,751.1,594.16
07-06-2022,Chikla,Maharashtra,619.62,604.5,15.12,2.4,2.6,0,FALSE,0,78.4,97.9,transport_issue,2022-23,2827,751.1,604.5
08-06-2022,Chikla,Maharashtra,619.62,560.27,59.35,9.6,89.6,0,FALSE,0,88.9,100,heavy_rainfall,2022-23,2827,751.1,560.27
09-06-2022,Chikla,Maharashtra,619.62,594.67,24.95,4,2,0,FALSE,0,85.8,88.5,transport_issue,2022-23,2827,751.1,594.67
10-06-2022,Chikla,Maharashtra,619.62,599.13,20.49,3.3,25.6,0,FALSE,0,91.2,94.1,transport_issue,2022-23,2827,751.1,599.13
11-06-2022,Chikla,Maharashtra,619.62,582.74,36.88,6,45.8,0,FALSE,0,83.4,100,heavy_rainfall,2022-23,2827,751.1,582.74
12-06-2022,Chikla,Maharashtra,619.62,613.04,6.58,1.1,13.8,0,FALSE,0,87.2,98.6,transport_issue,2022-23,2827,751.1,613.04
13-06-2022,Chikla,Maharashtra,619.62,579.23,40.39,6.5,52.6,0,FALSE,0,87.8,100,heavy_rainfall,2022-23,2827,751.1,579.23
14-06-2022,Chikla,Maharashtra,619.62,600.87,18.75,3,41.6,0,FALSE,0,87.5,91.3,heavy_rainfall,2022-23,2827,751.1,600.87
15-06-2022,Chikla,Maharashtra,619.62,611.26,8.36,1.3,13.1,0,FALSE,0,85.3,92.7,transport_issue,2022-23,2827,751.1,611.26
16-06-2022,Chikla,Maharashtra,619.62,595.24,24.38,3.9,8.4,0,FALSE,0,85.8,98.2,transport_issue,2022-23,2827,751.1,595.24
17-06-2022,Chikla,Maharashtra,619.62,525.33,94.29,15.2,15.3,6.3,FALSE,0,82,88.9,transport_issue,2022-23,2827,751.1,525.33
18-06-2022,Chikla,Maharashtra,619.62,613.76,5.86,0.9,38.3,0,FALSE,0,89.9,93.2,transport_issue,2022-23,2827,751.1,613.76
19-06-2022,Chikla,Maharashtra,619.62,571.71,47.91,7.7,61.9,0,FALSE,0,88.1,98.3,heavy_rainfall,2022-23,2827,751.1,571.71
20-06-2022,Chikla,Maharashtra,619.62,580.28,39.34,6.3,42.6,0,FALSE,0,86.3,88.5,heavy_rainfall,2022-23,2827,751.1,580.28
21-06-2022,Chikla,Maharashtra,619.62,578.8,40.82,6.6,21.7,0,FALSE,0,67.7,97.8,transport_issue,2022-23,2827,751.1,578.8
22-06-2022,Chikla,Maharashtra,619.62,607.74,11.88,1.9,40.6,0,FALSE,0,83.2,96.5,transport_issue,2022-23,2827,751.1,607.74
23-06-2022,Chikla,Maharashtra,619.62,597.45,22.17,3.6,21.4,0,FALSE,0,92.1,89.1,labour_shortage,2022-23,2827,751.1,597.45
24-06-2022,Chikla,Maharashtra,619.62,561.51,58.11,9.4,26.2,3.4,FALSE,0,86.4,95.2,transport_issue,2022-23,2827,751.1,561.51
25-06-2022,Chikla,Maharashtra,619.62,555.03,64.59,10.4,8.8,5.2,FALSE,0,83.8,87.1,transport_issue,2022-23,2827,751.1,555.03
26-06-2022,Chikla,Maharashtra,619.62,595.13,24.49,4,14.5,0,FALSE,0,81,94.8,transport_issue,2022-23,2827,751.1,595.13
27-06-2022,Chikla,Maharashtra,619.62,590.75,28.87,4.7,13.1,0,FALSE,0,77.9,99.4,transport_issue,2022-23,2827,751.1,590.75
28-06-2022,Chikla,Maharashtra,619.62,599.08,20.54,3.3,5.1,0,FALSE,0,75.2,96.1,transport_issue,2022-23,2827,751.1,599.08
29-06-2022,Chikla,Maharashtra,619.62,606.5,13.12,2.1,9.4,0,FALSE,0,90.9,84.6,labour_shortage,2022-23,2827,751.1,606.5
30-06-2022,Chikla,Maharashtra,619.62,533.79,85.83,13.9,90.3,3.6,FALSE,0,83.1,92.2,heavy_rainfall,2022-23,2827,751.1,533.79
01-07-2022,Chikla,Maharashtra,619.62,571.18,48.44,7.8,84.7,0,FALSE,0,82.3,95.3,heavy_rainfall,2022-23,2827,751.1,571.18
02-07-2022,Chikla,Maharashtra,619.62,612.69,6.93,1.1,12.6,0,FALSE,0,98.2,91.2,labour_shortage,2022-23,2827,751.1,612.69
03-07-2022,Chikla,Maharashtra,619.62,582.86,36.76,5.9,54.6,0,FALSE,0,80.2,95.1,heavy_rainfall,2022-23,2827,751.1,582.86
04-07-2022,Chikla,Maharashtra,619.62,585.7,33.92,5.5,50.6,0,FALSE,0,83.8,86.1,heavy_rainfall,2022-23,2827,751.1,585.7
05-07-2022,Chikla,Maharashtra,619.62,590.2,29.42,4.7,27.9,0,FALSE,0,82.1,95.6,transport_issue,2022-23,2827,751.1,590.2
06-07-2022,Chikla,Maharashtra,619.62,558.16,61.46,9.9,54.1,0,FALSE,0,77.5,89.9,heavy_rainfall,2022-23,2827,751.1,558.16
07-07-2022,Chikla,Maharashtra,619.62,601.29,18.33,3,27.2,0,FALSE,0,82.3,97.7,transport_issue,2022-23,2827,751.1,601.29
08-07-2022,Chikla,Maharashtra,619.62,560.87,58.75,9.5,67.4,0,FALSE,0,82.2,95.6,heavy_rainfall,2022-23,2827,751.1,560.87
09-07-2022,Chikla,Maharashtra,619.62,551.17,68.45,11,65.2,0,FALSE,0,80.8,85.7,heavy_rainfall,2022-23,2827,751.1,551.17
10-07-2022,Chikla,Maharashtra,619.62,585.8,33.82,5.5,25.4,0,FALSE,0,69.9,98.5,transport_issue,2022-23,2827,751.1,585.8
11-07-2022,Chikla,Maharashtra,619.62,591.21,28.41,4.6,45.5,0,FALSE,0,78,94.6,transport_issue,2022-23,2827,751.1,591.21
12-07-2022,Chikla,Maharashtra,619.62,585.95,33.67,5.4,23.5,0,FALSE,0,79.7,95,transport_issue,2022-23,2827,751.1,585.95
13-07-2022,Chikla,Maharashtra,619.62,591.75,27.87,4.5,24.1,0,FALSE,0,77.2,92.3,transport_issue,2022-23,2827,751.1,591.75
14-07-2022,Chikla,Maharashtra,619.62,598.78,20.84,3.4,60.4,0,FALSE,0,85.3,95.5,heavy_rainfall,2022-23,2827,751.1,598.78
15-07-2022,Chikla,Maharashtra,619.62,572.69,46.93,7.6,6.2,0,FALSE,0,62.8,94,transport_issue,2022-23,2827,751.1,572.69
16-07-2022,Chikla,Maharashtra,619.62,572.37,47.25,7.6,2.8,0,FALSE,0,69.4,95.7,transport_issue,2022-23,2827,751.1,572.37
17-07-2022,Chikla,Maharashtra,619.62,561.72,57.9,9.3,3.9,2.5,FALSE,0,75.8,91.9,transport_issue,2022-23,2827,751.1,561.72
18-07-2022,Chikla,Maharashtra,619.62,594.11,25.51,4.1,17.8,0,FALSE,0,84.7,94.9,transport_issue,2022-23,2827,751.1,594.11
19-07-2022,Chikla,Maharashtra,619.62,577.24,42.38,6.8,45.8,2.8,FALSE,0,90.8,100,heavy_rainfall,2022-23,2827,751.1,577.24
20-07-2022,Chikla,Maharashtra,619.62,590.18,29.44,4.8,14.7,0,FALSE,0,84.1,89.3,transport_issue,2022-23,2827,751.1,590.18
21-07-2022,Chikla,Maharashtra,619.62,601.21,18.41,3,44.6,0,FALSE,0,84.7,98.1,heavy_rainfall,2022-23,2827,751.1,601.21
22-07-2022,Chikla,Maharashtra,619.62,591.11,28.51,4.6,10.4,0,FALSE,0,75.9,96,transport_issue,2022-23,2827,751.1,591.11
23-07-2022,Chikla,Maharashtra,619.62,610.95,8.67,1.4,19.1,0,FALSE,0,79.4,100,transport_issue,2022-23,2827,751.1,610.95
24-07-2022,Chikla,Maharashtra,619.62,571.89,47.73,7.7,34.2,0,FALSE,0,78.1,89.8,transport_issue,2022-23,2827,751.1,571.89
25-07-2022,Chikla,Maharashtra,619.62,555.1,64.52,10.4,8.5,3.1,FALSE,0,83.1,95.4,transport_issue,2022-23,2827,751.1,555.1
26-07-2022,Chikla,Maharashtra,619.62,586.4,33.22,5.4,27.7,0,FALSE,0,75.1,100,transport_issue,2022-23,2827,751.1,586.4
27-07-2022,Chikla,Maharashtra,619.62,595.85,23.77,3.8,20.1,0,FALSE,0,80,94.7,transport_issue,2022-23,2827,751.1,595.85
28-07-2022,Chikla,Maharashtra,619.62,573.99,45.63,7.4,17.8,2.8,FALSE,0,87.9,91.4,transport_issue,2022-23,2827,751.1,573.99
29-07-2022,Chikla,Maharashtra,619.62,564.58,55.04,8.9,50.7,0,FALSE,0,76.5,96.1,transport_issue,2022-23,2827,751.1,564.58
30-07-2022,Chikla,Maharashtra,619.62,596.3,23.32,3.8,53.5,0,FALSE,0,85,99.9,heavy_rainfall,2022-23,2827,751.1,596.3
31-07-2022,Chikla,Maharashtra,619.62,582.99,36.63,5.9,18.3,0,FALSE,0,86.8,97.1,transport_issue,2022-23,2827,751.1,582.99
01-08-2022,Chikla,Maharashtra,619.62,559.81,59.81,9.7,59.4,0,TRUE,2.2,77.3,92.6,heavy_rainfall,2022-23,2827,751.1,559.81
02-08-2022,Chikla,Maharashtra,619.62,615.94,3.68,0.6,19.1,0,FALSE,0,91,92.1,transport_issue,2022-23,2827,751.1,615.94
03-08-2022,Chikla,Maharashtra,619.62,591.41,28.21,4.6,24.1,0,FALSE,0,79.5,89.2,transport_issue,2022-23,2827,751.1,591.41
04-08-2022,Chikla,Maharashtra,619.62,594.85,24.77,4,21.2,0,FALSE,0,81.3,94.2,transport_issue,2022-23,2827,751.1,594.85
05-08-2022,Chikla,Maharashtra,619.62,585.14,34.48,5.6,23.5,0,FALSE,0,75.7,98,transport_issue,2022-23,2827,751.1,585.14
06-08-2022,Chikla,Maharashtra,619.62,588.61,31.01,5,9,0,FALSE,0,90.2,89.9,labour_shortage,2022-23,2827,751.1,588.61
07-08-2022,Chikla,Maharashtra,619.62,570.51,49.11,7.9,1,0,FALSE,0,75.9,97.9,transport_issue,2022-23,2827,751.1,570.51
08-08-2022,Chikla,Maharashtra,619.62,567.92,51.7,8.3,34.2,0,FALSE,0,69,93.3,transport_issue,2022-23,2827,751.1,567.92
09-08-2022,Chikla,Maharashtra,619.62,602.02,17.6,2.8,35.5,0,FALSE,0,86,95,transport_issue,2022-23,2827,751.1,602.02
10-08-2022,Chikla,Maharashtra,619.62,595.32,24.3,3.9,26.5,0,FALSE,0,77.3,93.1,transport_issue,2022-23,2827,751.1,595.32
11-08-2022,Chikla,Maharashtra,619.62,584.88,34.74,5.6,27.7,0,FALSE,0,70.6,98.9,transport_issue,2022-23,2827,751.1,584.88
12-08-2022,Chikla,Maharashtra,619.62,596.42,23.2,3.7,11.1,0,FALSE,0,87.4,92.6,transport_issue,2022-23,2827,751.1,596.42
13-08-2022,Chikla,Maharashtra,619.62,601.11,18.51,3,9.4,0,FALSE,0,85.2,92.3,transport_issue,2022-23,2827,751.1,601.11
14-08-2022,Chikla,Maharashtra,619.62,547.27,72.35,11.7,57.3,0,FALSE,0,67.6,96.4,transport_issue,2022-23,2827,751.1,547.27
15-08-2022,Chikla,Maharashtra,619.62,587.14,32.48,5.2,43.9,0,FALSE,0,80.6,100,transport_issue,2022-23,2827,751.1,587.14
16-08-2022,Chikla,Maharashtra,619.62,585.8,33.82,5.5,4.5,0,FALSE,0,80.9,94,transport_issue,2022-23,2827,751.1,585.8
17-08-2022,Chikla,Maharashtra,619.62,604.32,15.3,2.5,14.9,0,FALSE,0,86.9,90.2,transport_issue,2022-23,2827,751.1,604.32
18-08-2022,Chikla,Maharashtra,619.62,582.9,36.72,5.9,64.7,0,FALSE,0,82.7,100,heavy_rainfall,2022-23,2827,751.1,582.9
19-08-2022,Chikla,Maharashtra,619.62,544.25,75.37,12.2,39.1,5.9,FALSE,0,88.9,99.9,equipment_failure,2022-23,2827,751.1,544.25
20-08-2022,Chikla,Maharashtra,619.62,570.32,49.3,8,82.8,0,FALSE,0,87.3,91.8,heavy_rainfall,2022-23,2827,751.1,570.32
21-08-2022,Chikla,Maharashtra,619.62,582.23,37.39,6,21.6,0,FALSE,0,78.4,87.2,transport_issue,2022-23,2827,751.1,582.23
22-08-2022,Chikla,Maharashtra,619.62,597.41,22.21,3.6,11.1,0,FALSE,0,78.6,95.7,transport_issue,2022-23,2827,751.1,597.41
23-08-2022,Chikla,Maharashtra,619.62,597.58,22.04,3.6,6.5,0,FALSE,0,83.1,90.3,transport_issue,2022-23,2827,751.1,597.58
24-08-2022,Chikla,Maharashtra,619.62,582.16,37.46,6,22.6,0,FALSE,0,84.8,98.1,transport_issue,2022-23,2827,751.1,582.16
25-08-2022,Chikla,Maharashtra,619.62,593.54,26.08,4.2,41.6,0,FALSE,0,79.6,98.2,transport_issue,2022-23,2827,751.1,593.54
26-08-2022,Chikla,Maharashtra,619.62,581.94,37.68,6.1,47.4,0,FALSE,0,85.9,96.5,heavy_rainfall,2022-23,2827,751.1,581.94
27-08-2022,Chikla,Maharashtra,619.62,579.15,40.47,6.5,37.3,0,FALSE,0,80.8,97.2,transport_issue,2022-23,2827,751.1,579.15
28-08-2022,Chikla,Maharashtra,619.62,575.54,44.08,7.1,41.9,0,FALSE,0,81.8,92.1,transport_issue,2022-23,2827,751.1,575.54
29-08-2022,Chikla,Maharashtra,619.62,601.47,18.15,2.9,40.8,0,FALSE,0,84,100,transport_issue,2022-23,2827,751.1,601.47
30-08-2022,Chikla,Maharashtra,619.62,609.68,9.94,1.6,27.9,0,FALSE,0,88.3,98.6,transport_issue,2022-23,2827,751.1,609.68
31-08-2022,Chikla,Maharashtra,619.62,595.8,23.82,3.8,50.3,0,FALSE,0,82.8,96.3,heavy_rainfall,2022-23,2827,751.1,595.8
01-09-2022,Chikla,Maharashtra,619.62,571.1,48.52,7.8,18.3,0,FALSE,0,70.9,88.7,transport_issue,2022-23,2827,751.1,571.1
02-09-2022,Chikla,Maharashtra,619.62,556.4,63.22,10.2,67.1,0,FALSE,0,85.1,88.7,heavy_rainfall,2022-23,2827,751.1,556.4
03-09-2022,Chikla,Maharashtra,619.62,546.92,72.7,11.7,64,0,FALSE,0,69,91.2,heavy_rainfall,2022-23,2827,751.1,546.92
04-09-2022,Chikla,Maharashtra,619.62,578.65,40.97,6.6,11.9,0,FALSE,0,80.3,100,transport_issue,2022-23,2827,751.1,578.65
05-09-2022,Chikla,Maharashtra,619.62,582.9,36.72,5.9,27.9,0,FALSE,0,77.5,93.7,transport_issue,2022-23,2827,751.1,582.9
06-09-2022,Chikla,Maharashtra,619.62,563.23,56.39,9.1,13.8,0,TRUE,3.6,79.8,94.1,transport_issue,2022-23,2827,751.1,563.23
07-09-2022,Chikla,Maharashtra,619.62,537.97,81.65,13.2,29.7,6.6,FALSE,0,84.5,90.5,transport_issue,2022-23,2827,751.1,537.97
08-09-2022,Chikla,Maharashtra,619.62,572.87,46.75,7.5,16.9,0,FALSE,0,70.3,89.1,transport_issue,2022-23,2827,751.1,572.87
09-09-2022,Chikla,Maharashtra,619.62,502.95,116.67,18.8,60.7,7.4,FALSE,0,77.7,99.4,heavy_rainfall,2022-23,2827,751.1,502.95
10-09-2022,Chikla,Maharashtra,619.62,616.48,3.14,0.5,11,0,FALSE,0,90.8,99.7,transport_issue,2022-23,2827,751.1,616.48
11-09-2022,Chikla,Maharashtra,619.62,610.37,9.25,1.5,22.1,0,FALSE,0,87.5,97.7,transport_issue,2022-23,2827,751.1,610.37
12-09-2022,Chikla,Maharashtra,619.62,571.86,47.76,7.7,53.2,0,FALSE,0,82.3,96.2,heavy_rainfall,2022-23,2827,751.1,571.86
13-09-2022,Chikla,Maharashtra,619.62,568.83,50.79,8.2,50.7,0,FALSE,0,75.4,94.1,transport_issue,2022-23,2827,751.1,568.83
14-09-2022,Chikla,Maharashtra,619.62,569.46,50.16,8.1,34.2,0,FALSE,0,78.3,93.6,transport_issue,2022-23,2827,751.1,569.46
15-09-2022,Chikla,Maharashtra,619.62,600.16,19.46,3.1,14.3,0,FALSE,0,85,96.7,transport_issue,2022-23,2827,751.1,600.16
16-09-2022,Chikla,Maharashtra,619.62,615.41,4.21,0.7,5.7,0,FALSE,0,83.6,98.4,transport_issue,2022-23,2827,751.1,615.41
17-09-2022,Chikla,Maharashtra,619.62,571.79,47.83,7.7,41.8,0,FALSE,0,71.1,100,transport_issue,2022-23,2827,751.1,571.79
18-09-2022,Chikla,Maharashtra,619.62,605.54,14.08,2.3,40.9,0,FALSE,0,90.7,90.5,heavy_rainfall,2022-23,2827,751.1,605.54
19-09-2022,Chikla,Maharashtra,619.62,595.5,24.12,3.9,20.2,0,FALSE,0,83.7,92.3,transport_issue,2022-23,2827,751.1,595.5
20-09-2022,Chikla,Maharashtra,619.62,572.01,47.61,7.7,15.2,0,FALSE,0,76.8,92.9,transport_issue,2022-23,2827,751.1,572.01
21-09-2022,Chikla,Maharashtra,619.62,571.89,47.73,7.7,45.1,0,FALSE,0,71.9,92.2,transport_issue,2022-23,2827,751.1,571.89
22-09-2022,Chikla,Maharashtra,619.62,558.92,60.7,9.8,30.9,0,TRUE,4.4,89.6,94.4,transport_issue,2022-23,2827,751.1,558.92
23-09-2022,Chikla,Maharashtra,619.62,596.92,22.7,3.7,17.4,0,FALSE,0,77.2,100,transport_issue,2022-23,2827,751.1,596.92
24-09-2022,Chikla,Maharashtra,619.62,611.82,7.8,1.3,30,0,FALSE,0,92.8,90.2,labour_shortage,2022-23,2827,751.1,611.82
25-09-2022,Chikla,Maharashtra,619.62,601.99,17.63,2.8,53.7,0,FALSE,0,89.3,94.8,heavy_rainfall,2022-23,2827,751.1,601.99
26-09-2022,Chikla,Maharashtra,619.62,572.51,47.11,7.6,11.6,0,FALSE,0,69.3,91.7,transport_issue,2022-23,2827,751.1,572.51
27-09-2022,Chikla,Maharashtra,619.62,548.82,70.8,11.4,35.3,6.5,FALSE,0,87.9,93.2,equipment_failure,2022-23,2827,751.1,548.82
28-09-2022,Chikla,Maharashtra,619.62,573.61,46.01,7.4,17.6,0,FALSE,0,71,94.3,transport_issue,2022-23,2827,751.1,573.61
29-09-2022,Chikla,Maharashtra,619.62,568.06,51.56,8.3,23.1,2.3,FALSE,0,88.8,91.6,transport_issue,2022-23,2827,751.1,568.06
30-09-2022,Chikla,Maharashtra,619.62,578.18,41.44,6.7,35.8,0,FALSE,0,87,88.5,transport_issue,2022-23,2827,751.1,578.18
01-10-2022,Chikla,Maharashtra,619.62,611.34,8.28,1.3,4.2,0,FALSE,0,87.9,96.8,transport_issue,2022-23,2827,751.1,611.34
02-10-2022,Chikla,Maharashtra,619.62,624.31,-4.69,-0.8,3.1,0,FALSE,0,100,94.4,none,2022-23,2827,751.1,624.31
03-10-2022,Chikla,Maharashtra,619.62,617.1,2.52,0.4,7.4,0,FALSE,0,92.1,97.2,transport_issue,2022-23,2827,751.1,617.1
04-10-2022,Chikla,Maharashtra,619.62,582.72,36.9,6,2.6,0,FALSE,0,84.7,95.1,transport_issue,2022-23,2827,751.1,582.72
05-10-2022,Chikla,Maharashtra,619.62,611.86,7.76,1.3,1.7,0,FALSE,0,90.3,98.8,transport_issue,2022-23,2827,751.1,611.86
06-10-2022,Chikla,Maharashtra,619.62,624.05,-4.43,-0.7,2.3,0,FALSE,0,100,98.8,none,2022-23,2827,751.1,624.05
07-10-2022,Chikla,Maharashtra,619.62,591.87,27.75,4.5,3.4,0,TRUE,4.7,95.3,92,blasting_delay,2022-23,2827,751.1,591.87
08-10-2022,Chikla,Maharashtra,619.62,600.84,18.78,3,4.8,0,FALSE,0,83.1,89.9,transport_issue,2022-23,2827,751.1,600.84
09-10-2022,Chikla,Maharashtra,619.62,607.97,11.65,1.9,4.1,0,FALSE,0,92.2,93.2,transport_issue,2022-23,2827,751.1,607.97
10-10-2022,Chikla,Maharashtra,619.62,421.06,198.56,32,6.6,22.4,FALSE,0,95.2,98.3,equipment_failure,2022-23,2827,751.1,421.06
11-10-2022,Chikla,Maharashtra,619.62,595.35,24.27,3.9,1.6,0,FALSE,0,92.8,88.3,labour_shortage,2022-23,2827,751.1,595.35
12-10-2022,Chikla,Maharashtra,619.62,589.13,30.49,4.9,8,2,FALSE,0,99.9,88.5,labour_shortage,2022-23,2827,751.1,589.13
13-10-2022,Chikla,Maharashtra,619.62,545.37,74.25,12,2.4,6.3,FALSE,0,100,92.4,equipment_failure,2022-23,2827,751.1,545.37
14-10-2022,Chikla,Maharashtra,619.62,604.33,15.29,2.5,0.4,0,FALSE,0,88.7,92.4,transport_issue,2022-23,2827,751.1,604.33
15-10-2022,Chikla,Maharashtra,619.62,587.06,32.56,5.3,3.2,0,FALSE,0,72,99.7,transport_issue,2022-23,2827,751.1,587.06
16-10-2022,Chikla,Maharashtra,619.62,605.38,14.24,2.3,2.2,0,FALSE,0,90.7,99.7,transport_issue,2022-23,2827,751.1,605.38
17-10-2022,Chikla,Maharashtra,619.62,614.07,5.55,0.9,3.8,0,FALSE,0,97.2,96.3,labour_shortage,2022-23,2827,751.1,614.07
18-10-2022,Chikla,Maharashtra,619.62,599.21,20.41,3.3,4.8,0,FALSE,0,98.1,94.5,labour_shortage,2022-23,2827,751.1,599.21
19-10-2022,Chikla,Maharashtra,619.62,559.25,60.37,9.7,12.9,5.6,FALSE,0,92.8,90.8,equipment_failure,2022-23,2827,751.1,559.25
20-10-2022,Chikla,Maharashtra,619.62,595.71,23.91,3.9,8.8,0,FALSE,0,86.8,95.3,transport_issue,2022-23,2827,751.1,595.71
21-10-2022,Chikla,Maharashtra,619.62,587.14,32.48,5.2,13.1,0,FALSE,0,83.7,92.8,transport_issue,2022-23,2827,751.1,587.14
22-10-2022,Chikla,Maharashtra,619.62,540.08,79.54,12.8,2.8,7.4,FALSE,0,88.8,95.3,equipment_failure,2022-23,2827,751.1,540.08
23-10-2022,Chikla,Maharashtra,619.62,597.98,21.64,3.5,0.9,0,FALSE,0,92.6,100,transport_issue,2022-23,2827,751.1,597.98
24-10-2022,Chikla,Maharashtra,619.62,610.18,9.44,1.5,2.6,0,FALSE,0,95.6,88.8,labour_shortage,2022-23,2827,751.1,610.18
25-10-2022,Chikla,Maharashtra,619.62,574.43,45.19,7.3,7,0,TRUE,5.4,92.1,99.7,blasting_delay,2022-23,2827,751.1,574.43
26-10-2022,Chikla,Maharashtra,619.62,553.62,66,10.7,3.9,5.9,FALSE,0,86.5,91.1,transport_issue,2022-23,2827,751.1,553.62
27-10-2022,Chikla,Maharashtra,619.62,585.42,34.2,5.5,2.5,0,FALSE,0,89.4,91.4,transport_issue,2022-23,2827,751.1,585.42
28-10-2022,Chikla,Maharashtra,619.62,611.83,7.79,1.3,1.7,0,FALSE,0,95,90.5,labour_shortage,2022-23,2827,751.1,611.83
29-10-2022,Chikla,Maharashtra,619.62,625.75,-6.13,-1,1.1,0,FALSE,0,97.6,99.9,none,2022-23,2827,751.1,625.75
30-10-2022,Chikla,Maharashtra,619.62,600.51,19.11,3.1,2.4,0,FALSE,0,89.8,91.3,transport_issue,2022-23,2827,751.1,600.51
31-10-2022,Chikla,Maharashtra,619.62,619.36,0.26,0,1.1,0,FALSE,0,89.9,96.4,transport_issue,2022-23,2827,751.1,619.36
01-11-2022,Chikla,Maharashtra,619.62,620.01,-0.39,-0.1,5.9,0,FALSE,0,92.4,94.5,none,2022-23,2827,751.1,620.01
02-11-2022,Chikla,Maharashtra,619.62,606.24,13.38,2.2,14.8,0,FALSE,0,88.3,83.7,labour_shortage,2022-23,2827,751.1,606.24
03-11-2022,Chikla,Maharashtra,619.62,536.23,83.39,13.5,2.1,7.5,FALSE,0,93.9,98.5,equipment_failure,2022-23,2827,751.1,536.23
04-11-2022,Chikla,Maharashtra,619.62,619.04,0.58,0.1,6.6,0,FALSE,0,93.6,96,transport_issue,2022-23,2827,751.1,619.04
05-11-2022,Chikla,Maharashtra,619.62,593.06,26.56,4.3,2.8,0,FALSE,0,85.5,100,transport_issue,2022-23,2827,751.1,593.06
06-11-2022,Chikla,Maharashtra,619.62,603.04,16.58,2.7,4.9,0,FALSE,0,99.6,97.8,labour_shortage,2022-23,2827,751.1,603.04
07-11-2022,Chikla,Maharashtra,619.62,623.24,-3.62,-0.6,0.2,0,FALSE,0,91.5,96.1,none,2022-23,2827,751.1,623.24
08-11-2022,Chikla,Maharashtra,619.62,595.94,23.68,3.8,7.3,0,FALSE,0,91.1,99.1,transport_issue,2022-23,2827,751.1,595.94
09-11-2022,Chikla,Maharashtra,619.62,592.34,27.28,4.4,5.2,0,FALSE,0,93.9,92.8,labour_shortage,2022-23,2827,751.1,592.34
10-11-2022,Chikla,Maharashtra,619.62,605.62,14,2.3,0.3,0,FALSE,0,89.1,85.7,labour_shortage,2022-23,2827,751.1,605.62
11-11-2022,Chikla,Maharashtra,619.62,612.41,7.21,1.2,1.6,0,FALSE,0,89.3,98.6,transport_issue,2022-23,2827,751.1,612.41
12-11-2022,Chikla,Maharashtra,619.62,620.36,-0.74,-0.1,3,0,FALSE,0,89.1,97.2,none,2022-23,2827,751.1,620.36
13-11-2022,Chikla,Maharashtra,619.62,603.55,16.07,2.6,6.2,0,FALSE,0,91.2,94.3,transport_issue,2022-23,2827,751.1,603.55
14-11-2022,Chikla,Maharashtra,619.62,567.36,52.26,8.4,5.4,3.7,FALSE,0,93.1,95.3,equipment_failure,2022-23,2827,751.1,567.36
15-11-2022,Chikla,Maharashtra,619.62,592.91,26.71,4.3,1.3,0,FALSE,0,89.4,96.4,transport_issue,2022-23,2827,751.1,592.91
16-11-2022,Chikla,Maharashtra,619.62,601.93,17.69,2.9,2.2,0,FALSE,0,80.8,91.9,transport_issue,2022-23,2827,751.1,601.93
17-11-2022,Chikla,Maharashtra,619.62,619.59,0.03,0,5,0,FALSE,0,99.5,97.8,labour_shortage,2022-23,2827,751.1,619.59
18-11-2022,Chikla,Maharashtra,619.62,609.58,10.04,1.6,5.8,0,FALSE,0,95,96.9,transport_issue,2022-23,2827,751.1,609.58
19-11-2022,Chikla,Maharashtra,619.62,622.27,-2.65,-0.4,4.8,0,FALSE,0,93.9,100,none,2022-23,2827,751.1,622.27
20-11-2022,Chikla,Maharashtra,619.62,568.06,51.56,8.3,0.9,5.5,FALSE,0,92.1,96.7,equipment_failure,2022-23,2827,751.1,568.06
21-11-2022,Chikla,Maharashtra,619.62,585.21,34.41,5.6,0.5,0,FALSE,0,81.8,96.7,transport_issue,2022-23,2827,751.1,585.21
22-11-2022,Chikla,Maharashtra,619.62,586.85,32.77,5.3,3.6,0,FALSE,0,90.1,93.3,transport_issue,2022-23,2827,751.1,586.85
23-11-2022,Chikla,Maharashtra,619.62,619.47,0.15,0,6.3,0,FALSE,0,91.2,96.3,transport_issue,2022-23,2827,751.1,619.47
24-11-2022,Chikla,Maharashtra,619.62,599.65,19.97,3.2,6.1,0,FALSE,0,95.4,94.5,labour_shortage,2022-23,2827,751.1,599.65
25-11-2022,Chikla,Maharashtra,619.62,561.35,58.27,9.4,3.8,5.8,FALSE,0,98,86.3,labour_shortage,2022-23,2827,751.1,561.35
26-11-2022,Chikla,Maharashtra,619.62,547.34,72.28,11.7,1.5,4.6,FALSE,0,88.1,95.5,transport_issue,2022-23,2827,751.1,547.34
27-11-2022,Chikla,Maharashtra,619.62,621.54,-1.92,-0.3,1.7,0,FALSE,0,95.5,92.8,none,2022-23,2827,751.1,621.54
28-11-2022,Chikla,Maharashtra,619.62,604.24,15.38,2.5,4.1,0,FALSE,0,100,90.1,labour_shortage,2022-23,2827,751.1,604.24
29-11-2022,Chikla,Maharashtra,619.62,609.55,10.07,1.6,4.8,0,FALSE,0,96.8,93.6,labour_shortage,2022-23,2827,751.1,609.55
30-11-2022,Chikla,Maharashtra,619.62,597.83,21.79,3.5,0.4,0,FALSE,0,86.3,95.8,transport_issue,2022-23,2827,751.1,597.83
01-12-2022,Chikla,Maharashtra,619.62,590.93,28.69,4.6,3,0,FALSE,0,78.6,97.1,transport_issue,2022-23,2827,751.1,590.93
02-12-2022,Chikla,Maharashtra,619.62,618.43,1.19,0.2,5.1,0,FALSE,0,100,99.1,none,2022-23,2827,751.1,618.43
03-12-2022,Chikla,Maharashtra,619.62,584,35.62,5.7,7.1,2.4,FALSE,0,88.9,100,transport_issue,2022-23,2827,751.1,584
04-12-2022,Chikla,Maharashtra,619.62,604.58,15.04,2.4,1.7,0,FALSE,0,100,95,labour_shortage,2022-23,2827,751.1,604.58
05-12-2022,Chikla,Maharashtra,619.62,627.58,-7.96,-1.3,5.8,0,FALSE,0,97.6,94.3,none,2022-23,2827,751.1,627.58
06-12-2022,Chikla,Maharashtra,619.62,539.51,80.11,12.9,1.6,6.3,FALSE,0,94.9,95,equipment_failure,2022-23,2827,751.1,539.51
07-12-2022,Chikla,Maharashtra,619.62,537.12,82.5,13.3,4.2,6.9,FALSE,0,95.9,96.5,equipment_failure,2022-23,2827,751.1,537.12
08-12-2022,Chikla,Maharashtra,619.62,599.11,20.51,3.3,6.6,0,FALSE,0,83.4,100,transport_issue,2022-23,2827,751.1,599.11
09-12-2022,Chikla,Maharashtra,619.62,575.34,44.28,7.1,5.9,0,FALSE,0,85.4,91,transport_issue,2022-23,2827,751.1,575.34
10-12-2022,Chikla,Maharashtra,619.62,632.28,-12.66,-2,6.5,0,FALSE,0,99.4,100,none,2022-23,2827,751.1,632.28
11-12-2022,Chikla,Maharashtra,619.62,585.45,34.17,5.5,2.8,0,FALSE,0,85.4,99.7,transport_issue,2022-23,2827,751.1,585.45
12-12-2022,Chikla,Maharashtra,619.62,578.36,41.26,6.7,3.6,0,FALSE,0,84.4,93.1,transport_issue,2022-23,2827,751.1,578.36
13-12-2022,Chikla,Maharashtra,619.62,613.31,6.31,1,3.6,0,FALSE,0,90.9,96.7,transport_issue,2022-23,2827,751.1,613.31
14-12-2022,Chikla,Maharashtra,619.62,582.74,36.88,6,2,0,FALSE,0,86.1,94.2,transport_issue,2022-23,2827,751.1,582.74
15-12-2022,Chikla,Maharashtra,619.62,589.99,29.63,4.8,3.9,0,FALSE,0,97.4,91.2,labour_shortage,2022-23,2827,751.1,589.99
16-12-2022,Chikla,Maharashtra,619.62,599.05,20.57,3.3,4.2,0,FALSE,0,86.2,88.3,transport_issue,2022-23,2827,751.1,599.05
17-12-2022,Chikla,Maharashtra,619.62,597.28,22.34,3.6,5.7,0,FALSE,0,92.7,100,transport_issue,2022-23,2827,751.1,597.28
18-12-2022,Chikla,Maharashtra,619.62,612.79,6.83,1.1,22.9,0,FALSE,0,93.2,95,transport_issue,2022-23,2827,751.1,612.79
19-12-2022,Chikla,Maharashtra,619.62,574.24,45.38,7.3,3.9,2.3,FALSE,0,96.2,91.2,labour_shortage,2022-23,2827,751.1,574.24
20-12-2022,Chikla,Maharashtra,619.62,595.43,24.19,3.9,2.8,0,FALSE,0,95.3,95.7,transport_issue,2022-23,2827,751.1,595.43
21-12-2022,Chikla,Maharashtra,619.62,590.91,28.71,4.6,9.3,0,FALSE,0,92.2,97.7,transport_issue,2022-23,2827,751.1,590.91
22-12-2022,Chikla,Maharashtra,619.62,610.7,8.92,1.4,5.8,0,FALSE,0,97.1,90.1,labour_shortage,2022-23,2827,751.1,610.7
23-12-2022,Chikla,Maharashtra,619.62,587.49,32.13,5.2,4.2,0,FALSE,0,87.4,87.8,transport_issue,2022-23,2827,751.1,587.49
24-12-2022,Chikla,Maharashtra,619.62,541.43,78.19,12.6,2.5,5,FALSE,0,78.6,97.9,transport_issue,2022-23,2827,751.1,541.43
25-12-2022,Chikla,Maharashtra,619.62,603.57,16.05,2.6,0.5,0,FALSE,0,90.3,97.8,transport_issue,2022-23,2827,751.1,603.57
26-12-2022,Chikla,Maharashtra,619.62,602.56,17.06,2.8,3.8,0,FALSE,0,100,89.3,labour_shortage,2022-23,2827,751.1,602.56
27-12-2022,Chikla,Maharashtra,619.62,530.34,89.28,14.4,0.8,7.8,FALSE,0,96.6,97.4,equipment_failure,2022-23,2827,751.1,530.34
28-12-2022,Chikla,Maharashtra,619.62,616.28,3.34,0.5,10.8,0,FALSE,0,92.3,98.3,transport_issue,2022-23,2827,751.1,616.28
29-12-2022,Chikla,Maharashtra,619.62,604.86,14.76,2.4,2.6,0,FALSE,0,88.8,93.6,transport_issue,2022-23,2827,751.1,604.86
30-12-2022,Chikla,Maharashtra,619.62,610.09,9.53,1.5,2.2,0,FALSE,0,88.1,94.3,transport_issue,2022-23,2827,751.1,610.09
31-12-2022,Chikla,Maharashtra,619.62,612.35,7.27,1.2,4.6,0,FALSE,0,93.6,92.3,labour_shortage,2022-23,2827,751.1,612.35
01-01-2023,Chikla,Maharashtra,619.62,614.55,5.07,0.8,3.4,0,FALSE,0,95.8,97.2,transport_issue,2022-23,2827,751.1,614.55
02-01-2023,Chikla,Maharashtra,619.62,555.58,64.04,10.3,5.1,3.6,FALSE,0,85.9,96.9,transport_issue,2022-23,2827,751.1,555.58
03-01-2023,Chikla,Maharashtra,619.62,601.52,18.1,2.9,0.4,0,TRUE,3.1,91.8,96,transport_issue,2022-23,2827,751.1,601.52
04-01-2023,Chikla,Maharashtra,619.62,595.89,23.73,3.8,1,0,FALSE,0,96.4,90.8,labour_shortage,2022-23,2827,751.1,595.89
05-01-2023,Chikla,Maharashtra,619.62,600.25,19.37,3.1,4.4,0,FALSE,0,92.1,89.9,labour_shortage,2022-23,2827,751.1,600.25
06-01-2023,Chikla,Maharashtra,619.62,599.74,19.88,3.2,5,0,FALSE,0,87.4,94.4,transport_issue,2022-23,2827,751.1,599.74
07-01-2023,Chikla,Maharashtra,619.62,534.06,85.56,13.8,10.3,6.1,TRUE,3.7,99.5,96.9,equipment_failure,2022-23,2827,751.1,534.06
08-01-2023,Chikla,Maharashtra,619.62,595.16,24.46,3.9,2.4,0,TRUE,1.8,80.2,94,transport_issue,2022-23,2827,751.1,595.16
09-01-2023,Chikla,Maharashtra,619.62,616.34,3.28,0.5,1.4,0,FALSE,0,99.2,97.8,labour_shortage,2022-23,2827,751.1,616.34
10-01-2023,Chikla,Maharashtra,619.62,579.04,40.58,6.5,2.1,2.3,FALSE,0,83.6,96.9,transport_issue,2022-23,2827,751.1,579.04
11-01-2023,Chikla,Maharashtra,619.62,615.88,3.74,0.6,3.1,0,FALSE,0,94.9,93.6,labour_shortage,2022-23,2827,751.1,615.88
12-01-2023,Chikla,Maharashtra,619.62,621.54,-1.92,-0.3,4.8,0,FALSE,0,94.7,98.7,none,2022-23,2827,751.1,621.54
13-01-2023,Chikla,Maharashtra,619.62,551.64,67.98,11,2.3,6.4,FALSE,0,86.7,93.1,transport_issue,2022-23,2827,751.1,551.64
14-01-2023,Chikla,Maharashtra,619.62,624.55,-4.93,-0.8,7.5,0,FALSE,0,94.1,95,none,2022-23,2827,751.1,624.55
15-01-2023,Chikla,Maharashtra,619.62,588.75,30.87,5,3.8,0,FALSE,0,92.2,93.8,transport_issue,2022-23,2827,751.1,588.75
16-01-2023,Chikla,Maharashtra,619.62,608.24,11.38,1.8,2.2,0,FALSE,0,90.5,95,transport_issue,2022-23,2827,751.1,608.24
17-01-2023,Chikla,Maharashtra,619.62,600.43,19.19,3.1,4.8,0,FALSE,0,95.6,97.5,transport_issue,2022-23,2827,751.1,600.43
18-01-2023,Chikla,Maharashtra,619.62,610.48,9.14,1.5,1.2,0,TRUE,1.5,95.4,94.3,labour_shortage,2022-23,2827,751.1,610.48
19-01-2023,Chikla,Maharashtra,619.62,618.3,1.32,0.2,1.8,0,FALSE,0,94.7,97.8,transport_issue,2022-23,2827,751.1,618.3
20-01-2023,Chikla,Maharashtra,619.62,605.64,13.98,2.3,1.2,0,FALSE,0,82.8,99.9,transport_issue,2022-23,2827,751.1,605.64
21-01-2023,Chikla,Maharashtra,619.62,596.15,23.47,3.8,1.5,0,FALSE,0,95.5,100,transport_issue,2022-23,2827,751.1,596.15
22-01-2023,Chikla,Maharashtra,619.62,580.06,39.56,6.4,3.6,5,FALSE,0,97.5,98.8,equipment_failure,2022-23,2827,751.1,580.06
23-01-2023,Chikla,Maharashtra,619.62,607.23,12.39,2,3,0,FALSE,0,96,97.9,transport_issue,2022-23,2827,751.1,607.23
24-01-2023,Chikla,Maharashtra,619.62,589.01,30.61,4.9,8.5,0,FALSE,0,87.2,92.2,transport_issue,2022-23,2827,751.1,589.01
25-01-2023,Chikla,Maharashtra,619.62,575.89,43.73,7.1,2.3,0,TRUE,3.5,95.5,86.2,labour_shortage,2022-23,2827,751.1,575.89
26-01-2023,Chikla,Maharashtra,619.62,574.02,45.6,7.4,4.9,0,FALSE,0,90.3,82.6,labour_shortage,2022-23,2827,751.1,574.02
27-01-2023,Chikla,Maharashtra,619.62,598.9,20.72,3.3,2.3,0,FALSE,0,90.5,92.6,transport_issue,2022-23,2827,751.1,598.9
28-01-2023,Chikla,Maharashtra,619.62,595.58,24.04,3.9,9,0,FALSE,0,90.5,100,transport_issue,2022-23,2827,751.1,595.58
29-01-2023,Chikla,Maharashtra,619.62,586.77,32.85,5.3,4.6,0,FALSE,0,83.7,95.4,transport_issue,2022-23,2827,751.1,586.77
30-01-2023,Chikla,Maharashtra,619.62,587.28,32.34,5.2,9,0,FALSE,0,83.4,93.6,transport_issue,2022-23,2827,751.1,587.28
31-01-2023,Chikla,Maharashtra,619.62,604.62,15,2.4,2.8,0,FALSE,0,95.7,93.6,labour_shortage,2022-23,2827,751.1,604.62
01-02-2023,Chikla,Maharashtra,619.62,542.73,76.89,12.4,0.7,4,FALSE,0,82.1,93.5,transport_issue,2022-23,2827,751.1,542.73
02-02-2023,Chikla,Maharashtra,619.62,558.17,61.45,9.9,6.1,3.7,FALSE,0,92.3,89.7,labour_shortage,2022-23,2827,751.1,558.17
03-02-2023,Chikla,Maharashtra,619.62,604.51,15.11,2.4,2.1,0,FALSE,0,97.8,100,transport_issue,2022-23,2827,751.1,604.51
04-02-2023,Chikla,Maharashtra,619.62,604.11,15.51,2.5,1.4,0,FALSE,0,94.3,100,transport_issue,2022-23,2827,751.1,604.11
05-02-2023,Chikla,Maharashtra,619.62,611.58,8.04,1.3,7.3,0,FALSE,0,98.9,96.3,labour_shortage,2022-23,2827,751.1,611.58
06-02-2023,Chikla,Maharashtra,619.62,609.3,10.32,1.7,5.4,0,FALSE,0,94.5,94.2,labour_shortage,2022-23,2827,751.1,609.3
07-02-2023,Chikla,Maharashtra,619.62,551.21,68.41,11,1.9,5.1,FALSE,0,95.9,91.7,equipment_failure,2022-23,2827,751.1,551.21
08-02-2023,Chikla,Maharashtra,619.62,613.65,5.97,1,6.5,0,FALSE,0,84,100,transport_issue,2022-23,2827,751.1,613.65
09-02-2023,Chikla,Maharashtra,619.62,552.69,66.93,10.8,5,7.6,FALSE,0,100,93.3,equipment_failure,2022-23,2827,751.1,552.69
10-02-2023,Chikla,Maharashtra,619.62,611.21,8.41,1.4,3.9,0,FALSE,0,88.7,90.9,transport_issue,2022-23,2827,751.1,611.21
11-02-2023,Chikla,Maharashtra,619.62,608.27,11.35,1.8,8.4,0,FALSE,0,87.1,94.4,transport_issue,2022-23,2827,751.1,608.27
12-02-2023,Chikla,Maharashtra,619.62,606.76,12.86,2.1,7.4,0,FALSE,0,96.5,91.3,labour_shortage,2022-23,2827,751.1,606.76
13-02-2023,Chikla,Maharashtra,619.62,628.99,-9.37,-1.5,3.6,0,FALSE,0,100,100,none,2022-23,2827,751.1,628.99
14-02-2023,Chikla,Maharashtra,619.62,603.31,16.31,2.6,4.6,0,FALSE,0,92.6,95,transport_issue,2022-23,2827,751.1,603.31
15-02-2023,Chikla,Maharashtra,619.62,619.23,0.39,0.1,6.4,0,FALSE,0,98.6,94,labour_shortage,2022-23,2827,751.1,619.23
16-02-2023,Chikla,Maharashtra,619.62,586.72,32.9,5.3,6,0,TRUE,2.9,87.7,97.1,transport_issue,2022-23,2827,751.1,586.72
17-02-2023,Chikla,Maharashtra,619.62,590.78,28.84,4.7,6.3,0,FALSE,0,88.1,93,transport_issue,2022-23,2827,751.1,590.78
18-02-2023,Chikla,Maharashtra,619.62,612.58,7.04,1.1,4.8,0,FALSE,0,86.7,94.3,transport_issue,2022-23,2827,751.1,612.58
19-02-2023,Chikla,Maharashtra,619.62,608.32,11.3,1.8,3.9,0,FALSE,0,94.6,93.9,labour_shortage,2022-23,2827,751.1,608.32
20-02-2023,Chikla,Maharashtra,619.62,603.66,15.96,2.6,2.9,0,FALSE,0,91,87.4,labour_shortage,2022-23,2827,751.1,603.66
21-02-2023,Chikla,Maharashtra,619.62,579.7,39.92,6.4,3.9,0,FALSE,0,82.4,96.9,transport_issue,2022-23,2827,751.1,579.7
22-02-2023,Chikla,Maharashtra,619.62,585.08,34.54,5.6,3.3,0,FALSE,0,85.6,94.7,transport_issue,2022-23,2827,751.1,585.08
23-02-2023,Chikla,Maharashtra,619.62,629.64,-10.02,-1.6,7.4,0,FALSE,0,99.5,93.5,none,2022-23,2827,751.1,629.64
24-02-2023,Chikla,Maharashtra,619.62,600.09,19.53,3.2,3.4,0,FALSE,0,92,91.3,labour_shortage,2022-23,2827,751.1,600.09
25-02-2023,Chikla,Maharashtra,619.62,585.16,34.46,5.6,7.3,0,TRUE,3,90.1,91.4,transport_issue,2022-23,2827,751.1,585.16
26-02-2023,Chikla,Maharashtra,619.62,592.43,27.19,4.4,5.3,0,FALSE,0,79.7,93.3,transport_issue,2022-23,2827,751.1,592.43
27-02-2023,Chikla,Maharashtra,619.62,603.62,16,2.6,3.2,0,FALSE,0,94.2,91.9,labour_shortage,2022-23,2827,751.1,603.62
28-02-2023,Chikla,Maharashtra,619.62,560.01,59.61,9.6,2.5,0,TRUE,5.1,81.5,96.2,transport_issue,2022-23,2827,751.1,560.01
01-03-2023,Chikla,Maharashtra,619.62,600.45,19.17,3.1,0.6,0,FALSE,0,89.3,94.9,transport_issue,2022-23,2827,751.1,600.45
02-03-2023,Chikla,Maharashtra,619.62,623.84,-4.22,-0.7,12.2,0,FALSE,0,100,96.1,none,2022-23,2827,751.1,623.84
03-03-2023,Chikla,Maharashtra,619.62,601.47,18.15,2.9,1,0,FALSE,0,81.2,97.5,transport_issue,2022-23,2827,751.1,601.47
04-03-2023,Chikla,Maharashtra,619.62,621.1,-1.48,-0.2,4.2,0,FALSE,0,92.6,92.6,none,2022-23,2827,751.1,621.1
05-03-2023,Chikla,Maharashtra,619.62,593.79,25.83,4.2,0.9,0,FALSE,0,89.6,91,transport_issue,2022-23,2827,751.1,593.79
06-03-2023,Chikla,Maharashtra,619.62,606.99,12.63,2,1.1,0,FALSE,0,93.1,100,transport_issue,2022-23,2827,751.1,606.99
07-03-2023,Chikla,Maharashtra,619.62,609.65,9.97,1.6,0.4,0,FALSE,0,93.3,95.2,transport_issue,2022-23,2827,751.1,609.65
08-03-2023,Chikla,Maharashtra,619.62,601.36,18.26,2.9,2.5,0,FALSE,0,92.2,90.9,labour_shortage,2022-23,2827,751.1,601.36
09-03-2023,Chikla,Maharashtra,619.62,586.65,32.97,5.3,3.7,0,FALSE,0,88.3,96.8,transport_issue,2022-23,2827,751.1,586.65
10-03-2023,Chikla,Maharashtra,619.62,608.26,11.36,1.8,2.9,0,FALSE,0,91.3,95.1,transport_issue,2022-23,2827,751.1,608.26
11-03-2023,Chikla,Maharashtra,619.62,611.53,8.09,1.3,3.2,0,FALSE,0,98.9,92.9,labour_shortage,2022-23,2827,751.1,611.53
12-03-2023,Chikla,Maharashtra,619.62,612.26,7.36,1.2,5.2,0,FALSE,0,91.1,97,transport_issue,2022-23,2827,751.1,612.26
13-03-2023,Chikla,Maharashtra,619.62,596.94,22.68,3.7,2.8,0,FALSE,0,86.6,93.1,transport_issue,2022-23,2827,751.1,596.94
14-03-2023,Chikla,Maharashtra,619.62,531.18,88.44,14.3,1.2,6.6,FALSE,0,89.8,94.6,equipment_failure,2022-23,2827,751.1,531.18
15-03-2023,Chikla,Maharashtra,619.62,603.4,16.22,2.6,3.5,0,FALSE,0,81.5,95.9,transport_issue,2022-23,2827,751.1,603.4
16-03-2023,Chikla,Maharashtra,619.62,556.73,62.89,10.1,3.9,6.4,FALSE,0,92.7,100,equipment_failure,2022-23,2827,751.1,556.73
17-03-2023,Chikla,Maharashtra,619.62,584.61,35.01,5.7,5.2,0,FALSE,0,87.6,92.8,transport_issue,2022-23,2827,751.1,584.61
18-03-2023,Chikla,Maharashtra,619.62,548.13,71.49,11.5,3.1,6.4,FALSE,0,78.2,97.7,transport_issue,2022-23,2827,751.1,548.13
19-03-2023,Chikla,Maharashtra,619.62,606.7,12.92,2.1,14,0,FALSE,0,86.8,98.7,transport_issue,2022-23,2827,751.1,606.7
20-03-2023,Chikla,Maharashtra,619.62,600.7,18.92,3.1,2.7,0,TRUE,1.4,95.3,87.7,labour_shortage,2022-23,2827,751.1,600.7
21-03-2023,Chikla,Maharashtra,619.62,587.95,31.67,5.1,1.8,0,FALSE,0,86.5,100,transport_issue,2022-23,2827,751.1,587.95
22-03-2023,Chikla,Maharashtra,619.62,565.42,54.2,8.7,2.3,4,FALSE,0,97.7,100,equipment_failure,2022-23,2827,751.1,565.42
23-03-2023,Chikla,Maharashtra,619.62,532.49,87.13,14.1,4.9,7.5,FALSE,0,97.4,91.7,equipment_failure,2022-23,2827,751.1,532.49
24-03-2023,Chikla,Maharashtra,619.62,623.07,-3.45,-0.6,5.9,0,FALSE,0,95.9,96.4,none,2022-23,2827,751.1,623.07
25-03-2023,Chikla,Maharashtra,619.62,579.48,40.14,6.5,3.5,0,FALSE,0,74.9,89.4,transport_issue,2022-23,2827,751.1,579.48
26-03-2023,Chikla,Maharashtra,619.62,608.23,11.39,1.8,3.7,0,FALSE,0,95.2,94.1,labour_shortage,2022-23,2827,751.1,608.23
27-03-2023,Chikla,Maharashtra,619.62,606.38,13.24,2.1,6.6,0,FALSE,0,86.6,98.7,transport_issue,2022-23,2827,751.1,606.38
28-03-2023,Chikla,Maharashtra,619.62,610.55,9.07,1.5,1.3,0,FALSE,0,99.1,93.8,labour_shortage,2022-23,2827,751.1,610.55
29-03-2023,Chikla,Maharashtra,619.62,606.71,12.91,2.1,2.9,0,FALSE,0,96.4,93.8,labour_shortage,2022-23,2827,751.1,606.71
30-03-2023,Chikla,Maharashtra,619.62,627.88,-8.26,-1.3,1.9,0,FALSE,0,96.4,98.8,none,2022-23,2827,751.1,627.88
31-03-2023,Chikla,Maharashtra,619.62,595.72,23.9,3.9,3.3,0,FALSE,0,87.2,97.3,transport_issue,2022-23,2827,751.1,595.72
01-04-2022,Dongri Buzurg,Maharashtra,387.26,340.14,47.12,12.2,2.8,6.3,FALSE,0,100,93.2,equipment_failure,2022-23,2827,751.1,340.14
02-04-2022,Dongri Buzurg,Maharashtra,387.26,373.5,13.76,3.6,3.1,0,FALSE,0,92.5,96.5,transport_issue,2022-23,2827,751.1,373.5
03-04-2022,Dongri Buzurg,Maharashtra,387.26,378.47,8.79,2.3,1.1,0,FALSE,0,85.1,93.8,transport_issue,2022-23,2827,751.1,378.47
04-04-2022,Dongri Buzurg,Maharashtra,387.26,360.09,27.17,7,2.8,0,TRUE,5.1,83.1,96.8,transport_issue,2022-23,2827,751.1,360.09
05-04-2022,Dongri Buzurg,Maharashtra,387.26,392.41,-5.15,-1.3,6,0,FALSE,0,98,95.3,none,2022-23,2827,751.1,392.41
06-04-2022,Dongri Buzurg,Maharashtra,387.26,384.04,3.22,0.8,0.9,0,FALSE,0,88.8,93.4,transport_issue,2022-23,2827,751.1,384.04
07-04-2022,Dongri Buzurg,Maharashtra,387.26,383.56,3.7,1,1.8,0,FALSE,0,100,88.2,labour_shortage,2022-23,2827,751.1,383.56
08-04-2022,Dongri Buzurg,Maharashtra,387.26,390.53,-3.27,-0.8,2,0,FALSE,0,100,93.8,none,2022-23,2827,751.1,390.53
09-04-2022,Dongri Buzurg,Maharashtra,387.26,380.92,6.34,1.6,1,0,FALSE,0,91.8,88.5,labour_shortage,2022-23,2827,751.1,380.92
10-04-2022,Dongri Buzurg,Maharashtra,387.26,375.66,11.6,3,3.5,0,TRUE,3.5,100,95,blasting_delay,2022-23,2827,751.1,375.66
11-04-2022,Dongri Buzurg,Maharashtra,387.26,384.67,2.59,0.7,2,0,FALSE,0,100,90.6,labour_shortage,2022-23,2827,751.1,384.67
12-04-2022,Dongri Buzurg,Maharashtra,387.26,352.43,34.83,9,1.4,5.9,FALSE,0,100,95,equipment_failure,2022-23,2827,751.1,352.43
13-04-2022,Dongri Buzurg,Maharashtra,387.26,378.01,9.25,2.4,0.6,0,FALSE,0,97.4,100,transport_issue,2022-23,2827,751.1,378.01
14-04-2022,Dongri Buzurg,Maharashtra,387.26,384.08,3.18,0.8,7.1,0,FALSE,0,90.3,94.5,transport_issue,2022-23,2827,751.1,384.08
15-04-2022,Dongri Buzurg,Maharashtra,387.26,372.28,14.98,3.9,2.4,0,FALSE,0,90.9,99.1,transport_issue,2022-23,2827,751.1,372.28
16-04-2022,Dongri Buzurg,Maharashtra,387.26,373.2,14.06,3.6,2,0,FALSE,0,98.2,94.9,labour_shortage,2022-23,2827,751.1,373.2
17-04-2022,Dongri Buzurg,Maharashtra,387.26,393.94,-6.68,-1.7,0.9,0,FALSE,0,96.5,98.5,none,2022-23,2827,751.1,393.94
18-04-2022,Dongri Buzurg,Maharashtra,387.26,382.88,4.38,1.1,0.7,0,FALSE,0,100,94.2,labour_shortage,2022-23,2827,751.1,382.88
19-04-2022,Dongri Buzurg,Maharashtra,387.26,360.43,26.83,6.9,2.5,3.9,FALSE,0,85.7,95.8,transport_issue,2022-23,2827,751.1,360.43
20-04-2022,Dongri Buzurg,Maharashtra,387.26,368.84,18.42,4.8,4.8,0,FALSE,0,96.4,91.1,labour_shortage,2022-23,2827,751.1,368.84
21-04-2022,Dongri Buzurg,Maharashtra,387.26,380.02,7.24,1.9,3.7,0,FALSE,0,88.7,91.2,transport_issue,2022-23,2827,751.1,380.02
22-04-2022,Dongri Buzurg,Maharashtra,387.26,384.73,2.53,0.7,3.5,0,FALSE,0,97.6,92.2,labour_shortage,2022-23,2827,751.1,384.73
23-04-2022,Dongri Buzurg,Maharashtra,387.26,384.82,2.44,0.6,1,0,FALSE,0,94.4,93.3,labour_shortage,2022-23,2827,751.1,384.82
24-04-2022,Dongri Buzurg,Maharashtra,387.26,389.25,-1.99,-0.5,6.9,0,FALSE,0,94,98.9,none,2022-23,2827,751.1,389.25
25-04-2022,Dongri Buzurg,Maharashtra,387.26,389.87,-2.61,-0.7,1.5,0,FALSE,0,100,91.6,none,2022-23,2827,751.1,389.87
26-04-2022,Dongri Buzurg,Maharashtra,387.26,377.5,9.76,2.5,7.4,0,FALSE,0,85.7,91,transport_issue,2022-23,2827,751.1,377.5
27-04-2022,Dongri Buzurg,Maharashtra,387.26,387.34,-0.08,0,0.9,0,FALSE,0,95.5,93.4,none,2022-23,2827,751.1,387.34
28-04-2022,Dongri Buzurg,Maharashtra,387.26,366.75,20.51,5.3,7.1,0,TRUE,5.7,93.8,100,blasting_delay,2022-23,2827,751.1,366.75
29-04-2022,Dongri Buzurg,Maharashtra,387.26,378.18,9.08,2.3,3.5,0,FALSE,0,98.7,92.9,labour_shortage,2022-23,2827,751.1,378.18
30-04-2022,Dongri Buzurg,Maharashtra,387.26,371.65,15.61,4,0.3,0,FALSE,0,87.8,98.5,transport_issue,2022-23,2827,751.1,371.65
01-05-2022,Dongri Buzurg,Maharashtra,387.26,382.57,4.69,1.2,6.4,0,FALSE,0,89.3,92.2,transport_issue,2022-23,2827,751.1,382.57
02-05-2022,Dongri Buzurg,Maharashtra,387.26,382.94,4.32,1.1,1.9,0,FALSE,0,95.9,97.3,transport_issue,2022-23,2827,751.1,382.94
03-05-2022,Dongri Buzurg,Maharashtra,387.26,372.72,14.54,3.8,2.7,0,FALSE,0,95.7,98.9,transport_issue,2022-23,2827,751.1,372.72
04-05-2022,Dongri Buzurg,Maharashtra,387.26,380.26,7,1.8,1,0,FALSE,0,99.5,95.6,labour_shortage,2022-23,2827,751.1,380.26
05-05-2022,Dongri Buzurg,Maharashtra,387.26,382.85,4.41,1.1,1.6,0,FALSE,0,86.3,92.1,transport_issue,2022-23,2827,751.1,382.85
06-05-2022,Dongri Buzurg,Maharashtra,387.26,363.67,23.59,6.1,4.4,0,FALSE,0,87.1,91.1,transport_issue,2022-23,2827,751.1,363.67
07-05-2022,Dongri Buzurg,Maharashtra,387.26,383.52,3.74,1,4.9,0,FALSE,0,100,99.6,none,2022-23,2827,751.1,383.52
08-05-2022,Dongri Buzurg,Maharashtra,387.26,383.07,4.19,1.1,2.1,0,FALSE,0,87.8,94.6,transport_issue,2022-23,2827,751.1,383.07
09-05-2022,Dongri Buzurg,Maharashtra,387.26,373.7,13.56,3.5,0.4,3.7,FALSE,0,99.1,97.7,equipment_failure,2022-23,2827,751.1,373.7
10-05-2022,Dongri Buzurg,Maharashtra,387.26,381.31,5.95,1.5,0.7,0,FALSE,0,85.6,90.2,transport_issue,2022-23,2827,751.1,381.31
11-05-2022,Dongri Buzurg,Maharashtra,387.26,381.74,5.52,1.4,4.4,0,FALSE,0,88.8,94.2,transport_issue,2022-23,2827,751.1,381.74
12-05-2022,Dongri Buzurg,Maharashtra,387.26,385.31,1.95,0.5,1.5,0,FALSE,0,89.4,98.2,transport_issue,2022-23,2827,751.1,385.31
13-05-2022,Dongri Buzurg,Maharashtra,387.26,390.81,-3.55,-0.9,0.5,0,FALSE,0,95.5,95.6,none,2022-23,2827,751.1,390.81
14-05-2022,Dongri Buzurg,Maharashtra,387.26,371.29,15.97,4.1,5.8,0,FALSE,0,86,94.3,transport_issue,2022-23,2827,751.1,371.29
15-05-2022,Dongri Buzurg,Maharashtra,387.26,388.73,-1.47,-0.4,4.4,0,FALSE,0,98.5,88.2,none,2022-23,2827,751.1,388.73
16-05-2022,Dongri Buzurg,Maharashtra,387.26,384.47,2.79,0.7,0.5,0,FALSE,0,96.4,100,transport_issue,2022-23,2827,751.1,384.47
17-05-2022,Dongri Buzurg,Maharashtra,387.26,360.53,26.73,6.9,1,3.9,FALSE,0,95.2,96.6,equipment_failure,2022-23,2827,751.1,360.53
18-05-2022,Dongri Buzurg,Maharashtra,387.26,370.95,16.31,4.2,7.8,0,TRUE,1.3,87,85.3,labour_shortage,2022-23,2827,751.1,370.95
19-05-2022,Dongri Buzurg,Maharashtra,387.26,377.98,9.28,2.4,9.1,0,TRUE,2,100,91.3,labour_shortage,2022-23,2827,751.1,377.98
20-05-2022,Dongri Buzurg,Maharashtra,387.26,390.27,-3.01,-0.8,1.4,0,FALSE,0,96.9,95.1,none,2022-23,2827,751.1,390.27
21-05-2022,Dongri Buzurg,Maharashtra,387.26,372.82,14.44,3.7,3.5,0,FALSE,0,93.4,86.1,labour_shortage,2022-23,2827,751.1,372.82
22-05-2022,Dongri Buzurg,Maharashtra,387.26,359.77,27.49,7.1,6,0,TRUE,5.9,89.9,92.8,blasting_delay,2022-23,2827,751.1,359.77
23-05-2022,Dongri Buzurg,Maharashtra,387.26,368.18,19.08,4.9,1.2,0,TRUE,3.2,91.7,96.5,transport_issue,2022-23,2827,751.1,368.18
24-05-2022,Dongri Buzurg,Maharashtra,387.26,388.29,-1.03,-0.3,7.9,0,FALSE,0,91.7,99.6,none,2022-23,2827,751.1,388.29
25-05-2022,Dongri Buzurg,Maharashtra,387.26,385.53,1.73,0.4,1.2,0,FALSE,0,84.4,100,transport_issue,2022-23,2827,751.1,385.53
26-05-2022,Dongri Buzurg,Maharashtra,387.26,359.81,27.45,7.1,5.4,0,FALSE,0,89.1,83.9,labour_shortage,2022-23,2827,751.1,359.81
27-05-2022,Dongri Buzurg,Maharashtra,387.26,389.33,-2.07,-0.5,2.2,0,FALSE,0,95.1,90.8,none,2022-23,2827,751.1,389.33
28-05-2022,Dongri Buzurg,Maharashtra,387.26,386.19,1.07,0.3,7.2,0,FALSE,0,100,87.5,labour_shortage,2022-23,2827,751.1,386.19
29-05-2022,Dongri Buzurg,Maharashtra,387.26,374.05,13.21,3.4,3.3,0,FALSE,0,92,97.9,transport_issue,2022-23,2827,751.1,374.05
30-05-2022,Dongri Buzurg,Maharashtra,387.26,382.55,4.71,1.2,0.6,0,TRUE,2.7,100,92.8,labour_shortage,2022-23,2827,751.1,382.55
31-05-2022,Dongri Buzurg,Maharashtra,387.26,380.18,7.08,1.8,3.8,0,FALSE,0,92.7,98.2,transport_issue,2022-23,2827,751.1,380.18
01-06-2022,Dongri Buzurg,Maharashtra,387.26,373.09,14.17,3.7,26.6,0,FALSE,0,78.5,100,transport_issue,2022-23,2827,751.1,373.09
02-06-2022,Dongri Buzurg,Maharashtra,387.26,365.81,21.45,5.5,29.1,0,FALSE,0,88.8,91,transport_issue,2022-23,2827,751.1,365.81
03-06-2022,Dongri Buzurg,Maharashtra,387.26,379.79,7.47,1.9,25.6,0,FALSE,0,81,100,transport_issue,2022-23,2827,751.1,379.79
04-06-2022,Dongri Buzurg,Maharashtra,387.26,367.99,19.27,5,24.6,0,FALSE,0,80.1,98.2,transport_issue,2022-23,2827,751.1,367.99
05-06-2022,Dongri Buzurg,Maharashtra,387.26,340.33,46.93,12.1,26,6.1,FALSE,0,88.9,93.6,equipment_failure,2022-23,2827,751.1,340.33
06-06-2022,Dongri Buzurg,Maharashtra,387.26,351.32,35.94,9.3,8.1,3.9,FALSE,0,76.6,100,transport_issue,2022-23,2827,751.1,351.32
07-06-2022,Dongri Buzurg,Maharashtra,387.26,367,20.26,5.2,35.1,0,FALSE,0,88.3,91.2,transport_issue,2022-23,2827,751.1,367
08-06-2022,Dongri Buzurg,Maharashtra,387.26,378.06,9.2,2.4,20.4,0,FALSE,0,83.5,98.7,transport_issue,2022-23,2827,751.1,378.06
09-06-2022,Dongri Buzurg,Maharashtra,387.26,286.42,100.84,26,18.7,13.8,FALSE,0,81.5,96.3,equipment_failure,2022-23,2827,751.1,286.42
10-06-2022,Dongri Buzurg,Maharashtra,387.26,302.63,84.63,21.9,53.1,7.2,TRUE,2.7,79.3,94.4,heavy_rainfall,2022-23,2827,751.1,302.63
11-06-2022,Dongri Buzurg,Maharashtra,387.26,367.28,19.98,5.2,34.7,0,FALSE,0,79.6,100,transport_issue,2022-23,2827,751.1,367.28
12-06-2022,Dongri Buzurg,Maharashtra,387.26,348.94,38.32,9.9,58.3,0,TRUE,3.4,77.9,92.9,heavy_rainfall,2022-23,2827,751.1,348.94
13-06-2022,Dongri Buzurg,Maharashtra,387.26,318.47,68.79,17.8,5.9,7.3,FALSE,0,83.2,89.2,transport_issue,2022-23,2827,751.1,318.47
14-06-2022,Dongri Buzurg,Maharashtra,387.26,348.1,39.16,10.1,65,0,FALSE,0,79.7,91,heavy_rainfall,2022-23,2827,751.1,348.1
15-06-2022,Dongri Buzurg,Maharashtra,387.26,370.57,16.69,4.3,16.7,0,FALSE,0,81.4,95.7,transport_issue,2022-23,2827,751.1,370.57
16-06-2022,Dongri Buzurg,Maharashtra,387.26,365.33,21.93,5.7,4,0,FALSE,0,73.3,91.8,transport_issue,2022-23,2827,751.1,365.33
17-06-2022,Dongri Buzurg,Maharashtra,387.26,371.12,16.14,4.2,25.7,0,FALSE,0,82.9,93.9,transport_issue,2022-23,2827,751.1,371.12
18-06-2022,Dongri Buzurg,Maharashtra,387.26,360.74,26.52,6.8,66.7,0,FALSE,0,76.5,95.1,heavy_rainfall,2022-23,2827,751.1,360.74
19-06-2022,Dongri Buzurg,Maharashtra,387.26,374.92,12.34,3.2,21,0,FALSE,0,76.6,91.8,transport_issue,2022-23,2827,751.1,374.92
20-06-2022,Dongri Buzurg,Maharashtra,387.26,335.82,51.44,13.3,42.8,4.8,FALSE,0,84.5,86.8,transport_issue,2022-23,2827,751.1,335.82
21-06-2022,Dongri Buzurg,Maharashtra,387.26,366.21,21.05,5.4,34,0,FALSE,0,80,93.5,transport_issue,2022-23,2827,751.1,366.21
22-06-2022,Dongri Buzurg,Maharashtra,387.26,366.33,20.93,5.4,7.9,0,FALSE,0,74.5,95.1,transport_issue,2022-23,2827,751.1,366.33
23-06-2022,Dongri Buzurg,Maharashtra,387.26,369.16,18.1,4.7,3.9,0,FALSE,0,89.6,96.9,transport_issue,2022-23,2827,751.1,369.16
24-06-2022,Dongri Buzurg,Maharashtra,387.26,359.4,27.86,7.2,52.8,0,TRUE,5.2,92.7,93.4,heavy_rainfall,2022-23,2827,751.1,359.4
25-06-2022,Dongri Buzurg,Maharashtra,387.26,356.59,30.67,7.9,36.4,0,FALSE,0,78,96.7,transport_issue,2022-23,2827,751.1,356.59
26-06-2022,Dongri Buzurg,Maharashtra,387.26,377.05,10.21,2.6,19.3,0,FALSE,0,90.7,90.9,transport_issue,2022-23,2827,751.1,377.05
27-06-2022,Dongri Buzurg,Maharashtra,387.26,365.19,22.07,5.7,49.4,0,FALSE,0,82.4,96,heavy_rainfall,2022-23,2827,751.1,365.19
28-06-2022,Dongri Buzurg,Maharashtra,387.26,355.45,31.81,8.2,41.4,0,TRUE,2.8,84.5,91.8,transport_issue,2022-23,2827,751.1,355.45
29-06-2022,Dongri Buzurg,Maharashtra,387.26,326.38,60.88,15.7,19.5,7.2,FALSE,0,70.7,89,transport_issue,2022-23,2827,751.1,326.38
30-06-2022,Dongri Buzurg,Maharashtra,387.26,371.15,16.11,4.2,47,0,FALSE,0,83.5,95.1,heavy_rainfall,2022-23,2827,751.1,371.15
01-07-2022,Dongri Buzurg,Maharashtra,387.26,363.62,23.64,6.1,17.5,0,FALSE,0,74,92.7,transport_issue,2022-23,2827,751.1,363.62
02-07-2022,Dongri Buzurg,Maharashtra,387.26,345.35,41.91,10.8,39.3,0,TRUE,5.8,80.8,97.9,transport_issue,2022-23,2827,751.1,345.35
03-07-2022,Dongri Buzurg,Maharashtra,387.26,368.31,18.95,4.9,50.6,0,FALSE,0,81.5,100,heavy_rainfall,2022-23,2827,751.1,368.31
04-07-2022,Dongri Buzurg,Maharashtra,387.26,380.28,6.98,1.8,27.9,0,FALSE,0,80.9,96.7,transport_issue,2022-23,2827,751.1,380.28
05-07-2022,Dongri Buzurg,Maharashtra,387.26,363.62,23.64,6.1,12.2,0,FALSE,0,75.4,95.9,transport_issue,2022-23,2827,751.1,363.62
06-07-2022,Dongri Buzurg,Maharashtra,387.26,371.66,15.6,4,21.7,0,FALSE,0,77.1,91.8,transport_issue,2022-23,2827,751.1,371.66
07-07-2022,Dongri Buzurg,Maharashtra,387.26,380.36,6.9,1.8,21,0,FALSE,0,80.1,97.9,transport_issue,2022-23,2827,751.1,380.36
08-07-2022,Dongri Buzurg,Maharashtra,387.26,384.61,2.65,0.7,34.2,0,FALSE,0,96.6,94.7,labour_shortage,2022-23,2827,751.1,384.61
09-07-2022,Dongri Buzurg,Maharashtra,387.26,347,40.26,10.4,34.9,3.4,FALSE,0,92.3,93.1,transport_issue,2022-23,2827,751.1,347
10-07-2022,Dongri Buzurg,Maharashtra,387.26,359.66,27.6,7.1,23.2,0,FALSE,0,80.3,91.8,transport_issue,2022-23,2827,751.1,359.66
11-07-2022,Dongri Buzurg,Maharashtra,387.26,376.18,11.08,2.9,29.3,0,FALSE,0,78.2,91.4,transport_issue,2022-23,2827,751.1,376.18
12-07-2022,Dongri Buzurg,Maharashtra,387.26,380.25,7.01,1.8,47.8,0,FALSE,0,84.1,100,heavy_rainfall,2022-23,2827,751.1,380.25
13-07-2022,Dongri Buzurg,Maharashtra,387.26,380.12,7.14,1.8,31.5,0,FALSE,0,82.8,95,transport_issue,2022-23,2827,751.1,380.12
14-07-2022,Dongri Buzurg,Maharashtra,387.26,374.06,13.2,3.4,40.5,0,FALSE,0,85.1,95,transport_issue,2022-23,2827,751.1,374.06
15-07-2022,Dongri Buzurg,Maharashtra,387.26,375.63,11.63,3,32.5,0,FALSE,0,80.7,91,transport_issue,2022-23,2827,751.1,375.63
16-07-2022,Dongri Buzurg,Maharashtra,387.26,380.69,6.57,1.7,11.5,0,FALSE,0,93.8,97.2,transport_issue,2022-23,2827,751.1,380.69
17-07-2022,Dongri Buzurg,Maharashtra,387.26,375.87,11.39,2.9,8.4,0,FALSE,0,81.1,94.6,transport_issue,2022-23,2827,751.1,375.87
18-07-2022,Dongri Buzurg,Maharashtra,387.26,356.58,30.68,7.9,68.7,0,FALSE,0,84.5,91,heavy_rainfall,2022-23,2827,751.1,356.58
19-07-2022,Dongri Buzurg,Maharashtra,387.26,369.47,17.79,4.6,14.8,0,FALSE,0,76.3,100,transport_issue,2022-23,2827,751.1,369.47
20-07-2022,Dongri Buzurg,Maharashtra,387.26,368.76,18.5,4.8,10.7,0,FALSE,0,72.8,97.2,transport_issue,2022-23,2827,751.1,368.76
21-07-2022,Dongri Buzurg,Maharashtra,387.26,366.04,21.22,5.5,45.5,0,FALSE,0,79.2,89.2,transport_issue,2022-23,2827,751.1,366.04
22-07-2022,Dongri Buzurg,Maharashtra,387.26,376.15,11.11,2.9,25.8,0,FALSE,0,78.4,100,transport_issue,2022-23,2827,751.1,376.15
23-07-2022,Dongri Buzurg,Maharashtra,387.26,379.21,8.05,2.1,5.8,0,FALSE,0,83.2,95.2,transport_issue,2022-23,2827,751.1,379.21
24-07-2022,Dongri Buzurg,Maharashtra,387.26,372.59,14.67,3.8,37.2,0,FALSE,0,90.2,88.3,labour_shortage,2022-23,2827,751.1,372.59
25-07-2022,Dongri Buzurg,Maharashtra,387.26,368.2,19.06,4.9,6.5,0,FALSE,0,89.8,98,transport_issue,2022-23,2827,751.1,368.2
26-07-2022,Dongri Buzurg,Maharashtra,387.26,356.23,31.03,8,8,3.8,FALSE,0,78.8,94.1,transport_issue,2022-23,2827,751.1,356.23
27-07-2022,Dongri Buzurg,Maharashtra,387.26,366.39,20.87,5.4,23.1,0,FALSE,0,88.5,98.5,transport_issue,2022-23,2827,751.1,366.39
28-07-2022,Dongri Buzurg,Maharashtra,387.26,367.23,20.03,5.2,23.8,0,FALSE,0,79.7,95.6,transport_issue,2022-23,2827,751.1,367.23
29-07-2022,Dongri Buzurg,Maharashtra,387.26,362.2,25.06,6.5,13.9,0,FALSE,0,82.8,98.5,transport_issue,2022-23,2827,751.1,362.2
30-07-2022,Dongri Buzurg,Maharashtra,387.26,370.89,16.37,4.2,26.5,0,FALSE,0,90,93.6,transport_issue,2022-23,2827,751.1,370.89
31-07-2022,Dongri Buzurg,Maharashtra,387.26,384.28,2.98,0.8,7.7,0,FALSE,0,92.6,93.2,transport_issue,2022-23,2827,751.1,384.28
01-08-2022,Dongri Buzurg,Maharashtra,387.26,353.79,33.47,8.6,48,0,TRUE,3.2,90.1,98.9,heavy_rainfall,2022-23,2827,751.1,353.79
02-08-2022,Dongri Buzurg,Maharashtra,387.26,372.11,15.15,3.9,26.6,0,TRUE,1.7,84,100,transport_issue,2022-23,2827,751.1,372.11
03-08-2022,Dongri Buzurg,Maharashtra,387.26,367.58,19.68,5.1,62,0,FALSE,0,84.5,95.8,heavy_rainfall,2022-23,2827,751.1,367.58
04-08-2022,Dongri Buzurg,Maharashtra,387.26,365.91,21.35,5.5,9.4,0,FALSE,0,86.2,95.6,transport_issue,2022-23,2827,751.1,365.91
05-08-2022,Dongri Buzurg,Maharashtra,387.26,383.94,3.32,0.9,19.9,0,FALSE,0,83.5,99.2,transport_issue,2022-23,2827,751.1,383.94
06-08-2022,Dongri Buzurg,Maharashtra,387.26,347.08,40.18,10.4,10.1,2.3,FALSE,0,83.2,88.3,transport_issue,2022-23,2827,751.1,347.08
07-08-2022,Dongri Buzurg,Maharashtra,387.26,356.89,30.37,7.8,12.9,0,FALSE,0,82.2,90,transport_issue,2022-23,2827,751.1,356.89
08-08-2022,Dongri Buzurg,Maharashtra,387.26,375.58,11.68,3,33.4,0,FALSE,0,80.9,92.9,transport_issue,2022-23,2827,751.1,375.58
09-08-2022,Dongri Buzurg,Maharashtra,387.26,349.89,37.37,9.6,36.4,0,TRUE,4,83.5,99.2,transport_issue,2022-23,2827,751.1,349.89
10-08-2022,Dongri Buzurg,Maharashtra,387.26,377.52,9.74,2.5,30.5,0,FALSE,0,78.7,100,transport_issue,2022-23,2827,751.1,377.52
11-08-2022,Dongri Buzurg,Maharashtra,387.26,378.15,9.11,2.4,40.4,0,FALSE,0,88.3,91.7,transport_issue,2022-23,2827,751.1,378.15
12-08-2022,Dongri Buzurg,Maharashtra,387.26,363.21,24.05,6.2,8.8,0,FALSE,0,86.9,91.7,transport_issue,2022-23,2827,751.1,363.21
13-08-2022,Dongri Buzurg,Maharashtra,387.26,353.58,33.68,8.7,85.7,0,FALSE,0,77,88.6,heavy_rainfall,2022-23,2827,751.1,353.58
14-08-2022,Dongri Buzurg,Maharashtra,387.26,337.7,49.56,12.8,24.7,3.1,FALSE,0,68.7,95.4,transport_issue,2022-23,2827,751.1,337.7
15-08-2022,Dongri Buzurg,Maharashtra,387.26,381.3,5.96,1.5,9.5,0,FALSE,0,85.7,94.3,transport_issue,2022-23,2827,751.1,381.3
16-08-2022,Dongri Buzurg,Maharashtra,387.26,354.63,32.63,8.4,69.7,0,FALSE,0,77,89.5,heavy_rainfall,2022-23,2827,751.1,354.63
17-08-2022,Dongri Buzurg,Maharashtra,387.26,358.86,28.4,7.3,24.9,0,FALSE,0,74,96.7,transport_issue,2022-23,2827,751.1,358.86
18-08-2022,Dongri Buzurg,Maharashtra,387.26,350.16,37.1,9.6,48.5,0,FALSE,0,75.9,92.5,transport_issue,2022-23,2827,751.1,350.16
19-08-2022,Dongri Buzurg,Maharashtra,387.26,333.23,54.03,14,65.3,4,FALSE,0,78.3,98.4,heavy_rainfall,2022-23,2827,751.1,333.23
20-08-2022,Dongri Buzurg,Maharashtra,387.26,367.59,19.67,5.1,5.7,0,FALSE,0,70.3,94.6,transport_issue,2022-23,2827,751.1,367.59
21-08-2022,Dongri Buzurg,Maharashtra,387.26,386.64,0.62,0.2,26.5,0,FALSE,0,88.3,95.6,transport_issue,2022-23,2827,751.1,386.64
22-08-2022,Dongri Buzurg,Maharashtra,387.26,360.25,27.01,7,68,0,FALSE,0,91,91.5,heavy_rainfall,2022-23,2827,751.1,360.25
23-08-2022,Dongri Buzurg,Maharashtra,387.26,351.69,35.57,9.2,18.4,5.2,FALSE,0,82.2,98.7,transport_issue,2022-23,2827,751.1,351.69
24-08-2022,Dongri Buzurg,Maharashtra,387.26,361.38,25.88,6.7,6.4,0,FALSE,0,79,95.2,transport_issue,2022-23,2827,751.1,361.38
25-08-2022,Dongri Buzurg,Maharashtra,387.26,387.66,-0.4,-0.1,14.2,0,FALSE,0,88.4,96.8,none,2022-23,2827,751.1,387.66
26-08-2022,Dongri Buzurg,Maharashtra,387.26,379.84,7.42,1.9,29.2,0,FALSE,0,89.3,92.4,transport_issue,2022-23,2827,751.1,379.84
27-08-2022,Dongri Buzurg,Maharashtra,387.26,357.29,29.97,7.7,17.2,0,FALSE,0,74.8,89.8,transport_issue,2022-23,2827,751.1,357.29
28-08-2022,Dongri Buzurg,Maharashtra,387.26,361.12,26.14,6.7,2.8,0,FALSE,0,78.7,99.9,transport_issue,2022-23,2827,751.1,361.12
29-08-2022,Dongri Buzurg,Maharashtra,387.26,386.45,0.81,0.2,27.1,0,FALSE,0,86.6,100,transport_issue,2022-23,2827,751.1,386.45
30-08-2022,Dongri Buzurg,Maharashtra,387.26,367.14,20.12,5.2,36.5,0,FALSE,0,77.9,89,transport_issue,2022-23,2827,751.1,367.14
31-08-2022,Dongri Buzurg,Maharashtra,387.26,359.05,28.21,7.3,27.1,0,FALSE,0,84.3,90.9,transport_issue,2022-23,2827,751.1,359.05
01-09-2022,Dongri Buzurg,Maharashtra,387.26,383.02,4.24,1.1,35.3,0,FALSE,0,86.4,96.7,transport_issue,2022-23,2827,751.1,383.02
02-09-2022,Dongri Buzurg,Maharashtra,387.26,335.15,52.11,13.5,40.3,6.4,FALSE,0,82.7,90.8,transport_issue,2022-23,2827,751.1,335.15
03-09-2022,Dongri Buzurg,Maharashtra,387.26,362.47,24.79,6.4,23.6,0,FALSE,0,73.4,96.1,transport_issue,2022-23,2827,751.1,362.47
04-09-2022,Dongri Buzurg,Maharashtra,387.26,350.56,36.7,9.5,6.3,4.2,FALSE,0,84,88.2,transport_issue,2022-23,2827,751.1,350.56
05-09-2022,Dongri Buzurg,Maharashtra,387.26,372.04,15.22,3.9,10.6,0,FALSE,0,78.5,87.3,transport_issue,2022-23,2827,751.1,372.04
06-09-2022,Dongri Buzurg,Maharashtra,387.26,331.83,55.43,14.3,24.3,7.3,FALSE,0,84.1,91.3,transport_issue,2022-23,2827,751.1,331.83
07-09-2022,Dongri Buzurg,Maharashtra,387.26,371.64,15.62,4,45.5,0,FALSE,0,87.8,100,heavy_rainfall,2022-23,2827,751.1,371.64
08-09-2022,Dongri Buzurg,Maharashtra,387.26,371.03,16.23,4.2,12.5,0,FALSE,0,84.3,100,transport_issue,2022-23,2827,751.1,371.03
09-09-2022,Dongri Buzurg,Maharashtra,387.26,353.13,34.13,8.8,18.3,0,FALSE,0,71.8,95.7,transport_issue,2022-23,2827,751.1,353.13
10-09-2022,Dongri Buzurg,Maharashtra,387.26,369.12,18.14,4.7,38.8,0,FALSE,0,87.3,99.3,transport_issue,2022-23,2827,751.1,369.12
11-09-2022,Dongri Buzurg,Maharashtra,387.26,378.82,8.44,2.2,19.9,0,FALSE,0,85.7,97.2,transport_issue,2022-23,2827,751.1,378.82
12-09-2022,Dongri Buzurg,Maharashtra,387.26,368.08,19.18,5,19.1,0,FALSE,0,79.4,90.6,transport_issue,2022-23,2827,751.1,368.08
13-09-2022,Dongri Buzurg,Maharashtra,387.26,347.38,39.88,10.3,6.4,0,TRUE,5.9,81.5,94.2,transport_issue,2022-23,2827,751.1,347.38
14-09-2022,Dongri Buzurg,Maharashtra,387.26,337.59,49.67,12.8,22.2,0,TRUE,5,75.3,93.6,transport_issue,2022-23,2827,751.1,337.59
15-09-2022,Dongri Buzurg,Maharashtra,387.26,369.54,17.72,4.6,27.6,0,FALSE,0,88.6,99.6,transport_issue,2022-23,2827,751.1,369.54
16-09-2022,Dongri Buzurg,Maharashtra,387.26,382.04,5.22,1.3,24.3,0,FALSE,0,93.7,97,transport_issue,2022-23,2827,751.1,382.04
17-09-2022,Dongri Buzurg,Maharashtra,387.26,355.9,31.36,8.1,47.3,0,FALSE,0,70.4,98.5,transport_issue,2022-23,2827,751.1,355.9
18-09-2022,Dongri Buzurg,Maharashtra,387.26,371.99,15.27,3.9,17.4,0,FALSE,0,83.9,91,transport_issue,2022-23,2827,751.1,371.99
19-09-2022,Dongri Buzurg,Maharashtra,387.26,360.54,26.72,6.9,22.5,0,FALSE,0,73.1,92.5,transport_issue,2022-23,2827,751.1,360.54
20-09-2022,Dongri Buzurg,Maharashtra,387.26,339.54,47.72,12.3,103.7,0,FALSE,0,83.5,89.8,heavy_rainfall,2022-23,2827,751.1,339.54
21-09-2022,Dongri Buzurg,Maharashtra,387.26,371.77,15.49,4,25.2,0,FALSE,0,81.8,95.6,transport_issue,2022-23,2827,751.1,371.77
22-09-2022,Dongri Buzurg,Maharashtra,387.26,320.79,66.47,17.2,15.3,7.9,FALSE,0,84.4,97.6,equipment_failure,2022-23,2827,751.1,320.79
23-09-2022,Dongri Buzurg,Maharashtra,387.26,356.38,30.88,8,61.7,0,FALSE,0,81.7,92.4,heavy_rainfall,2022-23,2827,751.1,356.38
24-09-2022,Dongri Buzurg,Maharashtra,387.26,363.02,24.24,6.3,50.6,0,TRUE,2,83.4,99.6,heavy_rainfall,2022-23,2827,751.1,363.02
25-09-2022,Dongri Buzurg,Maharashtra,387.26,360.42,26.84,6.9,34.8,0,FALSE,0,79.4,98.7,transport_issue,2022-23,2827,751.1,360.42
26-09-2022,Dongri Buzurg,Maharashtra,387.26,375.34,11.92,3.1,47.1,0,FALSE,0,80.1,96.9,transport_issue,2022-23,2827,751.1,375.34
27-09-2022,Dongri Buzurg,Maharashtra,387.26,375.7,11.56,3,6.3,0,FALSE,0,85.2,93.3,transport_issue,2022-23,2827,751.1,375.7
28-09-2022,Dongri Buzurg,Maharashtra,387.26,379.47,7.79,2,29.6,0,FALSE,0,80.3,95,transport_issue,2022-23,2827,751.1,379.47
29-09-2022,Dongri Buzurg,Maharashtra,387.26,346,41.26,10.7,14.4,0,TRUE,5.2,84.9,95.7,transport_issue,2022-23,2827,751.1,346
30-09-2022,Dongri Buzurg,Maharashtra,387.26,370.14,17.12,4.4,33.8,0,FALSE,0,69.9,97.9,transport_issue,2022-23,2827,751.1,370.14
01-10-2022,Dongri Buzurg,Maharashtra,387.26,367.13,20.13,5.2,3.2,0,FALSE,0,87,92.9,transport_issue,2022-23,2827,751.1,367.13
02-10-2022,Dongri Buzurg,Maharashtra,387.26,373.61,13.65,3.5,1.3,0,FALSE,0,86.7,98.9,transport_issue,2022-23,2827,751.1,373.61
03-10-2022,Dongri Buzurg,Maharashtra,387.26,341.74,45.52,11.8,6.5,7.9,FALSE,0,92.3,100,equipment_failure,2022-23,2827,751.1,341.74
04-10-2022,Dongri Buzurg,Maharashtra,387.26,386.53,0.73,0.2,2,0,FALSE,0,88.9,100,transport_issue,2022-23,2827,751.1,386.53
05-10-2022,Dongri Buzurg,Maharashtra,387.26,377.59,9.67,2.5,1.9,0,FALSE,0,86.5,91,transport_issue,2022-23,2827,751.1,377.59
06-10-2022,Dongri Buzurg,Maharashtra,387.26,385.67,1.59,0.4,2.2,0,FALSE,0,91.7,95.1,transport_issue,2022-23,2827,751.1,385.67
07-10-2022,Dongri Buzurg,Maharashtra,387.26,367.79,19.47,5,3.3,0,FALSE,0,93.7,90.3,labour_shortage,2022-23,2827,751.1,367.79
08-10-2022,Dongri Buzurg,Maharashtra,387.26,362.9,24.36,6.3,5.5,0,FALSE,0,89,88,labour_shortage,2022-23,2827,751.1,362.9
09-10-2022,Dongri Buzurg,Maharashtra,387.26,378.45,8.81,2.3,9.3,0,FALSE,0,94.3,96.7,transport_issue,2022-23,2827,751.1,378.45
10-10-2022,Dongri Buzurg,Maharashtra,387.26,368.31,18.95,4.9,3,0,FALSE,0,91.1,84.7,labour_shortage,2022-23,2827,751.1,368.31
11-10-2022,Dongri Buzurg,Maharashtra,387.26,352.95,34.31,8.9,2.7,3.1,TRUE,2.8,91.8,100,transport_issue,2022-23,2827,751.1,352.95
12-10-2022,Dongri Buzurg,Maharashtra,387.26,389.59,-2.33,-0.6,8.1,0,FALSE,0,96.4,93,none,2022-23,2827,751.1,389.59
13-10-2022,Dongri Buzurg,Maharashtra,387.26,384.27,2.99,0.8,2.2,0,FALSE,0,92.2,90.2,labour_shortage,2022-23,2827,751.1,384.27
14-10-2022,Dongri Buzurg,Maharashtra,387.26,364.11,23.15,6,0.2,0,FALSE,0,89.6,93,transport_issue,2022-23,2827,751.1,364.11
15-10-2022,Dongri Buzurg,Maharashtra,387.26,361.81,25.45,6.6,1.8,0,FALSE,0,85.2,92.7,transport_issue,2022-23,2827,751.1,361.81
16-10-2022,Dongri Buzurg,Maharashtra,387.26,372.16,15.1,3.9,7.3,0,FALSE,0,87,98.3,transport_issue,2022-23,2827,751.1,372.16
17-10-2022,Dongri Buzurg,Maharashtra,387.26,346.87,40.39,10.4,0.9,4.4,FALSE,0,76.1,93.5,transport_issue,2022-23,2827,751.1,346.87
18-10-2022,Dongri Buzurg,Maharashtra,387.26,366.51,20.75,5.4,0.5,0,FALSE,0,90.1,95.2,transport_issue,2022-23,2827,751.1,366.51
19-10-2022,Dongri Buzurg,Maharashtra,387.26,372.72,14.54,3.8,1.8,0,FALSE,0,92.7,100,transport_issue,2022-23,2827,751.1,372.72
20-10-2022,Dongri Buzurg,Maharashtra,387.26,333.09,54.17,14,7.3,7.9,FALSE,0,100,94.7,equipment_failure,2022-23,2827,751.1,333.09
21-10-2022,Dongri Buzurg,Maharashtra,387.26,378.23,9.03,2.3,1.3,0,FALSE,0,87,94.7,transport_issue,2022-23,2827,751.1,378.23
22-10-2022,Dongri Buzurg,Maharashtra,387.26,367.04,20.22,5.2,3.6,2.9,FALSE,0,84.9,100,transport_issue,2022-23,2827,751.1,367.04
23-10-2022,Dongri Buzurg,Maharashtra,387.26,332.53,54.73,14.1,6.7,7.9,FALSE,0,99.4,98.4,equipment_failure,2022-23,2827,751.1,332.53
24-10-2022,Dongri Buzurg,Maharashtra,387.26,365.4,21.86,5.6,3.6,0,FALSE,0,86.9,89.7,transport_issue,2022-23,2827,751.1,365.4
25-10-2022,Dongri Buzurg,Maharashtra,387.26,383.77,3.49,0.9,7.1,0,FALSE,0,88.7,100,transport_issue,2022-23,2827,751.1,383.77
26-10-2022,Dongri Buzurg,Maharashtra,387.26,374.66,12.6,3.3,3.6,0,FALSE,0,93,95.8,transport_issue,2022-23,2827,751.1,374.66
27-10-2022,Dongri Buzurg,Maharashtra,387.26,357.64,29.62,7.6,2.4,3.7,FALSE,0,98.4,98,equipment_failure,2022-23,2827,751.1,357.64
28-10-2022,Dongri Buzurg,Maharashtra,387.26,380.79,6.47,1.7,1.5,0,FALSE,0,91.9,92.3,transport_issue,2022-23,2827,751.1,380.79
29-10-2022,Dongri Buzurg,Maharashtra,387.26,353.94,33.32,8.6,7.5,5.7,FALSE,0,98.7,95.8,equipment_failure,2022-23,2827,751.1,353.94
30-10-2022,Dongri Buzurg,Maharashtra,387.26,341.33,45.93,11.9,3.8,6.2,FALSE,0,97,94.5,equipment_failure,2022-23,2827,751.1,341.33
31-10-2022,Dongri Buzurg,Maharashtra,387.26,377.28,9.98,2.6,1.7,0,FALSE,0,85.4,98.1,transport_issue,2022-23,2827,751.1,377.28
01-11-2022,Dongri Buzurg,Maharashtra,387.26,380.83,6.43,1.7,5.9,0,FALSE,0,93.8,93.7,labour_shortage,2022-23,2827,751.1,380.83
02-11-2022,Dongri Buzurg,Maharashtra,387.26,372.31,14.95,3.9,1,0,FALSE,0,84.7,87,transport_issue,2022-23,2827,751.1,372.31
03-11-2022,Dongri Buzurg,Maharashtra,387.26,393.41,-6.15,-1.6,1.2,0,FALSE,0,100,99.4,none,2022-23,2827,751.1,393.41
04-11-2022,Dongri Buzurg,Maharashtra,387.26,382.89,4.37,1.1,6.1,0,FALSE,0,95.2,99.9,transport_issue,2022-23,2827,751.1,382.89
05-11-2022,Dongri Buzurg,Maharashtra,387.26,375.33,11.93,3.1,5.6,0,FALSE,0,93.5,93,labour_shortage,2022-23,2827,751.1,375.33
06-11-2022,Dongri Buzurg,Maharashtra,387.26,378.61,8.65,2.2,3.5,0,FALSE,0,97.6,91.5,labour_shortage,2022-23,2827,751.1,378.61
07-11-2022,Dongri Buzurg,Maharashtra,387.26,382.26,5,1.3,8.5,0,FALSE,0,91.6,95.5,transport_issue,2022-23,2827,751.1,382.26
08-11-2022,Dongri Buzurg,Maharashtra,387.26,356.07,31.19,8.1,2,5.1,FALSE,0,99.9,87.8,labour_shortage,2022-23,2827,751.1,356.07
09-11-2022,Dongri Buzurg,Maharashtra,387.26,391.35,-4.09,-1.1,8.4,0,FALSE,0,97.3,94.3,none,2022-23,2827,751.1,391.35
10-11-2022,Dongri Buzurg,Maharashtra,387.26,379.81,7.45,1.9,0.7,0,FALSE,0,100,88.7,labour_shortage,2022-23,2827,751.1,379.81
11-11-2022,Dongri Buzurg,Maharashtra,387.26,382.45,4.81,1.2,1,0,FALSE,0,88.6,93,transport_issue,2022-23,2827,751.1,382.45
12-11-2022,Dongri Buzurg,Maharashtra,387.26,374.6,12.66,3.3,1.6,0,FALSE,0,83.9,86.4,transport_issue,2022-23,2827,751.1,374.6
13-11-2022,Dongri Buzurg,Maharashtra,387.26,383.86,3.4,0.9,5.7,0,FALSE,0,90.1,91.4,transport_issue,2022-23,2827,751.1,383.86
14-11-2022,Dongri Buzurg,Maharashtra,387.26,377.44,9.82,2.5,12.3,0,FALSE,0,82.3,92.9,transport_issue,2022-23,2827,751.1,377.44
15-11-2022,Dongri Buzurg,Maharashtra,387.26,355.55,31.71,8.2,9.3,0,TRUE,5.1,100,96.6,blasting_delay,2022-23,2827,751.1,355.55
16-11-2022,Dongri Buzurg,Maharashtra,387.26,383.25,4.01,1,1.9,0,FALSE,0,89.4,90.6,transport_issue,2022-23,2827,751.1,383.25
17-11-2022,Dongri Buzurg,Maharashtra,387.26,283.91,103.35,26.7,8.3,15.6,FALSE,0,90.4,94.5,equipment_failure,2022-23,2827,751.1,283.91
18-11-2022,Dongri Buzurg,Maharashtra,387.26,372.71,14.55,3.8,3.6,0,FALSE,0,91,91.7,transport_issue,2022-23,2827,751.1,372.71
19-11-2022,Dongri Buzurg,Maharashtra,387.26,361.35,25.91,6.7,0.9,0,FALSE,0,85.7,87.4,transport_issue,2022-23,2827,751.1,361.35
20-11-2022,Dongri Buzurg,Maharashtra,387.26,361.83,25.43,6.6,3.6,3.7,FALSE,0,90.5,100,transport_issue,2022-23,2827,751.1,361.83
21-11-2022,Dongri Buzurg,Maharashtra,387.26,375.19,12.07,3.1,8.9,0,FALSE,0,87.6,94.9,transport_issue,2022-23,2827,751.1,375.19
22-11-2022,Dongri Buzurg,Maharashtra,387.26,344.5,42.76,11,1.3,4.5,FALSE,0,80.6,96.4,transport_issue,2022-23,2827,751.1,344.5
23-11-2022,Dongri Buzurg,Maharashtra,387.26,380.08,7.18,1.9,5.2,0,FALSE,0,99.3,94.8,labour_shortage,2022-23,2827,751.1,380.08
24-11-2022,Dongri Buzurg,Maharashtra,387.26,350.13,37.13,9.6,5.7,4.4,FALSE,0,93.4,97,equipment_failure,2022-23,2827,751.1,350.13
25-11-2022,Dongri Buzurg,Maharashtra,387.26,373.27,13.99,3.6,2.1,0,FALSE,0,88.1,100,transport_issue,2022-23,2827,751.1,373.27
26-11-2022,Dongri Buzurg,Maharashtra,387.26,373.72,13.54,3.5,0.9,0,FALSE,0,88.9,95.8,transport_issue,2022-23,2827,751.1,373.72
27-11-2022,Dongri Buzurg,Maharashtra,387.26,381.71,5.55,1.4,5.1,0,FALSE,0,82.2,97.2,transport_issue,2022-23,2827,751.1,381.71
28-11-2022,Dongri Buzurg,Maharashtra,387.26,369.94,17.32,4.5,4.3,0,FALSE,0,97.1,91.5,labour_shortage,2022-23,2827,751.1,369.94
29-11-2022,Dongri Buzurg,Maharashtra,387.26,343.79,43.47,11.2,0.8,5.2,FALSE,0,99.6,87.7,labour_shortage,2022-23,2827,751.1,343.79
30-11-2022,Dongri Buzurg,Maharashtra,387.26,374.07,13.19,3.4,1.2,0,FALSE,0,94.6,93.2,labour_shortage,2022-23,2827,751.1,374.07
01-12-2022,Dongri Buzurg,Maharashtra,387.26,374.06,13.2,3.4,3.9,0,FALSE,0,94.6,100,transport_issue,2022-23,2827,751.1,374.06
02-12-2022,Dongri Buzurg,Maharashtra,387.26,383.92,3.34,0.9,6.3,0,FALSE,0,95.5,96.8,transport_issue,2022-23,2827,751.1,383.92
03-12-2022,Dongri Buzurg,Maharashtra,387.26,387.18,0.08,0,4.7,0,FALSE,0,100,95.3,labour_shortage,2022-23,2827,751.1,387.18
04-12-2022,Dongri Buzurg,Maharashtra,387.26,356.89,30.37,7.8,5.5,3.8,FALSE,0,86.8,100,transport_issue,2022-23,2827,751.1,356.89
05-12-2022,Dongri Buzurg,Maharashtra,387.26,376.31,10.95,2.8,6.4,0,FALSE,0,90.8,97.9,transport_issue,2022-23,2827,751.1,376.31
06-12-2022,Dongri Buzurg,Maharashtra,387.26,377.53,9.73,2.5,4.6,0,FALSE,0,97,99,transport_issue,2022-23,2827,751.1,377.53
07-12-2022,Dongri Buzurg,Maharashtra,387.26,373.24,14.02,3.6,2.3,0,FALSE,0,96.5,98.9,transport_issue,2022-23,2827,751.1,373.24
08-12-2022,Dongri Buzurg,Maharashtra,387.26,386.82,0.44,0.1,2.3,0,FALSE,0,92.2,90.8,labour_shortage,2022-23,2827,751.1,386.82
09-12-2022,Dongri Buzurg,Maharashtra,387.26,377.73,9.53,2.5,5.8,0,FALSE,0,86.4,99.2,transport_issue,2022-23,2827,751.1,377.73
10-12-2022,Dongri Buzurg,Maharashtra,387.26,375.27,11.99,3.1,11,0,FALSE,0,89.6,96.6,transport_issue,2022-23,2827,751.1,375.27
11-12-2022,Dongri Buzurg,Maharashtra,387.26,384.4,2.86,0.7,2.6,0,FALSE,0,97.5,88.1,labour_shortage,2022-23,2827,751.1,384.4
12-12-2022,Dongri Buzurg,Maharashtra,387.26,325.55,61.71,15.9,2.3,7.5,FALSE,0,91.1,91.2,equipment_failure,2022-23,2827,751.1,325.55
13-12-2022,Dongri Buzurg,Maharashtra,387.26,386.98,0.28,0.1,8.4,0,FALSE,0,94.6,91.8,labour_shortage,2022-23,2827,751.1,386.98
14-12-2022,Dongri Buzurg,Maharashtra,387.26,388.86,-1.6,-0.4,3.9,0,FALSE,0,95.1,93.6,none,2022-23,2827,751.1,388.86
15-12-2022,Dongri Buzurg,Maharashtra,387.26,338.07,49.19,12.7,0.2,3.1,FALSE,0,82.5,80.8,labour_shortage,2022-23,2827,751.1,338.07
16-12-2022,Dongri Buzurg,Maharashtra,387.26,340.88,46.38,12,8.6,0,TRUE,5.9,85.8,96.5,transport_issue,2022-23,2827,751.1,340.88
17-12-2022,Dongri Buzurg,Maharashtra,387.26,385.95,1.31,0.3,0.7,0,FALSE,0,93.3,95.2,transport_issue,2022-23,2827,751.1,385.95
18-12-2022,Dongri Buzurg,Maharashtra,387.26,330.73,56.53,14.6,1.6,7.7,FALSE,0,95.7,100,equipment_failure,2022-23,2827,751.1,330.73
19-12-2022,Dongri Buzurg,Maharashtra,387.26,376.19,11.07,2.9,3.8,0,FALSE,0,95.2,95,labour_shortage,2022-23,2827,751.1,376.19
20-12-2022,Dongri Buzurg,Maharashtra,387.26,382.93,4.33,1.1,14.4,0,FALSE,0,96.2,93.5,labour_shortage,2022-23,2827,751.1,382.93
21-12-2022,Dongri Buzurg,Maharashtra,387.26,355.57,31.69,8.2,0.8,3.1,FALSE,0,90.5,92.5,transport_issue,2022-23,2827,751.1,355.57
22-12-2022,Dongri Buzurg,Maharashtra,387.26,390.93,-3.67,-0.9,0.6,0,FALSE,0,93.1,97.1,none,2022-23,2827,751.1,390.93
23-12-2022,Dongri Buzurg,Maharashtra,387.26,363.26,24,6.2,7.7,0,TRUE,4.8,93.9,94.7,blasting_delay,2022-23,2827,751.1,363.26
24-12-2022,Dongri Buzurg,Maharashtra,387.26,371.59,15.67,4,4,0,FALSE,0,88.6,98.8,transport_issue,2022-23,2827,751.1,371.59
25-12-2022,Dongri Buzurg,Maharashtra,387.26,378.41,8.85,2.3,10.6,0,FALSE,0,87.7,95.3,transport_issue,2022-23,2827,751.1,378.41
26-12-2022,Dongri Buzurg,Maharashtra,387.26,383.24,4.02,1,2.8,0,FALSE,0,84.8,99,transport_issue,2022-23,2827,751.1,383.24
27-12-2022,Dongri Buzurg,Maharashtra,387.26,333.57,53.69,13.9,2.3,7.7,FALSE,0,100,91.3,equipment_failure,2022-23,2827,751.1,333.57
28-12-2022,Dongri Buzurg,Maharashtra,387.26,372.18,15.08,3.9,2.9,0,FALSE,0,88.4,97.2,transport_issue,2022-23,2827,751.1,372.18
29-12-2022,Dongri Buzurg,Maharashtra,387.26,382.82,4.44,1.1,1.7,0,FALSE,0,88,97.8,transport_issue,2022-23,2827,751.1,382.82
30-12-2022,Dongri Buzurg,Maharashtra,387.26,368.13,19.13,4.9,1.4,0,TRUE,4.3,91.4,98.7,transport_issue,2022-23,2827,751.1,368.13
31-12-2022,Dongri Buzurg,Maharashtra,387.26,382.09,5.17,1.3,7.9,0,FALSE,0,100,97.7,labour_shortage,2022-23,2827,751.1,382.09
01-01-2023,Dongri Buzurg,Maharashtra,387.26,355.87,31.39,8.1,4.8,4.7,FALSE,0,93.5,94.7,equipment_failure,2022-23,2827,751.1,355.87
02-01-2023,Dongri Buzurg,Maharashtra,387.26,390.03,-2.77,-0.7,5.4,0,FALSE,0,100,95,none,2022-23,2827,751.1,390.03
03-01-2023,Dongri Buzurg,Maharashtra,387.26,379.45,7.81,2,3.4,0,FALSE,0,91.1,96.4,transport_issue,2022-23,2827,751.1,379.45
04-01-2023,Dongri Buzurg,Maharashtra,387.26,381.02,6.24,1.6,5.2,0,FALSE,0,82.9,93.6,transport_issue,2022-23,2827,751.1,381.02
05-01-2023,Dongri Buzurg,Maharashtra,387.26,385.63,1.63,0.4,11.8,0,FALSE,0,95.2,100,transport_issue,2022-23,2827,751.1,385.63
06-01-2023,Dongri Buzurg,Maharashtra,387.26,377.52,9.74,2.5,3.6,0,FALSE,0,90.9,95.7,transport_issue,2022-23,2827,751.1,377.52
07-01-2023,Dongri Buzurg,Maharashtra,387.26,385.24,2.02,0.5,3.3,0,FALSE,0,95.5,98.2,transport_issue,2022-23,2827,751.1,385.24
08-01-2023,Dongri Buzurg,Maharashtra,387.26,333.84,53.42,13.8,6.3,8,FALSE,0,87.7,95.1,equipment_failure,2022-23,2827,751.1,333.84
09-01-2023,Dongri Buzurg,Maharashtra,387.26,371.3,15.96,4.1,0.8,0,FALSE,0,84.7,98.5,transport_issue,2022-23,2827,751.1,371.3
10-01-2023,Dongri Buzurg,Maharashtra,387.26,375.79,11.47,3,13.1,0,FALSE,0,92.4,94.3,transport_issue,2022-23,2827,751.1,375.79
11-01-2023,Dongri Buzurg,Maharashtra,387.26,373.48,13.78,3.6,5,0,FALSE,0,100,87.6,labour_shortage,2022-23,2827,751.1,373.48
12-01-2023,Dongri Buzurg,Maharashtra,387.26,364.46,22.8,5.9,5.4,0,FALSE,0,85.2,96.8,transport_issue,2022-23,2827,751.1,364.46
13-01-2023,Dongri Buzurg,Maharashtra,387.26,384.53,2.73,0.7,5.4,0,FALSE,0,92.1,96.4,transport_issue,2022-23,2827,751.1,384.53
14-01-2023,Dongri Buzurg,Maharashtra,387.26,387.13,0.13,0,6.1,0,FALSE,0,94.7,95.8,transport_issue,2022-23,2827,751.1,387.13
15-01-2023,Dongri Buzurg,Maharashtra,387.26,373.79,13.47,3.5,3.2,0,FALSE,0,84,91.5,transport_issue,2022-23,2827,751.1,373.79
16-01-2023,Dongri Buzurg,Maharashtra,387.26,372.49,14.77,3.8,4.6,0,FALSE,0,93.9,94.6,transport_issue,2022-23,2827,751.1,372.49
17-01-2023,Dongri Buzurg,Maharashtra,387.26,386.17,1.09,0.3,6.3,0,FALSE,0,94.2,96.1,transport_issue,2022-23,2827,751.1,386.17
18-01-2023,Dongri Buzurg,Maharashtra,387.26,380.61,6.65,1.7,2.9,0,FALSE,0,96.1,99.1,transport_issue,2022-23,2827,751.1,380.61
19-01-2023,Dongri Buzurg,Maharashtra,387.26,363.34,23.92,6.2,0.3,0,FALSE,0,87.1,91.6,transport_issue,2022-23,2827,751.1,363.34
20-01-2023,Dongri Buzurg,Maharashtra,387.26,359.66,27.6,7.1,8.4,0,FALSE,0,81.4,93.1,transport_issue,2022-23,2827,751.1,359.66
21-01-2023,Dongri Buzurg,Maharashtra,387.26,376.02,11.24,2.9,6.8,0,FALSE,0,83,94.2,transport_issue,2022-23,2827,751.1,376.02
22-01-2023,Dongri Buzurg,Maharashtra,387.26,379.28,7.98,2.1,3.5,0,FALSE,0,89.3,96.1,transport_issue,2022-23,2827,751.1,379.28
23-01-2023,Dongri Buzurg,Maharashtra,387.26,374.2,13.06,3.4,1.8,0,FALSE,0,82.1,91.1,transport_issue,2022-23,2827,751.1,374.2
24-01-2023,Dongri Buzurg,Maharashtra,387.26,370.32,16.94,4.4,6.9,0,FALSE,0,97,94.2,labour_shortage,2022-23,2827,751.1,370.32
25-01-2023,Dongri Buzurg,Maharashtra,387.26,386.76,0.5,0.1,3.4,0,FALSE,0,90.6,97.7,transport_issue,2022-23,2827,751.1,386.76
26-01-2023,Dongri Buzurg,Maharashtra,387.26,373.36,13.9,3.6,3.3,0,FALSE,0,97.6,93.9,labour_shortage,2022-23,2827,751.1,373.36
27-01-2023,Dongri Buzurg,Maharashtra,387.26,387.44,-0.18,0,2.2,0,FALSE,0,94.9,95.9,none,2022-23,2827,751.1,387.44
28-01-2023,Dongri Buzurg,Maharashtra,387.26,388.82,-1.56,-0.4,2,0,FALSE,0,100,95.3,none,2022-23,2827,751.1,388.82
29-01-2023,Dongri Buzurg,Maharashtra,387.26,380.05,7.21,1.9,8.4,0,FALSE,0,97.9,92.4,labour_shortage,2022-23,2827,751.1,380.05
30-01-2023,Dongri Buzurg,Maharashtra,387.26,380.52,6.74,1.7,0.4,0,FALSE,0,94.9,91.5,labour_shortage,2022-23,2827,751.1,380.52
31-01-2023,Dongri Buzurg,Maharashtra,387.26,379.87,7.39,1.9,1.9,0,FALSE,0,94.7,98.4,transport_issue,2022-23,2827,751.1,379.87
01-02-2023,Dongri Buzurg,Maharashtra,387.26,386.22,1.04,0.3,5.5,0,FALSE,0,87.8,96.1,transport_issue,2022-23,2827,751.1,386.22
02-02-2023,Dongri Buzurg,Maharashtra,387.26,349.79,37.47,9.7,4.2,7.1,FALSE,0,97.7,100,equipment_failure,2022-23,2827,751.1,349.79
03-02-2023,Dongri Buzurg,Maharashtra,387.26,377.88,9.38,2.4,0.3,0,FALSE,0,96,99.8,transport_issue,2022-23,2827,751.1,377.88
04-02-2023,Dongri Buzurg,Maharashtra,387.26,379.7,7.56,2,4.4,0,FALSE,0,86,95.5,transport_issue,2022-23,2827,751.1,379.7
05-02-2023,Dongri Buzurg,Maharashtra,387.26,391.2,-3.94,-1,1.4,0,FALSE,0,100,99,none,2022-23,2827,751.1,391.2
06-02-2023,Dongri Buzurg,Maharashtra,387.26,387.05,0.21,0.1,6.1,0,FALSE,0,99.8,99.4,none,2022-23,2827,751.1,387.05
07-02-2023,Dongri Buzurg,Maharashtra,387.26,326.11,61.15,15.8,7.2,5.7,TRUE,4.6,97.8,97.9,equipment_failure,2022-23,2827,751.1,326.11
08-02-2023,Dongri Buzurg,Maharashtra,387.26,393.28,-6.02,-1.6,1,0,FALSE,0,97.9,96.3,none,2022-23,2827,751.1,393.28
09-02-2023,Dongri Buzurg,Maharashtra,387.26,369.56,17.7,4.6,1.7,0,FALSE,0,92.8,95.8,transport_issue,2022-23,2827,751.1,369.56
10-02-2023,Dongri Buzurg,Maharashtra,387.26,383.94,3.32,0.9,0.6,0,FALSE,0,86.1,100,transport_issue,2022-23,2827,751.1,383.94
11-02-2023,Dongri Buzurg,Maharashtra,387.26,371.79,15.47,4,2.1,0,FALSE,0,84.6,94,transport_issue,2022-23,2827,751.1,371.79
12-02-2023,Dongri Buzurg,Maharashtra,387.26,377.92,9.34,2.4,3.2,0,FALSE,0,100,98.6,none,2022-23,2827,751.1,377.92
13-02-2023,Dongri Buzurg,Maharashtra,387.26,375.09,12.17,3.1,4.1,0,FALSE,0,81.9,97.9,transport_issue,2022-23,2827,751.1,375.09
14-02-2023,Dongri Buzurg,Maharashtra,387.26,381.57,5.69,1.5,6.5,0,FALSE,0,89.9,97.9,transport_issue,2022-23,2827,751.1,381.57
15-02-2023,Dongri Buzurg,Maharashtra,387.26,372.12,15.14,3.9,0.2,0,FALSE,0,90.3,94.5,transport_issue,2022-23,2827,751.1,372.12
16-02-2023,Dongri Buzurg,Maharashtra,387.26,371.88,15.38,4,3.8,0,FALSE,0,91.6,96.8,transport_issue,2022-23,2827,751.1,371.88
17-02-2023,Dongri Buzurg,Maharashtra,387.26,365.67,21.59,5.6,7.3,0,TRUE,4,88.3,98.4,transport_issue,2022-23,2827,751.1,365.67
18-02-2023,Dongri Buzurg,Maharashtra,387.26,362.18,25.08,6.5,5.8,2.6,FALSE,0,97.4,99.8,equipment_failure,2022-23,2827,751.1,362.18
19-02-2023,Dongri Buzurg,Maharashtra,387.26,375.4,11.86,3.1,2.5,0,FALSE,0,94.4,97.2,transport_issue,2022-23,2827,751.1,375.4
20-02-2023,Dongri Buzurg,Maharashtra,387.26,378,9.26,2.4,0.9,0,FALSE,0,92.6,96.7,transport_issue,2022-23,2827,751.1,378
21-02-2023,Dongri Buzurg,Maharashtra,387.26,359.49,27.77,7.2,2.8,3.7,FALSE,0,89.1,92.3,transport_issue,2022-23,2827,751.1,359.49
22-02-2023,Dongri Buzurg,Maharashtra,387.26,381.38,5.88,1.5,0.9,0,FALSE,0,90.2,92.8,transport_issue,2022-23,2827,751.1,381.38
23-02-2023,Dongri Buzurg,Maharashtra,387.26,364.78,22.48,5.8,1,0,FALSE,0,87.6,91.4,transport_issue,2022-23,2827,751.1,364.78
24-02-2023,Dongri Buzurg,Maharashtra,387.26,386.71,0.55,0.1,1.8,0,FALSE,0,91.1,97.6,transport_issue,2022-23,2827,751.1,386.71
25-02-2023,Dongri Buzurg,Maharashtra,387.26,386.57,0.69,0.2,1.4,0,FALSE,0,96.1,94.4,labour_shortage,2022-23,2827,751.1,386.57
26-02-2023,Dongri Buzurg,Maharashtra,387.26,359.63,27.63,7.1,4.8,0,FALSE,0,83.1,89.3,transport_issue,2022-23,2827,751.1,359.63
27-02-2023,Dongri Buzurg,Maharashtra,387.26,383.62,3.64,0.9,4.3,0,FALSE,0,87.8,95.3,transport_issue,2022-23,2827,751.1,383.62
28-02-2023,Dongri Buzurg,Maharashtra,387.26,376.35,10.91,2.8,4.5,0,FALSE,0,86.8,95.2,transport_issue,2022-23,2827,751.1,376.35
01-03-2023,Dongri Buzurg,Maharashtra,387.26,380.45,6.81,1.8,10.4,0,FALSE,0,91.2,97.1,transport_issue,2022-23,2827,751.1,380.45
02-03-2023,Dongri Buzurg,Maharashtra,387.26,383.9,3.36,0.9,2.8,0,FALSE,0,87.8,94.9,transport_issue,2022-23,2827,751.1,383.9
03-03-2023,Dongri Buzurg,Maharashtra,387.26,367.89,19.37,5,2.4,0,FALSE,0,80.5,86.3,transport_issue,2022-23,2827,751.1,367.89
04-03-2023,Dongri Buzurg,Maharashtra,387.26,372.7,14.56,3.8,6,0,FALSE,0,87,97.7,transport_issue,2022-23,2827,751.1,372.7
05-03-2023,Dongri Buzurg,Maharashtra,387.26,390.44,-3.18,-0.8,6.2,0,FALSE,0,100,97.1,none,2022-23,2827,751.1,390.44
06-03-2023,Dongri Buzurg,Maharashtra,387.26,372.14,15.12,3.9,7.7,0,TRUE,2.8,96,93.9,labour_shortage,2022-23,2827,751.1,372.14
07-03-2023,Dongri Buzurg,Maharashtra,387.26,380.15,7.11,1.8,2,0,FALSE,0,84.1,95.8,transport_issue,2022-23,2827,751.1,380.15
08-03-2023,Dongri Buzurg,Maharashtra,387.26,371.31,15.95,4.1,6,0,FALSE,0,90.7,95.8,transport_issue,2022-23,2827,751.1,371.31
09-03-2023,Dongri Buzurg,Maharashtra,387.26,335.4,51.86,13.4,6.8,6.7,FALSE,0,77.1,99.5,transport_issue,2022-23,2827,751.1,335.4
10-03-2023,Dongri Buzurg,Maharashtra,387.26,391.01,-3.75,-1,3.4,0,FALSE,0,99.1,99,none,2022-23,2827,751.1,391.01
11-03-2023,Dongri Buzurg,Maharashtra,387.26,339.07,48.19,12.4,2,7.4,FALSE,0,99.8,97.4,equipment_failure,2022-23,2827,751.1,339.07
12-03-2023,Dongri Buzurg,Maharashtra,387.26,383.15,4.11,1.1,6,0,FALSE,0,96.3,94,labour_shortage,2022-23,2827,751.1,383.15
13-03-2023,Dongri Buzurg,Maharashtra,387.26,364.7,22.56,5.8,9.8,0,TRUE,4.1,91.6,92,transport_issue,2022-23,2827,751.1,364.7
14-03-2023,Dongri Buzurg,Maharashtra,387.26,366.96,20.3,5.2,2.2,0,FALSE,0,87.6,97.9,transport_issue,2022-23,2827,751.1,366.96
15-03-2023,Dongri Buzurg,Maharashtra,387.26,378.27,8.99,2.3,8.8,0,FALSE,0,97.7,98.7,transport_issue,2022-23,2827,751.1,378.27
16-03-2023,Dongri Buzurg,Maharashtra,387.26,379.57,7.69,2,3.3,0,FALSE,0,97.6,95,labour_shortage,2022-23,2827,751.1,379.57
17-03-2023,Dongri Buzurg,Maharashtra,387.26,358.6,28.66,7.4,0.4,0,FALSE,0,81,91.4,transport_issue,2022-23,2827,751.1,358.6
18-03-2023,Dongri Buzurg,Maharashtra,387.26,368.23,19.03,4.9,1.9,0,FALSE,0,87.8,95.6,transport_issue,2022-23,2827,751.1,368.23
19-03-2023,Dongri Buzurg,Maharashtra,387.26,382.05,5.21,1.3,1.7,0,FALSE,0,100,93.7,labour_shortage,2022-23,2827,751.1,382.05
20-03-2023,Dongri Buzurg,Maharashtra,387.26,381.29,5.97,1.5,5.2,0,FALSE,0,98.7,98.6,none,2022-23,2827,751.1,381.29
21-03-2023,Dongri Buzurg,Maharashtra,387.26,388.74,-1.48,-0.4,3.2,0,FALSE,0,94.3,91.5,none,2022-23,2827,751.1,388.74
22-03-2023,Dongri Buzurg,Maharashtra,387.26,382.49,4.77,1.2,3.1,0,FALSE,0,86.1,95.9,transport_issue,2022-23,2827,751.1,382.49
23-03-2023,Dongri Buzurg,Maharashtra,387.26,381.25,6.01,1.6,0.9,0,FALSE,0,95.6,92,labour_shortage,2022-23,2827,751.1,381.25
24-03-2023,Dongri Buzurg,Maharashtra,387.26,346.46,40.8,10.5,0.7,7.4,FALSE,0,93.6,94.6,equipment_failure,2022-23,2827,751.1,346.46
25-03-2023,Dongri Buzurg,Maharashtra,387.26,352.39,34.87,9,1.3,5.4,FALSE,0,91.8,98.3,equipment_failure,2022-23,2827,751.1,352.39
26-03-2023,Dongri Buzurg,Maharashtra,387.26,369.59,17.67,4.6,2.2,0,FALSE,0,90.4,95.9,transport_issue,2022-23,2827,751.1,369.59
27-03-2023,Dongri Buzurg,Maharashtra,387.26,387.5,-0.24,-0.1,3.2,0,FALSE,0,98.6,100,none,2022-23,2827,751.1,387.5
28-03-2023,Dongri Buzurg,Maharashtra,387.26,376.01,11.25,2.9,6.1,0,FALSE,0,83.1,97,transport_issue,2022-23,2827,751.1,376.01
29-03-2023,Dongri Buzurg,Maharashtra,387.26,392.14,-4.88,-1.3,2.2,0,FALSE,0,92.4,100,none,2022-23,2827,751.1,392.14
30-03-2023,Dongri Buzurg,Maharashtra,387.26,371.6,15.66,4,3.1,0,TRUE,3.9,95.2,95.7,blasting_delay,2022-23,2827,751.1,371.6
31-03-2023,Dongri Buzurg,Maharashtra,387.26,373.43,13.83,3.6,4,0,FALSE,0,80.9,99.4,transport_issue,2022-23,2827,751.1,373.43
01-04-2023,Balaghat,Madhya Pradesh,3197.3,2893.85,303.45,9.5,0.6,2,FALSE,0,89,88.9,labour_shortage,2023-24,3441.8,1040.4,2893.85
02-04-2023,Balaghat,Madhya Pradesh,3197.3,3062.96,134.34,4.2,4.4,0,FALSE,0,95.5,91.5,labour_shortage,2023-24,3441.8,1040.4,3062.96
03-04-2023,Balaghat,Madhya Pradesh,3197.3,3219.15,-21.85,-0.7,1.6,0,FALSE,0,92.5,98.2,none,2023-24,3441.8,1040.4,3219.15
04-04-2023,Balaghat,Madhya Pradesh,3197.3,3108.6,88.7,2.8,3.6,0,FALSE,0,82.4,94.7,transport_issue,2023-24,3441.8,1040.4,3108.6
05-04-2023,Balaghat,Madhya Pradesh,3197.3,3019.65,177.65,5.6,6.3,0,FALSE,0,86.4,93.9,transport_issue,2023-24,3441.8,1040.4,3019.65
06-04-2023,Balaghat,Madhya Pradesh,3197.3,3093.94,103.36,3.2,0.1,0,FALSE,0,82.6,95.4,transport_issue,2023-24,3441.8,1040.4,3093.94
07-04-2023,Balaghat,Madhya Pradesh,3197.3,3203.01,-5.71,-0.2,2,0,FALSE,0,98.2,95.6,none,2023-24,3441.8,1040.4,3203.01
08-04-2023,Balaghat,Madhya Pradesh,3197.3,2900.91,296.39,9.3,6,5.4,FALSE,0,91.2,92.1,equipment_failure,2023-24,3441.8,1040.4,2900.91
09-04-2023,Balaghat,Madhya Pradesh,3197.3,3174.22,23.08,0.7,3.7,0,FALSE,0,92.6,95,transport_issue,2023-24,3441.8,1040.4,3174.22
10-04-2023,Balaghat,Madhya Pradesh,3197.3,3128.69,68.61,2.1,6.4,0,FALSE,0,89.2,94.2,transport_issue,2023-24,3441.8,1040.4,3128.69
11-04-2023,Balaghat,Madhya Pradesh,3197.3,3184.67,12.63,0.4,4,0,FALSE,0,98.6,91.4,labour_shortage,2023-24,3441.8,1040.4,3184.67
12-04-2023,Balaghat,Madhya Pradesh,3197.3,3007.76,189.54,5.9,7.5,0,FALSE,0,88.5,92.7,transport_issue,2023-24,3441.8,1040.4,3007.76
13-04-2023,Balaghat,Madhya Pradesh,3197.3,3150.55,46.75,1.5,1.7,0,FALSE,0,100,95.3,labour_shortage,2023-24,3441.8,1040.4,3150.55
14-04-2023,Balaghat,Madhya Pradesh,3197.3,3279.51,-82.21,-2.6,6.9,0,FALSE,0,100,100,none,2023-24,3441.8,1040.4,3279.51
15-04-2023,Balaghat,Madhya Pradesh,3197.3,3176.77,20.53,0.6,1.4,0,FALSE,0,86.2,97.7,transport_issue,2023-24,3441.8,1040.4,3176.77
16-04-2023,Balaghat,Madhya Pradesh,3197.3,2897.14,300.16,9.4,5,6.3,FALSE,0,91.4,100,equipment_failure,2023-24,3441.8,1040.4,2897.14
17-04-2023,Balaghat,Madhya Pradesh,3197.3,3118.25,79.05,2.5,3.7,0,FALSE,0,93.6,97.3,transport_issue,2023-24,3441.8,1040.4,3118.25
18-04-2023,Balaghat,Madhya Pradesh,3197.3,3114.42,82.88,2.6,10.5,0,FALSE,0,92.2,89.8,labour_shortage,2023-24,3441.8,1040.4,3114.42
19-04-2023,Balaghat,Madhya Pradesh,3197.3,3076.05,121.25,3.8,4.8,0,FALSE,0,83.2,100,transport_issue,2023-24,3441.8,1040.4,3076.05
20-04-2023,Balaghat,Madhya Pradesh,3197.3,3052.88,144.42,4.5,1.9,0,FALSE,0,92.9,94.6,transport_issue,2023-24,3441.8,1040.4,3052.88
21-04-2023,Balaghat,Madhya Pradesh,3197.3,3155.74,41.56,1.3,1.7,0,FALSE,0,87.4,90.5,transport_issue,2023-24,3441.8,1040.4,3155.74
22-04-2023,Balaghat,Madhya Pradesh,3197.3,3192.59,4.71,0.1,8.5,0,FALSE,0,91.8,96.4,transport_issue,2023-24,3441.8,1040.4,3192.59
23-04-2023,Balaghat,Madhya Pradesh,3197.3,3033.33,163.97,5.1,1.4,0,FALSE,0,83.3,93,transport_issue,2023-24,3441.8,1040.4,3033.33
24-04-2023,Balaghat,Madhya Pradesh,3197.3,3147.11,50.19,1.6,2.6,0,FALSE,0,98.3,100,none,2023-24,3441.8,1040.4,3147.11
25-04-2023,Balaghat,Madhya Pradesh,3197.3,3097.54,99.76,3.1,1.4,0,FALSE,0,88.5,89.1,transport_issue,2023-24,3441.8,1040.4,3097.54
26-04-2023,Balaghat,Madhya Pradesh,3197.3,3204.29,-6.99,-0.2,1.5,0,FALSE,0,92.2,95,none,2023-24,3441.8,1040.4,3204.29
27-04-2023,Balaghat,Madhya Pradesh,3197.3,3099.74,97.56,3.1,1.5,0,FALSE,0,88.9,94.2,transport_issue,2023-24,3441.8,1040.4,3099.74
28-04-2023,Balaghat,Madhya Pradesh,3197.3,3155.3,42,1.3,3.2,0,FALSE,0,91.6,97.5,transport_issue,2023-24,3441.8,1040.4,3155.3
29-04-2023,Balaghat,Madhya Pradesh,3197.3,3088.46,108.84,3.4,3.3,0,FALSE,0,87,96.1,transport_issue,2023-24,3441.8,1040.4,3088.46
30-04-2023,Balaghat,Madhya Pradesh,3197.3,3070.35,126.95,4,0.3,0,FALSE,0,79.4,94.2,transport_issue,2023-24,3441.8,1040.4,3070.35
01-05-2023,Balaghat,Madhya Pradesh,3197.3,2831.66,365.64,11.4,2,5.8,FALSE,0,91.2,90.3,equipment_failure,2023-24,3441.8,1040.4,2831.66
02-05-2023,Balaghat,Madhya Pradesh,3197.3,3047.59,149.71,4.7,3,0,FALSE,0,94.9,94.4,labour_shortage,2023-24,3441.8,1040.4,3047.59
03-05-2023,Balaghat,Madhya Pradesh,3197.3,2804.97,392.33,12.3,1.2,6.6,FALSE,0,81.1,94.1,transport_issue,2023-24,3441.8,1040.4,2804.97
04-05-2023,Balaghat,Madhya Pradesh,3197.3,3100.68,96.62,3,2.9,0,FALSE,0,84.1,100,transport_issue,2023-24,3441.8,1040.4,3100.68
05-05-2023,Balaghat,Madhya Pradesh,3197.3,3170.68,26.62,0.8,2.2,0,FALSE,0,98.1,96.4,labour_shortage,2023-24,3441.8,1040.4,3170.68
06-05-2023,Balaghat,Madhya Pradesh,3197.3,3136.55,60.75,1.9,3.1,0,FALSE,0,100,88.2,labour_shortage,2023-24,3441.8,1040.4,3136.55
07-05-2023,Balaghat,Madhya Pradesh,3197.3,3025.32,171.98,5.4,2.1,0,FALSE,0,81.9,98.9,transport_issue,2023-24,3441.8,1040.4,3025.32
08-05-2023,Balaghat,Madhya Pradesh,3197.3,3189.46,7.84,0.2,1.8,0,FALSE,0,91.8,100,transport_issue,2023-24,3441.8,1040.4,3189.46
09-05-2023,Balaghat,Madhya Pradesh,3197.3,3202.16,-4.86,-0.2,3.2,0,FALSE,0,91.3,95.9,none,2023-24,3441.8,1040.4,3202.16
10-05-2023,Balaghat,Madhya Pradesh,3197.3,2978.48,218.82,6.8,2.6,0,FALSE,0,83.2,92.1,transport_issue,2023-24,3441.8,1040.4,2978.48
11-05-2023,Balaghat,Madhya Pradesh,3197.3,3094.81,102.49,3.2,1.3,0,FALSE,0,96.3,87.6,labour_shortage,2023-24,3441.8,1040.4,3094.81
12-05-2023,Balaghat,Madhya Pradesh,3197.3,2990.67,206.63,6.5,2.8,4.3,FALSE,0,88.2,97.9,transport_issue,2023-24,3441.8,1040.4,2990.67
13-05-2023,Balaghat,Madhya Pradesh,3197.3,3013.94,183.36,5.7,5.3,0,FALSE,0,86.3,90.7,transport_issue,2023-24,3441.8,1040.4,3013.94
14-05-2023,Balaghat,Madhya Pradesh,3197.3,2777.06,420.24,13.1,2.6,5.5,FALSE,0,90,92,equipment_failure,2023-24,3441.8,1040.4,2777.06
15-05-2023,Balaghat,Madhya Pradesh,3197.3,3038.3,159,5,3.4,0,TRUE,2.2,87.4,91.9,transport_issue,2023-24,3441.8,1040.4,3038.3
16-05-2023,Balaghat,Madhya Pradesh,3197.3,3163,34.3,1.1,2.6,0,FALSE,0,98.1,88.6,labour_shortage,2023-24,3441.8,1040.4,3163
17-05-2023,Balaghat,Madhya Pradesh,3197.3,3134.43,62.87,2,8,0,FALSE,0,100,97.3,labour_shortage,2023-24,3441.8,1040.4,3134.43
18-05-2023,Balaghat,Madhya Pradesh,3197.3,2896.52,300.78,9.4,4.8,4.7,FALSE,0,96.7,90,labour_shortage,2023-24,3441.8,1040.4,2896.52
19-05-2023,Balaghat,Madhya Pradesh,3197.3,3111.94,85.36,2.7,3.7,0,FALSE,0,88.3,87.4,labour_shortage,2023-24,3441.8,1040.4,3111.94
20-05-2023,Balaghat,Madhya Pradesh,3197.3,3102.8,94.5,3,0.8,0,FALSE,0,97.8,97.3,labour_shortage,2023-24,3441.8,1040.4,3102.8
21-05-2023,Balaghat,Madhya Pradesh,3197.3,3114.96,82.34,2.6,9.5,0,FALSE,0,100,95.2,labour_shortage,2023-24,3441.8,1040.4,3114.96
22-05-2023,Balaghat,Madhya Pradesh,3197.3,3199.28,-1.98,-0.1,2.9,0,FALSE,0,94.7,97,none,2023-24,3441.8,1040.4,3199.28
23-05-2023,Balaghat,Madhya Pradesh,3197.3,3085.2,112.1,3.5,4.3,0,FALSE,0,87.7,94.5,transport_issue,2023-24,3441.8,1040.4,3085.2
24-05-2023,Balaghat,Madhya Pradesh,3197.3,3055.74,141.56,4.4,3.2,0,FALSE,0,91.3,98.5,transport_issue,2023-24,3441.8,1040.4,3055.74
25-05-2023,Balaghat,Madhya Pradesh,3197.3,3209.6,-12.3,-0.4,2.9,0,FALSE,0,97.6,92.6,none,2023-24,3441.8,1040.4,3209.6
26-05-2023,Balaghat,Madhya Pradesh,3197.3,3013.59,183.71,5.7,6.4,0,FALSE,0,81.7,98.4,transport_issue,2023-24,3441.8,1040.4,3013.59
27-05-2023,Balaghat,Madhya Pradesh,3197.3,3081.19,116.11,3.6,8.1,0,FALSE,0,90.6,93.4,transport_issue,2023-24,3441.8,1040.4,3081.19
28-05-2023,Balaghat,Madhya Pradesh,3197.3,3180.09,17.21,0.5,4.4,0,FALSE,0,94.7,98.7,transport_issue,2023-24,3441.8,1040.4,3180.09
29-05-2023,Balaghat,Madhya Pradesh,3197.3,3101.78,95.52,3,7.2,0,FALSE,0,87,93.6,transport_issue,2023-24,3441.8,1040.4,3101.78
30-05-2023,Balaghat,Madhya Pradesh,3197.3,3158.11,39.19,1.2,7.3,0,FALSE,0,89.3,100,transport_issue,2023-24,3441.8,1040.4,3158.11
31-05-2023,Balaghat,Madhya Pradesh,3197.3,2693.71,503.59,15.8,0.7,7.6,FALSE,0,91,93.4,equipment_failure,2023-24,3441.8,1040.4,2693.71
01-06-2023,Balaghat,Madhya Pradesh,3197.3,2924.79,272.51,8.5,85.4,0,FALSE,0,98,93.6,heavy_rainfall,2023-24,3441.8,1040.4,2924.79
02-06-2023,Balaghat,Madhya Pradesh,3197.3,3024.86,172.44,5.4,12.5,0,FALSE,0,88,98.7,transport_issue,2023-24,3441.8,1040.4,3024.86
03-06-2023,Balaghat,Madhya Pradesh,3197.3,2907.06,290.24,9.1,46.6,0,FALSE,0,80.6,94,heavy_rainfall,2023-24,3441.8,1040.4,2907.06
04-06-2023,Balaghat,Madhya Pradesh,3197.3,2943.76,253.54,7.9,16.5,0,FALSE,0,72.4,92.3,transport_issue,2023-24,3441.8,1040.4,2943.76
05-06-2023,Balaghat,Madhya Pradesh,3197.3,3135.88,61.42,1.9,19.2,0,FALSE,0,81.3,97.3,transport_issue,2023-24,3441.8,1040.4,3135.88
06-06-2023,Balaghat,Madhya Pradesh,3197.3,3091.73,105.57,3.3,30.7,0,FALSE,0,96.8,95.2,labour_shortage,2023-24,3441.8,1040.4,3091.73
07-06-2023,Balaghat,Madhya Pradesh,3197.3,3084.37,112.93,3.5,15.5,0,FALSE,0,94.3,94.9,transport_issue,2023-24,3441.8,1040.4,3084.37
08-06-2023,Balaghat,Madhya Pradesh,3197.3,2947.7,249.6,7.8,52,0,FALSE,0,71.1,96.2,heavy_rainfall,2023-24,3441.8,1040.4,2947.7
09-06-2023,Balaghat,Madhya Pradesh,3197.3,2536.14,661.16,20.7,44.2,7.1,TRUE,2.7,78.6,98.3,transport_issue,2023-24,3441.8,1040.4,2536.14
10-06-2023,Balaghat,Madhya Pradesh,3197.3,2896.63,300.67,9.4,58.2,0,FALSE,0,76,92.4,heavy_rainfall,2023-24,3441.8,1040.4,2896.63
11-06-2023,Balaghat,Madhya Pradesh,3197.3,3034.26,163.04,5.1,3.1,0,FALSE,0,75.2,94.8,transport_issue,2023-24,3441.8,1040.4,3034.26
12-06-2023,Balaghat,Madhya Pradesh,3197.3,3039.95,157.35,4.9,32.2,0,FALSE,0,87.9,95.8,transport_issue,2023-24,3441.8,1040.4,3039.95
13-06-2023,Balaghat,Madhya Pradesh,3197.3,2997.72,199.58,6.2,37.3,0,FALSE,0,78.1,96.2,transport_issue,2023-24,3441.8,1040.4,2997.72
14-06-2023,Balaghat,Madhya Pradesh,3197.3,2742.23,455.07,14.2,47.9,3.2,FALSE,0,80.5,90.6,heavy_rainfall,2023-24,3441.8,1040.4,2742.23
15-06-2023,Balaghat,Madhya Pradesh,3197.3,3002.8,194.5,6.1,15,0,FALSE,0,83.3,86,transport_issue,2023-24,3441.8,1040.4,3002.8
16-06-2023,Balaghat,Madhya Pradesh,3197.3,2997.33,199.97,6.3,38,0,FALSE,0,79.1,91.5,transport_issue,2023-24,3441.8,1040.4,2997.33
17-06-2023,Balaghat,Madhya Pradesh,3197.3,3140.8,56.5,1.8,26.2,0,FALSE,0,85.9,98,transport_issue,2023-24,3441.8,1040.4,3140.8
18-06-2023,Balaghat,Madhya Pradesh,3197.3,3061.28,136.02,4.3,58,0,FALSE,0,82,97.8,heavy_rainfall,2023-24,3441.8,1040.4,3061.28
19-06-2023,Balaghat,Madhya Pradesh,3197.3,2979.81,217.49,6.8,24.1,0,FALSE,0,76.7,98.5,transport_issue,2023-24,3441.8,1040.4,2979.81
20-06-2023,Balaghat,Madhya Pradesh,3197.3,3025.8,171.5,5.4,12,0,FALSE,0,83.6,93.3,transport_issue,2023-24,3441.8,1040.4,3025.8
21-06-2023,Balaghat,Madhya Pradesh,3197.3,3164.01,33.29,1,11.5,0,FALSE,0,85.9,95.4,transport_issue,2023-24,3441.8,1040.4,3164.01
22-06-2023,Balaghat,Madhya Pradesh,3197.3,2894.75,302.55,9.5,70.6,0,FALSE,0,82.7,92.9,heavy_rainfall,2023-24,3441.8,1040.4,2894.75
23-06-2023,Balaghat,Madhya Pradesh,3197.3,3119.27,78.03,2.4,42.7,0,FALSE,0,85.6,94.1,heavy_rainfall,2023-24,3441.8,1040.4,3119.27
24-06-2023,Balaghat,Madhya Pradesh,3197.3,3037.34,159.96,5,4.8,0,FALSE,0,82.8,97.2,transport_issue,2023-24,3441.8,1040.4,3037.34
25-06-2023,Balaghat,Madhya Pradesh,3197.3,3101.13,96.17,3,60.6,0,FALSE,0,90.9,95.1,heavy_rainfall,2023-24,3441.8,1040.4,3101.13
26-06-2023,Balaghat,Madhya Pradesh,3197.3,2763.27,434.03,13.6,18.5,6.4,FALSE,0,85.1,88.4,transport_issue,2023-24,3441.8,1040.4,2763.27
27-06-2023,Balaghat,Madhya Pradesh,3197.3,2868.71,328.59,10.3,37.4,3.4,FALSE,0,90,100,heavy_rainfall,2023-24,3441.8,1040.4,2868.71
28-06-2023,Balaghat,Madhya Pradesh,3197.3,3096.07,101.23,3.2,13.2,0,FALSE,0,83.9,90.3,transport_issue,2023-24,3441.8,1040.4,3096.07
29-06-2023,Balaghat,Madhya Pradesh,3197.3,2609.19,588.11,18.4,45.1,8,FALSE,0,71.2,91.6,transport_issue,2023-24,3441.8,1040.4,2609.19
30-06-2023,Balaghat,Madhya Pradesh,3197.3,2773.78,423.52,13.2,26.8,5.1,FALSE,0,78.2,85.7,transport_issue,2023-24,3441.8,1040.4,2773.78
01-07-2023,Balaghat,Madhya Pradesh,3197.3,2856.24,341.06,10.7,28,4.1,FALSE,0,86.1,91.7,transport_issue,2023-24,3441.8,1040.4,2856.24
02-07-2023,Balaghat,Madhya Pradesh,3197.3,3155.38,41.92,1.3,23,0,FALSE,0,87.4,100,transport_issue,2023-24,3441.8,1040.4,3155.38
03-07-2023,Balaghat,Madhya Pradesh,3197.3,3131.67,65.63,2.1,11.9,0,FALSE,0,81.1,93.2,transport_issue,2023-24,3441.8,1040.4,3131.67
04-07-2023,Balaghat,Madhya Pradesh,3197.3,3028.31,168.99,5.3,33.2,0,FALSE,0,77.4,95.4,transport_issue,2023-24,3441.8,1040.4,3028.31
05-07-2023,Balaghat,Madhya Pradesh,3197.3,3034.45,162.85,5.1,51.2,0,FALSE,0,82.9,90.4,heavy_rainfall,2023-24,3441.8,1040.4,3034.45
06-07-2023,Balaghat,Madhya Pradesh,3197.3,3007.44,189.86,5.9,32.8,0,FALSE,0,81.8,99.6,transport_issue,2023-24,3441.8,1040.4,3007.44
07-07-2023,Balaghat,Madhya Pradesh,3197.3,2982.6,214.7,6.7,57.1,0,FALSE,0,88.8,93.3,heavy_rainfall,2023-24,3441.8,1040.4,2982.6
08-07-2023,Balaghat,Madhya Pradesh,3197.3,3051.91,145.39,4.5,17,0,FALSE,0,78.2,100,transport_issue,2023-24,3441.8,1040.4,3051.91
09-07-2023,Balaghat,Madhya Pradesh,3197.3,3078.12,119.18,3.7,6.2,0,FALSE,0,79.1,100,transport_issue,2023-24,3441.8,1040.4,3078.12
10-07-2023,Balaghat,Madhya Pradesh,3197.3,3057.85,139.45,4.4,11.5,0,FALSE,0,90.4,100,transport_issue,2023-24,3441.8,1040.4,3057.85
11-07-2023,Balaghat,Madhya Pradesh,3197.3,3022.93,174.37,5.5,3.4,0,FALSE,0,86.2,95.1,transport_issue,2023-24,3441.8,1040.4,3022.93
12-07-2023,Balaghat,Madhya Pradesh,3197.3,3073.57,123.73,3.9,28.3,0,FALSE,0,80.7,90.5,transport_issue,2023-24,3441.8,1040.4,3073.57
13-07-2023,Balaghat,Madhya Pradesh,3197.3,3022.6,174.7,5.5,7.9,0,FALSE,0,81.1,92.5,transport_issue,2023-24,3441.8,1040.4,3022.6
14-07-2023,Balaghat,Madhya Pradesh,3197.3,3039.37,157.93,4.9,28.1,0,FALSE,0,90,93.5,transport_issue,2023-24,3441.8,1040.4,3039.37
15-07-2023,Balaghat,Madhya Pradesh,3197.3,3260.28,-62.98,-2,27.2,0,FALSE,0,96.4,99.3,none,2023-24,3441.8,1040.4,3260.28
16-07-2023,Balaghat,Madhya Pradesh,3197.3,2814.69,382.61,12,38.2,5.2,FALSE,0,82.4,91.4,transport_issue,2023-24,3441.8,1040.4,2814.69
17-07-2023,Balaghat,Madhya Pradesh,3197.3,2825.99,371.31,11.6,76.2,0,FALSE,0,76.6,100,heavy_rainfall,2023-24,3441.8,1040.4,2825.99
18-07-2023,Balaghat,Madhya Pradesh,3197.3,3078.44,118.86,3.7,7,0,FALSE,0,80.3,90.5,transport_issue,2023-24,3441.8,1040.4,3078.44
19-07-2023,Balaghat,Madhya Pradesh,3197.3,3115,82.3,2.6,32,0,FALSE,0,85.8,97.4,transport_issue,2023-24,3441.8,1040.4,3115
20-07-2023,Balaghat,Madhya Pradesh,3197.3,3191.02,6.28,0.2,14.3,0,FALSE,0,90.4,100,transport_issue,2023-24,3441.8,1040.4,3191.02
21-07-2023,Balaghat,Madhya Pradesh,3197.3,2990.72,206.58,6.5,48.6,0,FALSE,0,77.5,97.1,heavy_rainfall,2023-24,3441.8,1040.4,2990.72
22-07-2023,Balaghat,Madhya Pradesh,3197.3,3053.79,143.51,4.5,10.4,0,FALSE,0,76.2,98.4,transport_issue,2023-24,3441.8,1040.4,3053.79
23-07-2023,Balaghat,Madhya Pradesh,3197.3,2974.93,222.37,7,56.4,0,FALSE,0,82.7,99.7,heavy_rainfall,2023-24,3441.8,1040.4,2974.93
24-07-2023,Balaghat,Madhya Pradesh,3197.3,2920.61,276.69,8.7,30.7,0,FALSE,0,73.3,96.7,transport_issue,2023-24,3441.8,1040.4,2920.61
25-07-2023,Balaghat,Madhya Pradesh,3197.3,3180.43,16.87,0.5,9.8,0,FALSE,0,86.5,97.5,transport_issue,2023-24,3441.8,1040.4,3180.43
26-07-2023,Balaghat,Madhya Pradesh,3197.3,2579.3,618,19.3,56.7,6.2,FALSE,0,80.2,92.9,heavy_rainfall,2023-24,3441.8,1040.4,2579.3
27-07-2023,Balaghat,Madhya Pradesh,3197.3,2991.67,205.63,6.4,21.6,2.4,FALSE,0,75.4,97,transport_issue,2023-24,3441.8,1040.4,2991.67
28-07-2023,Balaghat,Madhya Pradesh,3197.3,2903.52,293.78,9.2,36.4,3.5,FALSE,0,87.6,92.6,transport_issue,2023-24,3441.8,1040.4,2903.52
29-07-2023,Balaghat,Madhya Pradesh,3197.3,3127.95,69.35,2.2,14.2,0,FALSE,0,87.2,98.4,transport_issue,2023-24,3441.8,1040.4,3127.95
30-07-2023,Balaghat,Madhya Pradesh,3197.3,3006.92,190.38,6,41,0,FALSE,0,85.1,89.8,heavy_rainfall,2023-24,3441.8,1040.4,3006.92
31-07-2023,Balaghat,Madhya Pradesh,3197.3,2965.3,232,7.3,27.3,0,FALSE,0,74.7,94.5,transport_issue,2023-24,3441.8,1040.4,2965.3
01-08-2023,Balaghat,Madhya Pradesh,3197.3,3006.75,190.55,6,16,0,FALSE,0,80.4,100,transport_issue,2023-24,3441.8,1040.4,3006.75
02-08-2023,Balaghat,Madhya Pradesh,3197.3,3049.81,147.49,4.6,19.6,0,FALSE,0,78.4,93.2,transport_issue,2023-24,3441.8,1040.4,3049.81
03-08-2023,Balaghat,Madhya Pradesh,3197.3,3030.22,167.08,5.2,26.1,0,FALSE,0,73.2,99.8,transport_issue,2023-24,3441.8,1040.4,3030.22
04-08-2023,Balaghat,Madhya Pradesh,3197.3,2974.55,222.75,7,68.1,0,FALSE,0,76.8,98.6,heavy_rainfall,2023-24,3441.8,1040.4,2974.55
05-08-2023,Balaghat,Madhya Pradesh,3197.3,2736.56,460.74,14.4,19.4,6.3,FALSE,0,66.8,95.5,transport_issue,2023-24,3441.8,1040.4,2736.56
06-08-2023,Balaghat,Madhya Pradesh,3197.3,3103.37,93.93,2.9,13,0,FALSE,0,77,93.4,transport_issue,2023-24,3441.8,1040.4,3103.37
07-08-2023,Balaghat,Madhya Pradesh,3197.3,2987.32,209.98,6.6,38.8,0,FALSE,0,85.4,92.3,transport_issue,2023-24,3441.8,1040.4,2987.32
08-08-2023,Balaghat,Madhya Pradesh,3197.3,3091.55,105.75,3.3,26.7,0,FALSE,0,83.8,96.4,transport_issue,2023-24,3441.8,1040.4,3091.55
09-08-2023,Balaghat,Madhya Pradesh,3197.3,2993.08,204.22,6.4,31,0,FALSE,0,73,94.7,transport_issue,2023-24,3441.8,1040.4,2993.08
10-08-2023,Balaghat,Madhya Pradesh,3197.3,2807.8,389.5,12.2,53.2,3.3,TRUE,1.7,78.9,94.8,heavy_rainfall,2023-24,3441.8,1040.4,2807.8
11-08-2023,Balaghat,Madhya Pradesh,3197.3,3033.37,163.93,5.1,36.5,0,FALSE,0,94,91.1,heavy_rainfall,2023-24,3441.8,1040.4,3033.37
12-08-2023,Balaghat,Madhya Pradesh,3197.3,3129.9,67.4,2.1,14.3,0,FALSE,0,89.7,93.3,transport_issue,2023-24,3441.8,1040.4,3129.9
13-08-2023,Balaghat,Madhya Pradesh,3197.3,2923.82,273.48,8.6,59.8,0,FALSE,0,73.9,98.8,heavy_rainfall,2023-24,3441.8,1040.4,2923.82
14-08-2023,Balaghat,Madhya Pradesh,3197.3,2921.39,275.91,8.6,56.2,0,FALSE,0,80.4,98,heavy_rainfall,2023-24,3441.8,1040.4,2921.39
15-08-2023,Balaghat,Madhya Pradesh,3197.3,2754.14,443.16,13.9,34.1,4.8,FALSE,0,74.8,86.7,transport_issue,2023-24,3441.8,1040.4,2754.14
16-08-2023,Balaghat,Madhya Pradesh,3197.3,3155.31,41.99,1.3,19.7,0,FALSE,0,86.2,94.4,transport_issue,2023-24,3441.8,1040.4,3155.31
17-08-2023,Balaghat,Madhya Pradesh,3197.3,2962.65,234.65,7.3,15,0,TRUE,3.8,80.1,99.7,transport_issue,2023-24,3441.8,1040.4,2962.65
18-08-2023,Balaghat,Madhya Pradesh,3197.3,3057.02,140.28,4.4,27.6,0,FALSE,0,83.1,90.7,transport_issue,2023-24,3441.8,1040.4,3057.02
19-08-2023,Balaghat,Madhya Pradesh,3197.3,2945.26,252.04,7.9,24.7,0,FALSE,0,70.1,86.7,transport_issue,2023-24,3441.8,1040.4,2945.26
20-08-2023,Balaghat,Madhya Pradesh,3197.3,2989.23,208.07,6.5,39.6,0,FALSE,0,82.2,99.4,transport_issue,2023-24,3441.8,1040.4,2989.23
21-08-2023,Balaghat,Madhya Pradesh,3197.3,2688.39,508.91,15.9,78.7,0,TRUE,5.1,85.9,94,heavy_rainfall,2023-24,3441.8,1040.4,2688.39
22-08-2023,Balaghat,Madhya Pradesh,3197.3,2773.54,423.76,13.3,24.5,4.5,FALSE,0,77.8,91.9,transport_issue,2023-24,3441.8,1040.4,2773.54
23-08-2023,Balaghat,Madhya Pradesh,3197.3,3041.65,155.65,4.9,20.9,0,FALSE,0,79,92,transport_issue,2023-24,3441.8,1040.4,3041.65
24-08-2023,Balaghat,Madhya Pradesh,3197.3,2910.29,287.01,9,50.2,0,TRUE,2.3,79.5,93.3,heavy_rainfall,2023-24,3441.8,1040.4,2910.29
25-08-2023,Balaghat,Madhya Pradesh,3197.3,3085.15,112.15,3.5,17.9,0,FALSE,0,84,95.2,transport_issue,2023-24,3441.8,1040.4,3085.15
26-08-2023,Balaghat,Madhya Pradesh,3197.3,3112.11,85.19,2.7,23.5,0,FALSE,0,85.8,97.1,transport_issue,2023-24,3441.8,1040.4,3112.11
27-08-2023,Balaghat,Madhya Pradesh,3197.3,3073.7,123.6,3.9,0.5,0,FALSE,0,86.5,98.4,transport_issue,2023-24,3441.8,1040.4,3073.7
28-08-2023,Balaghat,Madhya Pradesh,3197.3,3042.49,154.81,4.8,12.6,0,FALSE,0,78.3,93.2,transport_issue,2023-24,3441.8,1040.4,3042.49
29-08-2023,Balaghat,Madhya Pradesh,3197.3,3147.32,49.98,1.6,41.3,0,FALSE,0,89.1,100,heavy_rainfall,2023-24,3441.8,1040.4,3147.32
30-08-2023,Balaghat,Madhya Pradesh,3197.3,3096.49,100.81,3.2,32.7,0,FALSE,0,79.2,100,transport_issue,2023-24,3441.8,1040.4,3096.49
31-08-2023,Balaghat,Madhya Pradesh,3197.3,2982.01,215.29,6.7,15.9,0,FALSE,0,72.1,96.7,transport_issue,2023-24,3441.8,1040.4,2982.01
01-09-2023,Balaghat,Madhya Pradesh,3197.3,3030.81,166.49,5.2,24.3,0,FALSE,0,81,94.2,transport_issue,2023-24,3441.8,1040.4,3030.81
02-09-2023,Balaghat,Madhya Pradesh,3197.3,2695.56,501.74,15.7,26.6,5.2,TRUE,3.5,80.8,95.1,transport_issue,2023-24,3441.8,1040.4,2695.56
03-09-2023,Balaghat,Madhya Pradesh,3197.3,3097.09,100.21,3.1,10,0,FALSE,0,84.2,92.9,transport_issue,2023-24,3441.8,1040.4,3097.09
04-09-2023,Balaghat,Madhya Pradesh,3197.3,2985.74,211.56,6.6,17,0,FALSE,0,82.7,91.3,transport_issue,2023-24,3441.8,1040.4,2985.74
05-09-2023,Balaghat,Madhya Pradesh,3197.3,2968.79,228.51,7.1,5.7,0,FALSE,0,77.8,90.2,transport_issue,2023-24,3441.8,1040.4,2968.79
06-09-2023,Balaghat,Madhya Pradesh,3197.3,2832.49,364.81,11.4,71.7,0,FALSE,0,78.1,95,heavy_rainfall,2023-24,3441.8,1040.4,2832.49
07-09-2023,Balaghat,Madhya Pradesh,3197.3,3122.67,74.63,2.3,20.7,0,FALSE,0,84.6,100,transport_issue,2023-24,3441.8,1040.4,3122.67
08-09-2023,Balaghat,Madhya Pradesh,3197.3,2876.79,320.51,10,74.1,0,FALSE,0,87.9,92.6,heavy_rainfall,2023-24,3441.8,1040.4,2876.79
09-09-2023,Balaghat,Madhya Pradesh,3197.3,3030.54,166.76,5.2,58.4,0,FALSE,0,78,100,heavy_rainfall,2023-24,3441.8,1040.4,3030.54
10-09-2023,Balaghat,Madhya Pradesh,3197.3,3060.97,136.33,4.3,25.5,0,FALSE,0,88.8,95.9,transport_issue,2023-24,3441.8,1040.4,3060.97
11-09-2023,Balaghat,Madhya Pradesh,3197.3,2766.23,431.07,13.5,66.5,5.5,FALSE,0,87.4,93.9,heavy_rainfall,2023-24,3441.8,1040.4,2766.23
12-09-2023,Balaghat,Madhya Pradesh,3197.3,3077.69,119.61,3.7,5.5,0,FALSE,0,86,87.6,transport_issue,2023-24,3441.8,1040.4,3077.69
13-09-2023,Balaghat,Madhya Pradesh,3197.3,3036.35,160.95,5,33.7,0,FALSE,0,79.3,95,transport_issue,2023-24,3441.8,1040.4,3036.35
14-09-2023,Balaghat,Madhya Pradesh,3197.3,3045.3,152,4.8,32.2,0,FALSE,0,84.8,98.7,transport_issue,2023-24,3441.8,1040.4,3045.3
15-09-2023,Balaghat,Madhya Pradesh,3197.3,3059.53,137.77,4.3,28.5,2,FALSE,0,98.7,98.9,equipment_failure,2023-24,3441.8,1040.4,3059.53
16-09-2023,Balaghat,Madhya Pradesh,3197.3,3066.18,131.12,4.1,41.3,0,FALSE,0,78.6,100,transport_issue,2023-24,3441.8,1040.4,3066.18
17-09-2023,Balaghat,Madhya Pradesh,3197.3,2990.89,206.41,6.5,40.2,0,FALSE,0,87,97.2,heavy_rainfall,2023-24,3441.8,1040.4,2990.89
18-09-2023,Balaghat,Madhya Pradesh,3197.3,2615.69,581.61,18.2,19.4,5.4,TRUE,4.6,81.1,93.7,transport_issue,2023-24,3441.8,1040.4,2615.69
19-09-2023,Balaghat,Madhya Pradesh,3197.3,2965.4,231.9,7.3,20.2,0,TRUE,5.8,91.5,97.7,blasting_delay,2023-24,3441.8,1040.4,2965.4
20-09-2023,Balaghat,Madhya Pradesh,3197.3,2950.7,246.6,7.7,30.9,0,FALSE,0,75.6,97.6,transport_issue,2023-24,3441.8,1040.4,2950.7
21-09-2023,Balaghat,Madhya Pradesh,3197.3,2589.06,608.24,19,45.6,8,FALSE,0,72.4,94.7,transport_issue,2023-24,3441.8,1040.4,2589.06
22-09-2023,Balaghat,Madhya Pradesh,3197.3,3039.26,158.04,4.9,29.2,0,FALSE,0,79.3,96.4,transport_issue,2023-24,3441.8,1040.4,3039.26
23-09-2023,Balaghat,Madhya Pradesh,3197.3,2880.9,316.4,9.9,24.5,5.3,FALSE,0,99.5,95.7,equipment_failure,2023-24,3441.8,1040.4,2880.9
24-09-2023,Balaghat,Madhya Pradesh,3197.3,2893.54,303.76,9.5,69.3,0,FALSE,0,84.1,97.6,heavy_rainfall,2023-24,3441.8,1040.4,2893.54
25-09-2023,Balaghat,Madhya Pradesh,3197.3,3132.84,64.46,2,33.3,0,FALSE,0,81.6,96,transport_issue,2023-24,3441.8,1040.4,3132.84
26-09-2023,Balaghat,Madhya Pradesh,3197.3,2969.95,227.35,7.1,14.6,0,FALSE,0,76.2,100,transport_issue,2023-24,3441.8,1040.4,2969.95
27-09-2023,Balaghat,Madhya Pradesh,3197.3,2946.68,250.62,7.8,42,0,FALSE,0,75.4,97.9,transport_issue,2023-24,3441.8,1040.4,2946.68
28-09-2023,Balaghat,Madhya Pradesh,3197.3,2843.06,354.24,11.1,5.9,0,TRUE,5.4,76.4,95.4,transport_issue,2023-24,3441.8,1040.4,2843.06
29-09-2023,Balaghat,Madhya Pradesh,3197.3,2780.83,416.47,13,132.3,0,FALSE,0,88,93,heavy_rainfall,2023-24,3441.8,1040.4,2780.83
30-09-2023,Balaghat,Madhya Pradesh,3197.3,3069.6,127.7,4,52.3,0,FALSE,0,80,99.8,heavy_rainfall,2023-24,3441.8,1040.4,3069.6
01-10-2023,Balaghat,Madhya Pradesh,3197.3,2939.26,258.04,8.1,1.5,2.4,FALSE,0,92,97.1,transport_issue,2023-24,3441.8,1040.4,2939.26
02-10-2023,Balaghat,Madhya Pradesh,3197.3,3000.19,197.11,6.2,1.8,0,FALSE,0,87.3,93,transport_issue,2023-24,3441.8,1040.4,3000.19
03-10-2023,Balaghat,Madhya Pradesh,3197.3,2743.81,453.49,14.2,3.9,7.3,FALSE,0,87.8,100,equipment_failure,2023-24,3441.8,1040.4,2743.81
04-10-2023,Balaghat,Madhya Pradesh,3197.3,3140.22,57.08,1.8,0.8,0,FALSE,0,79.3,98.8,transport_issue,2023-24,3441.8,1040.4,3140.22
05-10-2023,Balaghat,Madhya Pradesh,3197.3,3252.3,-55,-1.7,8.6,0,FALSE,0,97.2,97,none,2023-24,3441.8,1040.4,3252.3
06-10-2023,Balaghat,Madhya Pradesh,3197.3,3102.84,94.46,3,5.2,0,TRUE,3,100,99.8,blasting_delay,2023-24,3441.8,1040.4,3102.84
07-10-2023,Balaghat,Madhya Pradesh,3197.3,3016.98,180.32,5.6,0.9,0,FALSE,0,92.8,87.1,labour_shortage,2023-24,3441.8,1040.4,3016.98
08-10-2023,Balaghat,Madhya Pradesh,3197.3,3175.54,21.76,0.7,3,0,FALSE,0,87.6,98.2,transport_issue,2023-24,3441.8,1040.4,3175.54
09-10-2023,Balaghat,Madhya Pradesh,3197.3,3108.79,88.51,2.8,2.8,0,FALSE,0,95.4,92.8,labour_shortage,2023-24,3441.8,1040.4,3108.79
10-10-2023,Balaghat,Madhya Pradesh,3197.3,2774.25,423.05,13.2,7.9,6.5,FALSE,0,83.6,97.3,transport_issue,2023-24,3441.8,1040.4,2774.25
11-10-2023,Balaghat,Madhya Pradesh,3197.3,3057.93,139.37,4.4,4.5,0,FALSE,0,85,92.7,transport_issue,2023-24,3441.8,1040.4,3057.93
12-10-2023,Balaghat,Madhya Pradesh,3197.3,2983.74,213.56,6.7,3.3,0,FALSE,0,83.2,95.9,transport_issue,2023-24,3441.8,1040.4,2983.74
13-10-2023,Balaghat,Madhya Pradesh,3197.3,2798.31,398.99,12.5,6,5.5,FALSE,0,79.2,93.6,transport_issue,2023-24,3441.8,1040.4,2798.31
14-10-2023,Balaghat,Madhya Pradesh,3197.3,3224.1,-26.8,-0.8,0.2,0,FALSE,0,92.5,99.1,none,2023-24,3441.8,1040.4,3224.1
15-10-2023,Balaghat,Madhya Pradesh,3197.3,3169.35,27.95,0.9,3.5,0,FALSE,0,92.5,97.6,transport_issue,2023-24,3441.8,1040.4,3169.35
16-10-2023,Balaghat,Madhya Pradesh,3197.3,2920.37,276.93,8.7,5.2,5.7,FALSE,0,91.7,92.7,equipment_failure,2023-24,3441.8,1040.4,2920.37
17-10-2023,Balaghat,Madhya Pradesh,3197.3,3195.36,1.94,0.1,2,0,FALSE,0,96.6,95.3,labour_shortage,2023-24,3441.8,1040.4,3195.36
18-10-2023,Balaghat,Madhya Pradesh,3197.3,3183.9,13.4,0.4,4.1,0,FALSE,0,91.1,96.4,transport_issue,2023-24,3441.8,1040.4,3183.9
19-10-2023,Balaghat,Madhya Pradesh,3197.3,3128.35,68.95,2.2,2,0,TRUE,2.7,100,89.7,labour_shortage,2023-24,3441.8,1040.4,3128.35
20-10-2023,Balaghat,Madhya Pradesh,3197.3,3156.01,41.29,1.3,10.3,0,FALSE,0,90.5,97.2,transport_issue,2023-24,3441.8,1040.4,3156.01
21-10-2023,Balaghat,Madhya Pradesh,3197.3,2866.11,331.19,10.4,6.4,3.2,FALSE,0,80.5,93.6,transport_issue,2023-24,3441.8,1040.4,2866.11
22-10-2023,Balaghat,Madhya Pradesh,3197.3,3080.44,116.86,3.7,3.2,0,FALSE,0,83.5,96.6,transport_issue,2023-24,3441.8,1040.4,3080.44
23-10-2023,Balaghat,Madhya Pradesh,3197.3,3025.94,171.36,5.4,3.3,0,FALSE,0,90.3,92.5,transport_issue,2023-24,3441.8,1040.4,3025.94
24-10-2023,Balaghat,Madhya Pradesh,3197.3,3165.13,32.17,1,3.9,0,FALSE,0,97.7,92.6,labour_shortage,2023-24,3441.8,1040.4,3165.13
25-10-2023,Balaghat,Madhya Pradesh,3197.3,3114.26,83.04,2.6,3.3,0,FALSE,0,94.7,92.7,labour_shortage,2023-24,3441.8,1040.4,3114.26
26-10-2023,Balaghat,Madhya Pradesh,3197.3,3130.31,66.99,2.1,2.5,0,FALSE,0,90.2,91.1,transport_issue,2023-24,3441.8,1040.4,3130.31
27-10-2023,Balaghat,Madhya Pradesh,3197.3,3215.56,-18.26,-0.6,1.6,0,FALSE,0,90.9,97.9,none,2023-24,3441.8,1040.4,3215.56
28-10-2023,Balaghat,Madhya Pradesh,3197.3,3087.8,109.5,3.4,1.8,0,FALSE,0,98.3,97.4,labour_shortage,2023-24,3441.8,1040.4,3087.8
29-10-2023,Balaghat,Madhya Pradesh,3197.3,3111.87,85.43,2.7,5.4,0,FALSE,0,100,95.3,labour_shortage,2023-24,3441.8,1040.4,3111.87
30-10-2023,Balaghat,Madhya Pradesh,3197.3,3142.74,54.56,1.7,2.2,0,FALSE,0,100,89.8,labour_shortage,2023-24,3441.8,1040.4,3142.74
31-10-2023,Balaghat,Madhya Pradesh,3197.3,3086.45,110.85,3.5,3.1,0,FALSE,0,93.9,93.7,labour_shortage,2023-24,3441.8,1040.4,3086.45
01-11-2023,Balaghat,Madhya Pradesh,3197.3,2981.08,216.22,6.8,0.4,0,FALSE,0,88,88.6,transport_issue,2023-24,3441.8,1040.4,2981.08
02-11-2023,Balaghat,Madhya Pradesh,3197.3,3113.45,83.85,2.6,5.7,0,FALSE,0,87.8,92.5,transport_issue,2023-24,3441.8,1040.4,3113.45
03-11-2023,Balaghat,Madhya Pradesh,3197.3,3126.58,70.72,2.2,1.2,0,FALSE,0,87.8,97,transport_issue,2023-24,3441.8,1040.4,3126.58
04-11-2023,Balaghat,Madhya Pradesh,3197.3,3106.54,90.76,2.8,3,0,FALSE,0,98.5,95.6,labour_shortage,2023-24,3441.8,1040.4,3106.54
05-11-2023,Balaghat,Madhya Pradesh,3197.3,3040.31,156.99,4.9,5.8,0,FALSE,0,85.2,84.5,labour_shortage,2023-24,3441.8,1040.4,3040.31
06-11-2023,Balaghat,Madhya Pradesh,3197.3,2961.83,235.47,7.4,3,0,TRUE,4.7,92.4,83.5,labour_shortage,2023-24,3441.8,1040.4,2961.83
07-11-2023,Balaghat,Madhya Pradesh,3197.3,3190.77,6.53,0.2,1.8,0,FALSE,0,89.2,99.8,transport_issue,2023-24,3441.8,1040.4,3190.77
08-11-2023,Balaghat,Madhya Pradesh,3197.3,3129.71,67.59,2.1,1.5,0,FALSE,0,86,97.9,transport_issue,2023-24,3441.8,1040.4,3129.71
09-11-2023,Balaghat,Madhya Pradesh,3197.3,3008.68,188.62,5.9,4.3,0,FALSE,0,80.5,97.4,transport_issue,2023-24,3441.8,1040.4,3008.68
10-11-2023,Balaghat,Madhya Pradesh,3197.3,3139.51,57.79,1.8,11.8,0,FALSE,0,89.5,98.8,transport_issue,2023-24,3441.8,1040.4,3139.51
11-11-2023,Balaghat,Madhya Pradesh,3197.3,2978.79,218.51,6.8,4.4,0,TRUE,5.9,94.1,96.1,blasting_delay,2023-24,3441.8,1040.4,2978.79
12-11-2023,Balaghat,Madhya Pradesh,3197.3,3252.51,-55.21,-1.7,2.6,0,FALSE,0,98.1,100,none,2023-24,3441.8,1040.4,3252.51
13-11-2023,Balaghat,Madhya Pradesh,3197.3,3069.69,127.61,4,2.9,0,FALSE,0,84,88.9,transport_issue,2023-24,3441.8,1040.4,3069.69
14-11-2023,Balaghat,Madhya Pradesh,3197.3,2900.75,296.55,9.3,5.1,0,TRUE,4.5,91.4,91.3,blasting_delay,2023-24,3441.8,1040.4,2900.75
15-11-2023,Balaghat,Madhya Pradesh,3197.3,3044.27,153.03,4.8,8.3,0,TRUE,3.1,89.5,99.7,transport_issue,2023-24,3441.8,1040.4,3044.27
16-11-2023,Balaghat,Madhya Pradesh,3197.3,3088.92,108.38,3.4,2.4,0,FALSE,0,83.8,94.4,transport_issue,2023-24,3441.8,1040.4,3088.92
17-11-2023,Balaghat,Madhya Pradesh,3197.3,3056.44,140.86,4.4,2.3,0,FALSE,0,87.1,98.8,transport_issue,2023-24,3441.8,1040.4,3056.44
18-11-2023,Balaghat,Madhya Pradesh,3197.3,3037.15,160.15,5,1.6,0,FALSE,0,85.6,96.1,transport_issue,2023-24,3441.8,1040.4,3037.15
19-11-2023,Balaghat,Madhya Pradesh,3197.3,3155.67,41.63,1.3,3.1,0,FALSE,0,96.7,99.4,transport_issue,2023-24,3441.8,1040.4,3155.67
20-11-2023,Balaghat,Madhya Pradesh,3197.3,3088.47,108.83,3.4,0.7,0,FALSE,0,94.2,97.8,transport_issue,2023-24,3441.8,1040.4,3088.47
21-11-2023,Balaghat,Madhya Pradesh,3197.3,3159.38,37.92,1.2,5.9,0,FALSE,0,92.8,91.5,labour_shortage,2023-24,3441.8,1040.4,3159.38
22-11-2023,Balaghat,Madhya Pradesh,3197.3,3035.52,161.78,5.1,2.2,0,FALSE,0,94.4,93.3,labour_shortage,2023-24,3441.8,1040.4,3035.52
23-11-2023,Balaghat,Madhya Pradesh,3197.3,3022.04,175.26,5.5,5.9,0,FALSE,0,74.6,99.8,transport_issue,2023-24,3441.8,1040.4,3022.04
24-11-2023,Balaghat,Madhya Pradesh,3197.3,3090.84,106.46,3.3,2.3,2.4,FALSE,0,100,89.7,labour_shortage,2023-24,3441.8,1040.4,3090.84
25-11-2023,Balaghat,Madhya Pradesh,3197.3,3076.78,120.52,3.8,6.1,0,FALSE,0,95.4,88.5,labour_shortage,2023-24,3441.8,1040.4,3076.78
26-11-2023,Balaghat,Madhya Pradesh,3197.3,3073.37,123.93,3.9,0.4,0,FALSE,0,87.3,95.4,transport_issue,2023-24,3441.8,1040.4,3073.37
27-11-2023,Balaghat,Madhya Pradesh,3197.3,3073.11,124.19,3.9,4.8,0,FALSE,0,98.2,93.8,labour_shortage,2023-24,3441.8,1040.4,3073.11
28-11-2023,Balaghat,Madhya Pradesh,3197.3,3113.44,83.86,2.6,4.2,0,FALSE,0,90.7,91.7,transport_issue,2023-24,3441.8,1040.4,3113.44
29-11-2023,Balaghat,Madhya Pradesh,3197.3,3215.82,-18.52,-0.6,2.7,0,FALSE,0,100,96.3,none,2023-24,3441.8,1040.4,3215.82
30-11-2023,Balaghat,Madhya Pradesh,3197.3,3132.13,65.17,2,6.6,0,FALSE,0,100,96.3,labour_shortage,2023-24,3441.8,1040.4,3132.13
01-12-2023,Balaghat,Madhya Pradesh,3197.3,2953.48,243.82,7.6,9.2,2.7,FALSE,0,80.5,92.7,transport_issue,2023-24,3441.8,1040.4,2953.48
02-12-2023,Balaghat,Madhya Pradesh,3197.3,3097.31,99.99,3.1,8,0,FALSE,0,95.2,87.7,labour_shortage,2023-24,3441.8,1040.4,3097.31
03-12-2023,Balaghat,Madhya Pradesh,3197.3,2988.41,208.89,6.5,3.4,0,FALSE,0,88.1,90.7,transport_issue,2023-24,3441.8,1040.4,2988.41
04-12-2023,Balaghat,Madhya Pradesh,3197.3,3132.36,64.94,2,2.6,0,FALSE,0,88.9,94.7,transport_issue,2023-24,3441.8,1040.4,3132.36
05-12-2023,Balaghat,Madhya Pradesh,3197.3,3017.83,179.47,5.6,3.5,3.9,FALSE,0,96.8,94.3,equipment_failure,2023-24,3441.8,1040.4,3017.83
06-12-2023,Balaghat,Madhya Pradesh,3197.3,3099.88,97.42,3,4.1,0,FALSE,0,100,94.5,labour_shortage,2023-24,3441.8,1040.4,3099.88
07-12-2023,Balaghat,Madhya Pradesh,3197.3,3229.82,-32.52,-1,3.2,0,FALSE,0,100,96.7,none,2023-24,3441.8,1040.4,3229.82
08-12-2023,Balaghat,Madhya Pradesh,3197.3,3166.21,31.09,1,1.6,0,FALSE,0,85.4,100,transport_issue,2023-24,3441.8,1040.4,3166.21
09-12-2023,Balaghat,Madhya Pradesh,3197.3,3121.28,76.02,2.4,2.7,0,FALSE,0,94.3,93.2,labour_shortage,2023-24,3441.8,1040.4,3121.28
10-12-2023,Balaghat,Madhya Pradesh,3197.3,3225.26,-27.96,-0.9,5.4,0,FALSE,0,97.7,96.4,none,2023-24,3441.8,1040.4,3225.26
11-12-2023,Balaghat,Madhya Pradesh,3197.3,3101.29,96.01,3,3.4,0,FALSE,0,89.6,88.4,labour_shortage,2023-24,3441.8,1040.4,3101.29
12-12-2023,Balaghat,Madhya Pradesh,3197.3,3069.41,127.89,4,6.3,0,FALSE,0,92,100,transport_issue,2023-24,3441.8,1040.4,3069.41
13-12-2023,Balaghat,Madhya Pradesh,3197.3,3026.39,170.91,5.3,2.8,0,FALSE,0,86.6,95.2,transport_issue,2023-24,3441.8,1040.4,3026.39
14-12-2023,Balaghat,Madhya Pradesh,3197.3,3102.42,94.88,3,1.9,0,FALSE,0,90.2,94.6,transport_issue,2023-24,3441.8,1040.4,3102.42
15-12-2023,Balaghat,Madhya Pradesh,3197.3,3232.1,-34.8,-1.1,1,0,FALSE,0,100,94.7,none,2023-24,3441.8,1040.4,3232.1
16-12-2023,Balaghat,Madhya Pradesh,3197.3,3000.62,196.68,6.2,0.6,0,FALSE,0,89.8,89.9,transport_issue,2023-24,3441.8,1040.4,3000.62
17-12-2023,Balaghat,Madhya Pradesh,3197.3,2997.8,199.5,6.2,6.1,0,FALSE,0,81.3,95.1,transport_issue,2023-24,3441.8,1040.4,2997.8
18-12-2023,Balaghat,Madhya Pradesh,3197.3,2968.69,228.61,7.2,4.3,0,TRUE,5,100,85.7,labour_shortage,2023-24,3441.8,1040.4,2968.69
19-12-2023,Balaghat,Madhya Pradesh,3197.3,3027.33,169.97,5.3,5.5,0,FALSE,0,87.8,94,transport_issue,2023-24,3441.8,1040.4,3027.33
20-12-2023,Balaghat,Madhya Pradesh,3197.3,3160.88,36.42,1.1,2.4,0,FALSE,0,85.6,92.7,transport_issue,2023-24,3441.8,1040.4,3160.88
21-12-2023,Balaghat,Madhya Pradesh,3197.3,3125.02,72.28,2.3,2,0,FALSE,0,93.6,93.7,transport_issue,2023-24,3441.8,1040.4,3125.02
22-12-2023,Balaghat,Madhya Pradesh,3197.3,3239.36,-42.06,-1.3,0.8,0,FALSE,0,98.8,96.4,none,2023-24,3441.8,1040.4,3239.36
23-12-2023,Balaghat,Madhya Pradesh,3197.3,2951.27,246.03,7.7,1.3,4.1,FALSE,0,86.6,95.5,transport_issue,2023-24,3441.8,1040.4,2951.27
24-12-2023,Balaghat,Madhya Pradesh,3197.3,2902.5,294.8,9.2,3.7,0,TRUE,5.4,97.6,90.6,blasting_delay,2023-24,3441.8,1040.4,2902.5
25-12-2023,Balaghat,Madhya Pradesh,3197.3,3045.54,151.76,4.7,8.7,0,FALSE,0,89,99,transport_issue,2023-24,3441.8,1040.4,3045.54
26-12-2023,Balaghat,Madhya Pradesh,3197.3,3079.9,117.4,3.7,2.8,0,FALSE,0,96.6,98.5,transport_issue,2023-24,3441.8,1040.4,3079.9
27-12-2023,Balaghat,Madhya Pradesh,3197.3,3008.65,188.65,5.9,4.2,0,FALSE,0,85.6,98.4,transport_issue,2023-24,3441.8,1040.4,3008.65
28-12-2023,Balaghat,Madhya Pradesh,3197.3,3123.13,74.17,2.3,2.4,0,FALSE,0,94.3,85.8,labour_shortage,2023-24,3441.8,1040.4,3123.13
29-12-2023,Balaghat,Madhya Pradesh,3197.3,3190.62,6.68,0.2,3.2,0,FALSE,0,95.4,92.8,labour_shortage,2023-24,3441.8,1040.4,3190.62
30-12-2023,Balaghat,Madhya Pradesh,3197.3,3197.86,-0.56,0,2.6,0,FALSE,0,97.6,95.9,none,2023-24,3441.8,1040.4,3197.86
31-12-2023,Balaghat,Madhya Pradesh,3197.3,3170.36,26.94,0.8,2.5,0,FALSE,0,96.8,96.7,labour_shortage,2023-24,3441.8,1040.4,3170.36
01-01-2024,Balaghat,Madhya Pradesh,3197.3,2973.71,223.59,7,2,0,TRUE,4.2,83,95.9,transport_issue,2023-24,3441.8,1040.4,2973.71
02-01-2024,Balaghat,Madhya Pradesh,3197.3,3120.56,76.74,2.4,1.2,0,FALSE,0,86.3,92.3,transport_issue,2023-24,3441.8,1040.4,3120.56
03-01-2024,Balaghat,Madhya Pradesh,3197.3,3069.72,127.58,4,2.9,0,FALSE,0,96.1,95.2,labour_shortage,2023-24,3441.8,1040.4,3069.72
04-01-2024,Balaghat,Madhya Pradesh,3197.3,3131.5,65.8,2.1,9.3,0,FALSE,0,92.5,94.6,transport_issue,2023-24,3441.8,1040.4,3131.5
05-01-2024,Balaghat,Madhya Pradesh,3197.3,3214.13,-16.83,-0.5,0.6,0,FALSE,0,96.6,94.2,none,2023-24,3441.8,1040.4,3214.13
06-01-2024,Balaghat,Madhya Pradesh,3197.3,3191.99,5.31,0.2,2,0,FALSE,0,89.3,94.7,transport_issue,2023-24,3441.8,1040.4,3191.99
07-01-2024,Balaghat,Madhya Pradesh,3197.3,3118.08,79.22,2.5,0.7,0,FALSE,0,94.5,86.5,labour_shortage,2023-24,3441.8,1040.4,3118.08
08-01-2024,Balaghat,Madhya Pradesh,3197.3,3059.37,137.93,4.3,8.9,0,FALSE,0,96.3,90.8,labour_shortage,2023-24,3441.8,1040.4,3059.37
09-01-2024,Balaghat,Madhya Pradesh,3197.3,2830.72,366.58,11.5,1.2,5.2,FALSE,0,97.8,93.8,equipment_failure,2023-24,3441.8,1040.4,2830.72
10-01-2024,Balaghat,Madhya Pradesh,3197.3,3144.32,52.98,1.7,2.3,0,FALSE,0,86.8,95.7,transport_issue,2023-24,3441.8,1040.4,3144.32
11-01-2024,Balaghat,Madhya Pradesh,3197.3,3209.96,-12.66,-0.4,2.8,0,FALSE,0,94.9,90.3,none,2023-24,3441.8,1040.4,3209.96
12-01-2024,Balaghat,Madhya Pradesh,3197.3,2964.8,232.5,7.3,3.9,4.5,FALSE,0,97.5,93.7,equipment_failure,2023-24,3441.8,1040.4,2964.8
13-01-2024,Balaghat,Madhya Pradesh,3197.3,3099.29,98.01,3.1,2.8,0,FALSE,0,86.3,93.7,transport_issue,2023-24,3441.8,1040.4,3099.29
14-01-2024,Balaghat,Madhya Pradesh,3197.3,3238.06,-40.76,-1.3,3,0,FALSE,0,100,89.5,none,2023-24,3441.8,1040.4,3238.06
15-01-2024,Balaghat,Madhya Pradesh,3197.3,3183.57,13.73,0.4,0.4,0,FALSE,0,100,93.8,labour_shortage,2023-24,3441.8,1040.4,3183.57
16-01-2024,Balaghat,Madhya Pradesh,3197.3,3153.61,43.69,1.4,2.2,0,FALSE,0,85.9,96.8,transport_issue,2023-24,3441.8,1040.4,3153.61
17-01-2024,Balaghat,Madhya Pradesh,3197.3,2911.18,286.12,8.9,5.3,0,TRUE,5.7,92.5,94.4,blasting_delay,2023-24,3441.8,1040.4,2911.18
18-01-2024,Balaghat,Madhya Pradesh,3197.3,3227.52,-30.22,-0.9,3.1,0,FALSE,0,95.6,95,none,2023-24,3441.8,1040.4,3227.52
19-01-2024,Balaghat,Madhya Pradesh,3197.3,3157.27,40.03,1.3,3.6,0,FALSE,0,85.9,91.7,transport_issue,2023-24,3441.8,1040.4,3157.27
20-01-2024,Balaghat,Madhya Pradesh,3197.3,3119.27,78.03,2.4,1.3,0,FALSE,0,81,99.2,transport_issue,2023-24,3441.8,1040.4,3119.27
21-01-2024,Balaghat,Madhya Pradesh,3197.3,3072.76,124.54,3.9,5.9,0,FALSE,0,100,93.2,labour_shortage,2023-24,3441.8,1040.4,3072.76
22-01-2024,Balaghat,Madhya Pradesh,3197.3,3174.74,22.56,0.7,3,0,FALSE,0,88,95.3,transport_issue,2023-24,3441.8,1040.4,3174.74
23-01-2024,Balaghat,Madhya Pradesh,3197.3,3054.48,142.82,4.5,0.7,0,FALSE,0,90.1,88.4,labour_shortage,2023-24,3441.8,1040.4,3054.48
24-01-2024,Balaghat,Madhya Pradesh,3197.3,3069.47,127.83,4,4,0,FALSE,0,97.3,93.1,labour_shortage,2023-24,3441.8,1040.4,3069.47
25-01-2024,Balaghat,Madhya Pradesh,3197.3,3110.69,86.61,2.7,4.8,0,FALSE,0,96.9,90.5,labour_shortage,2023-24,3441.8,1040.4,3110.69
26-01-2024,Balaghat,Madhya Pradesh,3197.3,2997.86,199.44,6.2,5.1,0,TRUE,3.2,100,89.9,labour_shortage,2023-24,3441.8,1040.4,2997.86
27-01-2024,Balaghat,Madhya Pradesh,3197.3,3087.91,109.39,3.4,4.1,0,FALSE,0,88.6,86.6,labour_shortage,2023-24,3441.8,1040.4,3087.91
28-01-2024,Balaghat,Madhya Pradesh,3197.3,3168.08,29.22,0.9,4.6,0,FALSE,0,92.9,98.5,transport_issue,2023-24,3441.8,1040.4,3168.08
29-01-2024,Balaghat,Madhya Pradesh,3197.3,3070.69,126.61,4,4.1,0,FALSE,0,100,92.2,labour_shortage,2023-24,3441.8,1040.4,3070.69
30-01-2024,Balaghat,Madhya Pradesh,3197.3,3035.12,162.18,5.1,4.5,0,FALSE,0,93.1,92.8,labour_shortage,2023-24,3441.8,1040.4,3035.12
31-01-2024,Balaghat,Madhya Pradesh,3197.3,3237.74,-40.44,-1.3,4.2,0,FALSE,0,92.8,100,none,2023-24,3441.8,1040.4,3237.74
01-02-2024,Balaghat,Madhya Pradesh,3197.3,2929.36,267.94,8.4,11.7,3.4,FALSE,0,90.7,95,transport_issue,2023-24,3441.8,1040.4,2929.36
02-02-2024,Balaghat,Madhya Pradesh,3197.3,3250.56,-53.26,-1.7,7.4,0,FALSE,0,100,98.1,none,2023-24,3441.8,1040.4,3250.56
03-02-2024,Balaghat,Madhya Pradesh,3197.3,3082.56,114.74,3.6,3,0,FALSE,0,96.4,89.2,labour_shortage,2023-24,3441.8,1040.4,3082.56
04-02-2024,Balaghat,Madhya Pradesh,3197.3,3148.99,48.31,1.5,2.7,0,FALSE,0,99.5,97,labour_shortage,2023-24,3441.8,1040.4,3148.99
05-02-2024,Balaghat,Madhya Pradesh,3197.3,3046.62,150.68,4.7,7.4,0,FALSE,0,89.5,100,transport_issue,2023-24,3441.8,1040.4,3046.62
06-02-2024,Balaghat,Madhya Pradesh,3197.3,3051.6,145.7,4.6,5.6,0,FALSE,0,89,93.9,transport_issue,2023-24,3441.8,1040.4,3051.6
07-02-2024,Balaghat,Madhya Pradesh,3197.3,2979.47,217.83,6.8,2.6,3.3,FALSE,0,87.9,93.2,transport_issue,2023-24,3441.8,1040.4,2979.47
08-02-2024,Balaghat,Madhya Pradesh,3197.3,2858.27,339.03,10.6,2.2,5.3,FALSE,0,90.3,100,equipment_failure,2023-24,3441.8,1040.4,2858.27
09-02-2024,Balaghat,Madhya Pradesh,3197.3,3142.54,54.76,1.7,4.2,0,FALSE,0,91,93,transport_issue,2023-24,3441.8,1040.4,3142.54
10-02-2024,Balaghat,Madhya Pradesh,3197.3,3206.7,-9.4,-0.3,2.2,0,FALSE,0,100,96.7,none,2023-24,3441.8,1040.4,3206.7
11-02-2024,Balaghat,Madhya Pradesh,3197.3,3154.66,42.64,1.3,8.9,0,FALSE,0,95.7,97.6,transport_issue,2023-24,3441.8,1040.4,3154.66
12-02-2024,Balaghat,Madhya Pradesh,3197.3,3145.58,51.72,1.6,2.2,0,FALSE,0,92.4,94.8,transport_issue,2023-24,3441.8,1040.4,3145.58
13-02-2024,Balaghat,Madhya Pradesh,3197.3,3144.34,52.96,1.7,5.6,0,FALSE,0,93.1,100,transport_issue,2023-24,3441.8,1040.4,3144.34
14-02-2024,Balaghat,Madhya Pradesh,3197.3,3102.71,94.59,3,1.6,0,FALSE,0,90.4,100,transport_issue,2023-24,3441.8,1040.4,3102.71
15-02-2024,Balaghat,Madhya Pradesh,3197.3,3134.1,63.2,2,1.2,0,FALSE,0,83.7,100,transport_issue,2023-24,3441.8,1040.4,3134.1
16-02-2024,Balaghat,Madhya Pradesh,3197.3,3165.17,32.13,1,1.3,0,FALSE,0,88.9,95.7,transport_issue,2023-24,3441.8,1040.4,3165.17
17-02-2024,Balaghat,Madhya Pradesh,3197.3,2962.67,234.63,7.3,7.3,2.1,FALSE,0,93.3,98,transport_issue,2023-24,3441.8,1040.4,2962.67
18-02-2024,Balaghat,Madhya Pradesh,3197.3,3133.17,64.13,2,0.8,0,FALSE,0,89,94.6,transport_issue,2023-24,3441.8,1040.4,3133.17
19-02-2024,Balaghat,Madhya Pradesh,3197.3,3140.61,56.69,1.8,3.5,0,FALSE,0,93.3,86.8,labour_shortage,2023-24,3441.8,1040.4,3140.61
20-02-2024,Balaghat,Madhya Pradesh,3197.3,3074.25,123.05,3.8,7.8,0,FALSE,0,86.2,91.2,transport_issue,2023-24,3441.8,1040.4,3074.25
21-02-2024,Balaghat,Madhya Pradesh,3197.3,3100.69,96.61,3,4.4,0,FALSE,0,89.6,85.2,labour_shortage,2023-24,3441.8,1040.4,3100.69
22-02-2024,Balaghat,Madhya Pradesh,3197.3,3040.09,157.21,4.9,2,0,FALSE,0,88.6,85.5,labour_shortage,2023-24,3441.8,1040.4,3040.09
23-02-2024,Balaghat,Madhya Pradesh,3197.3,3129.92,67.38,2.1,5,0,FALSE,0,90.1,92.1,transport_issue,2023-24,3441.8,1040.4,3129.92
24-02-2024,Balaghat,Madhya Pradesh,3197.3,3114.4,82.9,2.6,6.6,0,FALSE,0,93.4,92.6,labour_shortage,2023-24,3441.8,1040.4,3114.4
25-02-2024,Balaghat,Madhya Pradesh,3197.3,3038.25,159.05,5,7.1,0,TRUE,2.4,90.9,91.8,transport_issue,2023-24,3441.8,1040.4,3038.25
26-02-2024,Balaghat,Madhya Pradesh,3197.3,3104.42,92.88,2.9,4.3,0,FALSE,0,81.9,98.1,transport_issue,2023-24,3441.8,1040.4,3104.42
27-02-2024,Balaghat,Madhya Pradesh,3197.3,3118.67,78.63,2.5,2.6,0,FALSE,0,93.9,87.7,labour_shortage,2023-24,3441.8,1040.4,3118.67
28-02-2024,Balaghat,Madhya Pradesh,3197.3,3114.43,82.87,2.6,1.5,0,FALSE,0,90.5,94.5,transport_issue,2023-24,3441.8,1040.4,3114.43
29-02-2024,Balaghat,Madhya Pradesh,3197.3,3061.54,135.76,4.2,4.3,0,FALSE,0,93.9,92.3,labour_shortage,2023-24,3441.8,1040.4,3061.54
01-03-2024,Balaghat,Madhya Pradesh,3197.3,2983.56,213.74,6.7,1.6,2.3,FALSE,0,79.9,99.7,transport_issue,2023-24,3441.8,1040.4,2983.56
02-03-2024,Balaghat,Madhya Pradesh,3197.3,3160.29,37.01,1.2,0.8,0,FALSE,0,84.9,98.9,transport_issue,2023-24,3441.8,1040.4,3160.29
03-03-2024,Balaghat,Madhya Pradesh,3197.3,2923.04,274.26,8.6,2.2,0,TRUE,2.6,84,94.1,transport_issue,2023-24,3441.8,1040.4,2923.04
04-03-2024,Balaghat,Madhya Pradesh,3197.3,2861.49,335.81,10.5,9,3.3,FALSE,0,89.3,87.1,labour_shortage,2023-24,3441.8,1040.4,2861.49
05-03-2024,Balaghat,Madhya Pradesh,3197.3,3179.55,17.75,0.6,4.7,0,FALSE,0,90.4,99.7,transport_issue,2023-24,3441.8,1040.4,3179.55
06-03-2024,Balaghat,Madhya Pradesh,3197.3,3096.97,100.33,3.1,1.2,0,FALSE,0,95.9,84.6,labour_shortage,2023-24,3441.8,1040.4,3096.97
07-03-2024,Balaghat,Madhya Pradesh,3197.3,3199.51,-2.21,-0.1,1.1,0,FALSE,0,96.1,100,none,2023-24,3441.8,1040.4,3199.51
08-03-2024,Balaghat,Madhya Pradesh,3197.3,3112.02,85.28,2.7,2.4,0,FALSE,0,92.4,95.2,transport_issue,2023-24,3441.8,1040.4,3112.02
09-03-2024,Balaghat,Madhya Pradesh,3197.3,3166.88,30.42,1,3.1,0,FALSE,0,99.1,96.7,labour_shortage,2023-24,3441.8,1040.4,3166.88
10-03-2024,Balaghat,Madhya Pradesh,3197.3,3183.56,13.74,0.4,4.1,0,FALSE,0,91.6,96.1,transport_issue,2023-24,3441.8,1040.4,3183.56
11-03-2024,Balaghat,Madhya Pradesh,3197.3,3138.25,59.05,1.8,6.4,0,FALSE,0,90.4,92.4,transport_issue,2023-24,3441.8,1040.4,3138.25
12-03-2024,Balaghat,Madhya Pradesh,3197.3,3021.12,176.18,5.5,1.2,3.2,FALSE,0,95.1,96.2,equipment_failure,2023-24,3441.8,1040.4,3021.12
13-03-2024,Balaghat,Madhya Pradesh,3197.3,3204.28,-6.98,-0.2,2.2,0,FALSE,0,91,95,none,2023-24,3441.8,1040.4,3204.28
14-03-2024,Balaghat,Madhya Pradesh,3197.3,3137.42,59.88,1.9,1,0,FALSE,0,87.2,99,transport_issue,2023-24,3441.8,1040.4,3137.42
15-03-2024,Balaghat,Madhya Pradesh,3197.3,3020.88,176.42,5.5,2.7,3.4,FALSE,0,92,98.3,transport_issue,2023-24,3441.8,1040.4,3020.88
16-03-2024,Balaghat,Madhya Pradesh,3197.3,3135.36,61.94,1.9,2.7,0,FALSE,0,89.6,100,transport_issue,2023-24,3441.8,1040.4,3135.36
17-03-2024,Balaghat,Madhya Pradesh,3197.3,3039.35,157.95,4.9,2.4,0,FALSE,0,86.2,100,transport_issue,2023-24,3441.8,1040.4,3039.35
18-03-2024,Balaghat,Madhya Pradesh,3197.3,3036.58,160.72,5,8.8,0,FALSE,0,87.7,89.1,transport_issue,2023-24,3441.8,1040.4,3036.58
19-03-2024,Balaghat,Madhya Pradesh,3197.3,3140.46,56.84,1.8,3.8,0,FALSE,0,86.8,96.6,transport_issue,2023-24,3441.8,1040.4,3140.46
20-03-2024,Balaghat,Madhya Pradesh,3197.3,3047.38,149.92,4.7,3.9,0,FALSE,0,92.4,93.6,transport_issue,2023-24,3441.8,1040.4,3047.38
21-03-2024,Balaghat,Madhya Pradesh,3197.3,3019.21,178.09,5.6,3.5,2.9,FALSE,0,91.8,92.6,transport_issue,2023-24,3441.8,1040.4,3019.21
22-03-2024,Balaghat,Madhya Pradesh,3197.3,3239.84,-42.54,-1.3,3.3,0,FALSE,0,100,99.5,none,2023-24,3441.8,1040.4,3239.84
23-03-2024,Balaghat,Madhya Pradesh,3197.3,3173.48,23.82,0.7,1.6,0,FALSE,0,91.1,95.6,transport_issue,2023-24,3441.8,1040.4,3173.48
24-03-2024,Balaghat,Madhya Pradesh,3197.3,3086.88,110.42,3.5,2.4,0,FALSE,0,91.7,91.1,labour_shortage,2023-24,3441.8,1040.4,3086.88
25-03-2024,Balaghat,Madhya Pradesh,3197.3,2783.7,413.6,12.9,5.1,6.9,FALSE,0,92.2,84.4,labour_shortage,2023-24,3441.8,1040.4,2783.7
26-03-2024,Balaghat,Madhya Pradesh,3197.3,3192.96,4.34,0.1,1.7,0,FALSE,0,96.9,94,labour_shortage,2023-24,3441.8,1040.4,3192.96
27-03-2024,Balaghat,Madhya Pradesh,3197.3,3201.64,-4.34,-0.1,9.2,0,FALSE,0,98.3,90.6,none,2023-24,3441.8,1040.4,3201.64
28-03-2024,Balaghat,Madhya Pradesh,3197.3,3153.18,44.12,1.4,3.1,0,FALSE,0,92.8,84.2,labour_shortage,2023-24,3441.8,1040.4,3153.18
29-03-2024,Balaghat,Madhya Pradesh,3197.3,2689.02,508.28,15.9,2.7,7.8,FALSE,0,85.5,96,equipment_failure,2023-24,3441.8,1040.4,2689.02
30-03-2024,Balaghat,Madhya Pradesh,3197.3,3079.53,117.77,3.7,8.6,0,TRUE,3.5,96.7,94.3,blasting_delay,2023-24,3441.8,1040.4,3079.53
31-03-2024,Balaghat,Madhya Pradesh,3197.3,3042.79,154.51,4.8,3.6,0,FALSE,0,90.8,91.7,transport_issue,2023-24,3441.8,1040.4,3042.79
01-04-2023,Gumgaon,Maharashtra,1692.69,1724.19,-31.5,-1.9,4.4,0,FALSE,0,96.1,100,none,2023-24,3441.8,1033,1724.19
02-04-2023,Gumgaon,Maharashtra,1692.69,1671.08,21.61,1.3,7.3,0,FALSE,0,90.6,100,transport_issue,2023-24,3441.8,1033,1671.08
03-04-2023,Gumgaon,Maharashtra,1692.69,1609.77,82.92,4.9,2.6,0,FALSE,0,88.9,93.8,transport_issue,2023-24,3441.8,1033,1609.77
04-04-2023,Gumgaon,Maharashtra,1692.69,1638.91,53.78,3.2,11.8,0,FALSE,0,95.1,96.3,transport_issue,2023-24,3441.8,1033,1638.91
05-04-2023,Gumgaon,Maharashtra,1692.69,1614.42,78.27,4.6,9.8,0,FALSE,0,98.4,90.6,labour_shortage,2023-24,3441.8,1033,1614.42
06-04-2023,Gumgaon,Maharashtra,1692.69,1369.87,322.82,19.1,3.3,7.8,TRUE,4.4,87.2,94.1,equipment_failure,2023-24,3441.8,1033,1369.87
07-04-2023,Gumgaon,Maharashtra,1692.69,1647.64,45.05,2.7,6.3,0,FALSE,0,84.4,100,transport_issue,2023-24,3441.8,1033,1647.64
08-04-2023,Gumgaon,Maharashtra,1692.69,1580.31,112.38,6.6,2.9,0,FALSE,0,82.4,93.5,transport_issue,2023-24,3441.8,1033,1580.31
09-04-2023,Gumgaon,Maharashtra,1692.69,1691.11,1.58,0.1,1.1,0,FALSE,0,96.1,100,transport_issue,2023-24,3441.8,1033,1691.11
10-04-2023,Gumgaon,Maharashtra,1692.69,1644.46,48.23,2.8,2,0,FALSE,0,88.5,96.6,transport_issue,2023-24,3441.8,1033,1644.46
11-04-2023,Gumgaon,Maharashtra,1692.69,1536.1,156.59,9.3,10.6,3.6,FALSE,0,86.6,83.7,labour_shortage,2023-24,3441.8,1033,1536.1
12-04-2023,Gumgaon,Maharashtra,1692.69,1569.55,123.14,7.3,7.1,4.8,FALSE,0,94.7,99.9,equipment_failure,2023-24,3441.8,1033,1569.55
13-04-2023,Gumgaon,Maharashtra,1692.69,1628.14,64.55,3.8,3.5,0,TRUE,3.3,94,95,blasting_delay,2023-24,3441.8,1033,1628.14
14-04-2023,Gumgaon,Maharashtra,1692.69,1528.36,164.33,9.7,9.9,2.6,FALSE,0,79.5,97.3,transport_issue,2023-24,3441.8,1033,1528.36
15-04-2023,Gumgaon,Maharashtra,1692.69,1700.88,-8.19,-0.5,1.3,0,FALSE,0,100,88.6,none,2023-24,3441.8,1033,1700.88
16-04-2023,Gumgaon,Maharashtra,1692.69,1667.77,24.92,1.5,12.5,0,FALSE,0,97.8,87,labour_shortage,2023-24,3441.8,1033,1667.77
17-04-2023,Gumgaon,Maharashtra,1692.69,1624.26,68.43,4,7.6,0,FALSE,0,84.7,99.3,transport_issue,2023-24,3441.8,1033,1624.26
18-04-2023,Gumgaon,Maharashtra,1692.69,1611.5,81.19,4.8,3.7,0,FALSE,0,92.4,92.8,transport_issue,2023-24,3441.8,1033,1611.5
19-04-2023,Gumgaon,Maharashtra,1692.69,1594.26,98.43,5.8,7.1,0,FALSE,0,84.4,95.6,transport_issue,2023-24,3441.8,1033,1594.26
20-04-2023,Gumgaon,Maharashtra,1692.69,1689.58,3.11,0.2,1.6,0,FALSE,0,94.8,92.8,labour_shortage,2023-24,3441.8,1033,1689.58
21-04-2023,Gumgaon,Maharashtra,1692.69,1473,219.69,13,3.3,4.9,TRUE,4.1,92.3,89.6,labour_shortage,2023-24,3441.8,1033,1473
22-04-2023,Gumgaon,Maharashtra,1692.69,1669.21,23.48,1.4,4.4,0,FALSE,0,91.1,94,transport_issue,2023-24,3441.8,1033,1669.21
23-04-2023,Gumgaon,Maharashtra,1692.69,1590.31,102.38,6,3.6,0,TRUE,1.6,81.1,100,transport_issue,2023-24,3441.8,1033,1590.31
24-04-2023,Gumgaon,Maharashtra,1692.69,1675.97,16.72,1,5.1,0,FALSE,0,88.2,92.9,transport_issue,2023-24,3441.8,1033,1675.97
25-04-2023,Gumgaon,Maharashtra,1692.69,1638.89,53.8,3.2,2.7,0,FALSE,0,95.4,90.6,labour_shortage,2023-24,3441.8,1033,1638.89
26-04-2023,Gumgaon,Maharashtra,1692.69,1649.57,43.12,2.5,5.2,0,FALSE,0,95,100,transport_issue,2023-24,3441.8,1033,1649.57
27-04-2023,Gumgaon,Maharashtra,1692.69,1707.85,-15.16,-0.9,5,0,FALSE,0,97.4,96.5,none,2023-24,3441.8,1033,1707.85
28-04-2023,Gumgaon,Maharashtra,1692.69,1653.76,38.93,2.3,1,0,FALSE,0,99.6,100,none,2023-24,3441.8,1033,1653.76
29-04-2023,Gumgaon,Maharashtra,1692.69,1610.5,82.19,4.9,5.1,0,FALSE,0,83.9,98.3,transport_issue,2023-24,3441.8,1033,1610.5
30-04-2023,Gumgaon,Maharashtra,1692.69,1475.33,217.36,12.8,13.9,5.8,TRUE,1.4,84.7,92.3,transport_issue,2023-24,3441.8,1033,1475.33
01-05-2023,Gumgaon,Maharashtra,1692.69,1687.45,5.24,0.3,2.2,0,FALSE,0,87.9,99.1,transport_issue,2023-24,3441.8,1033,1687.45
02-05-2023,Gumgaon,Maharashtra,1692.69,1489.64,203.05,12,2.6,5.9,FALSE,0,93.6,100,equipment_failure,2023-24,3441.8,1033,1489.64
03-05-2023,Gumgaon,Maharashtra,1692.69,1644.49,48.2,2.8,5.1,0,FALSE,0,96.2,90.5,labour_shortage,2023-24,3441.8,1033,1644.49
04-05-2023,Gumgaon,Maharashtra,1692.69,1604.16,88.53,5.2,3.4,0,FALSE,0,92.3,93.5,transport_issue,2023-24,3441.8,1033,1604.16
05-05-2023,Gumgaon,Maharashtra,1692.69,1601.65,91.04,5.4,4,0,FALSE,0,89,92.9,transport_issue,2023-24,3441.8,1033,1601.65
06-05-2023,Gumgaon,Maharashtra,1692.69,1647.92,44.77,2.6,1.9,0,FALSE,0,95.4,100,transport_issue,2023-24,3441.8,1033,1647.92
07-05-2023,Gumgaon,Maharashtra,1692.69,1605.4,87.29,5.2,5.4,0,FALSE,0,88.5,95.3,transport_issue,2023-24,3441.8,1033,1605.4
08-05-2023,Gumgaon,Maharashtra,1692.69,1636.67,56.02,3.3,4.6,0,FALSE,0,90.7,96.1,transport_issue,2023-24,3441.8,1033,1636.67
09-05-2023,Gumgaon,Maharashtra,1692.69,1626.72,65.97,3.9,1.8,0,FALSE,0,96,98.3,transport_issue,2023-24,3441.8,1033,1626.72
10-05-2023,Gumgaon,Maharashtra,1692.69,1624.15,68.54,4,2.5,0,FALSE,0,94.5,98.9,transport_issue,2023-24,3441.8,1033,1624.15
11-05-2023,Gumgaon,Maharashtra,1692.69,1644.09,48.6,2.9,5.5,0,FALSE,0,94.5,88.9,labour_shortage,2023-24,3441.8,1033,1644.09
12-05-2023,Gumgaon,Maharashtra,1692.69,1598.79,93.9,5.5,1.3,0,FALSE,0,92.5,87.2,labour_shortage,2023-24,3441.8,1033,1598.79
13-05-2023,Gumgaon,Maharashtra,1692.69,1716.48,-23.79,-1.4,4,0,FALSE,0,94.4,100,none,2023-24,3441.8,1033,1716.48
14-05-2023,Gumgaon,Maharashtra,1692.69,1682.14,10.55,0.6,2.6,0,FALSE,0,90.6,99.3,transport_issue,2023-24,3441.8,1033,1682.14
15-05-2023,Gumgaon,Maharashtra,1692.69,1533.3,159.39,9.4,1.4,2.6,FALSE,0,84.5,99.2,transport_issue,2023-24,3441.8,1033,1533.3
16-05-2023,Gumgaon,Maharashtra,1692.69,1601.1,91.59,5.4,4.2,0,FALSE,0,83.3,93.8,transport_issue,2023-24,3441.8,1033,1601.1
17-05-2023,Gumgaon,Maharashtra,1692.69,1582.33,110.36,6.5,3.8,0,TRUE,3,83.2,96,transport_issue,2023-24,3441.8,1033,1582.33
18-05-2023,Gumgaon,Maharashtra,1692.69,1597.97,94.72,5.6,3.8,0,FALSE,0,85.6,85.5,labour_shortage,2023-24,3441.8,1033,1597.97
19-05-2023,Gumgaon,Maharashtra,1692.69,1666.57,26.12,1.5,10.5,0,FALSE,0,90.1,94.2,transport_issue,2023-24,3441.8,1033,1666.57
20-05-2023,Gumgaon,Maharashtra,1692.69,1625.96,66.73,3.9,14.3,0,FALSE,0,85.3,97.7,transport_issue,2023-24,3441.8,1033,1625.96
21-05-2023,Gumgaon,Maharashtra,1692.69,1611.13,81.56,4.8,2.6,0,FALSE,0,92.5,95.2,transport_issue,2023-24,3441.8,1033,1611.13
22-05-2023,Gumgaon,Maharashtra,1692.69,1690.59,2.1,0.1,0.5,0,FALSE,0,94.7,96.4,transport_issue,2023-24,3441.8,1033,1690.59
23-05-2023,Gumgaon,Maharashtra,1692.69,1604.05,88.64,5.2,3.5,0,FALSE,0,85.7,94.6,transport_issue,2023-24,3441.8,1033,1604.05
24-05-2023,Gumgaon,Maharashtra,1692.69,1691.24,1.45,0.1,2.9,0,FALSE,0,99.5,97.9,labour_shortage,2023-24,3441.8,1033,1691.24
25-05-2023,Gumgaon,Maharashtra,1692.69,1513.12,179.57,10.6,3,7,FALSE,0,96.1,93.2,equipment_failure,2023-24,3441.8,1033,1513.12
26-05-2023,Gumgaon,Maharashtra,1692.69,1690.43,2.26,0.1,1.4,0,FALSE,0,93.1,97,transport_issue,2023-24,3441.8,1033,1690.43
27-05-2023,Gumgaon,Maharashtra,1692.69,1642.7,49.99,3,7.4,0,FALSE,0,93.8,93.5,labour_shortage,2023-24,3441.8,1033,1642.7
28-05-2023,Gumgaon,Maharashtra,1692.69,1732.54,-39.85,-2.4,11.7,0,FALSE,0,100,97.5,none,2023-24,3441.8,1033,1732.54
29-05-2023,Gumgaon,Maharashtra,1692.69,1670.22,22.47,1.3,5.9,0,FALSE,0,93.9,87.6,labour_shortage,2023-24,3441.8,1033,1670.22
30-05-2023,Gumgaon,Maharashtra,1692.69,1544.79,147.9,8.7,8.4,2.9,FALSE,0,84.5,99.2,transport_issue,2023-24,3441.8,1033,1544.79
31-05-2023,Gumgaon,Maharashtra,1692.69,1733.64,-40.95,-2.4,3.7,0,FALSE,0,100,98.2,none,2023-24,3441.8,1033,1733.64
01-06-2023,Gumgaon,Maharashtra,1692.69,1597.63,95.06,5.6,53.5,0,FALSE,0,78.1,95.5,heavy_rainfall,2023-24,3441.8,1033,1597.63
02-06-2023,Gumgaon,Maharashtra,1692.69,1400.5,292.19,17.3,26.5,7.4,FALSE,0,77.3,97.2,transport_issue,2023-24,3441.8,1033,1400.5
03-06-2023,Gumgaon,Maharashtra,1692.69,1640.36,52.33,3.1,22.4,0,FALSE,0,92.7,92.7,transport_issue,2023-24,3441.8,1033,1640.36
04-06-2023,Gumgaon,Maharashtra,1692.69,1637.37,55.32,3.3,27.8,0,FALSE,0,80.2,95.9,transport_issue,2023-24,3441.8,1033,1637.37
05-06-2023,Gumgaon,Maharashtra,1692.69,1637.31,55.38,3.3,11,0,FALSE,0,83.8,93.8,transport_issue,2023-24,3441.8,1033,1637.31
06-06-2023,Gumgaon,Maharashtra,1692.69,1538.18,154.51,9.1,29,0,FALSE,0,69.5,93.4,transport_issue,2023-24,3441.8,1033,1538.18
07-06-2023,Gumgaon,Maharashtra,1692.69,1537.88,154.81,9.1,23.9,0,FALSE,0,72.1,94.9,transport_issue,2023-24,3441.8,1033,1537.88
08-06-2023,Gumgaon,Maharashtra,1692.69,1629.84,62.85,3.7,20.9,0,FALSE,0,75.5,92.5,transport_issue,2023-24,3441.8,1033,1629.84
09-06-2023,Gumgaon,Maharashtra,1692.69,1621.04,71.65,4.2,16.9,0,FALSE,0,76.3,94.1,transport_issue,2023-24,3441.8,1033,1621.04
10-06-2023,Gumgaon,Maharashtra,1692.69,1633.3,59.39,3.5,4.6,0,FALSE,0,89.5,94.3,transport_issue,2023-24,3441.8,1033,1633.3
11-06-2023,Gumgaon,Maharashtra,1692.69,1587.81,104.88,6.2,17.7,0,FALSE,0,82.4,100,transport_issue,2023-24,3441.8,1033,1587.81
12-06-2023,Gumgaon,Maharashtra,1692.69,1604.94,87.75,5.2,48.7,0,FALSE,0,83.5,91.2,heavy_rainfall,2023-24,3441.8,1033,1604.94
13-06-2023,Gumgaon,Maharashtra,1692.69,1631.36,61.33,3.6,48.8,0,FALSE,0,83.7,91.8,heavy_rainfall,2023-24,3441.8,1033,1631.36
14-06-2023,Gumgaon,Maharashtra,1692.69,1410.41,282.28,16.7,37.5,7.4,FALSE,0,81.7,95.9,transport_issue,2023-24,3441.8,1033,1410.41
15-06-2023,Gumgaon,Maharashtra,1692.69,1601.07,91.62,5.4,38.5,0,FALSE,0,89.6,90.9,transport_issue,2023-24,3441.8,1033,1601.07
16-06-2023,Gumgaon,Maharashtra,1692.69,1407.59,285.1,16.8,61.4,5.2,FALSE,0,82,96.8,heavy_rainfall,2023-24,3441.8,1033,1407.59
17-06-2023,Gumgaon,Maharashtra,1692.69,1647.09,45.6,2.7,13.7,0,FALSE,0,87,94.9,transport_issue,2023-24,3441.8,1033,1647.09
18-06-2023,Gumgaon,Maharashtra,1692.69,1680.28,12.41,0.7,11.1,0,FALSE,0,89.5,100,transport_issue,2023-24,3441.8,1033,1680.28
19-06-2023,Gumgaon,Maharashtra,1692.69,1545.94,146.75,8.7,32.8,0,TRUE,1.3,74.6,100,transport_issue,2023-24,3441.8,1033,1545.94
20-06-2023,Gumgaon,Maharashtra,1692.69,1555.33,137.36,8.1,41.1,0,FALSE,0,82.3,93.9,transport_issue,2023-24,3441.8,1033,1555.33
21-06-2023,Gumgaon,Maharashtra,1692.69,1652.76,39.93,2.4,9.5,0,FALSE,0,88.6,93.4,transport_issue,2023-24,3441.8,1033,1652.76
22-06-2023,Gumgaon,Maharashtra,1692.69,1597.84,94.85,5.6,5,0,FALSE,0,82.3,88.8,transport_issue,2023-24,3441.8,1033,1597.84
23-06-2023,Gumgaon,Maharashtra,1692.69,1657.25,35.44,2.1,18.8,0,FALSE,0,80.8,94.8,transport_issue,2023-24,3441.8,1033,1657.25
24-06-2023,Gumgaon,Maharashtra,1692.69,1598.95,93.74,5.5,10.8,0,FALSE,0,71.9,98.4,transport_issue,2023-24,3441.8,1033,1598.95
25-06-2023,Gumgaon,Maharashtra,1692.69,1618.79,73.9,4.4,24.9,0,FALSE,0,82.7,93.1,transport_issue,2023-24,3441.8,1033,1618.79
26-06-2023,Gumgaon,Maharashtra,1692.69,1496.29,196.4,11.6,27.2,5.2,FALSE,0,91.1,100,equipment_failure,2023-24,3441.8,1033,1496.29
27-06-2023,Gumgaon,Maharashtra,1692.69,1528.18,164.51,9.7,61.7,0,TRUE,2.5,76.6,96.5,heavy_rainfall,2023-24,3441.8,1033,1528.18
28-06-2023,Gumgaon,Maharashtra,1692.69,1657.86,34.83,2.1,21.8,0,FALSE,0,79.2,95.7,transport_issue,2023-24,3441.8,1033,1657.86
29-06-2023,Gumgaon,Maharashtra,1692.69,1520.25,172.44,10.2,80.8,0,FALSE,0,81,94.5,heavy_rainfall,2023-24,3441.8,1033,1520.25
30-06-2023,Gumgaon,Maharashtra,1692.69,1623.28,69.41,4.1,35.6,0,FALSE,0,88.3,98.7,transport_issue,2023-24,3441.8,1033,1623.28
01-07-2023,Gumgaon,Maharashtra,1692.69,1631.88,60.81,3.6,18.8,0,FALSE,0,81.4,94.7,transport_issue,2023-24,3441.8,1033,1631.88
02-07-2023,Gumgaon,Maharashtra,1692.69,1439.71,252.98,14.9,9.3,5.5,TRUE,4.6,90.6,89.8,equipment_failure,2023-24,3441.8,1033,1439.71
03-07-2023,Gumgaon,Maharashtra,1692.69,1653.98,38.71,2.3,18.6,0,FALSE,0,89.4,97.1,transport_issue,2023-24,3441.8,1033,1653.98
04-07-2023,Gumgaon,Maharashtra,1692.69,1536.56,156.13,9.2,60.7,0,FALSE,0,84.2,91.9,heavy_rainfall,2023-24,3441.8,1033,1536.56
05-07-2023,Gumgaon,Maharashtra,1692.69,1560.74,131.95,7.8,11.6,0,FALSE,0,83.2,85.2,transport_issue,2023-24,3441.8,1033,1560.74
06-07-2023,Gumgaon,Maharashtra,1692.69,1553.2,139.49,8.2,60.2,0,FALSE,0,82.9,94.7,heavy_rainfall,2023-24,3441.8,1033,1553.2
07-07-2023,Gumgaon,Maharashtra,1692.69,1631.64,61.05,3.6,14.9,0,FALSE,0,80.6,96.3,transport_issue,2023-24,3441.8,1033,1631.64
08-07-2023,Gumgaon,Maharashtra,1692.69,1609.92,82.77,4.9,75.9,0,FALSE,0,89.7,94.5,heavy_rainfall,2023-24,3441.8,1033,1609.92
09-07-2023,Gumgaon,Maharashtra,1692.69,1534.49,158.2,9.3,34.2,4.3,FALSE,0,87.9,98.9,transport_issue,2023-24,3441.8,1033,1534.49
10-07-2023,Gumgaon,Maharashtra,1692.69,1604.02,88.67,5.2,16.6,0,FALSE,0,82.1,99.1,transport_issue,2023-24,3441.8,1033,1604.02
11-07-2023,Gumgaon,Maharashtra,1692.69,1600.33,92.36,5.5,49.4,0,FALSE,0,83.2,100,heavy_rainfall,2023-24,3441.8,1033,1600.33
12-07-2023,Gumgaon,Maharashtra,1692.69,1604.16,88.53,5.2,37.4,0,FALSE,0,74.1,90.1,transport_issue,2023-24,3441.8,1033,1604.16
13-07-2023,Gumgaon,Maharashtra,1692.69,1571.84,120.85,7.1,81,0,FALSE,0,76,97.8,heavy_rainfall,2023-24,3441.8,1033,1571.84
14-07-2023,Gumgaon,Maharashtra,1692.69,1536.81,155.88,9.2,32.5,3.2,FALSE,0,70.2,99.6,transport_issue,2023-24,3441.8,1033,1536.81
15-07-2023,Gumgaon,Maharashtra,1692.69,1447.21,245.48,14.5,9.2,8,FALSE,0,87.9,89.3,equipment_failure,2023-24,3441.8,1033,1447.21
16-07-2023,Gumgaon,Maharashtra,1692.69,1468.83,223.86,13.2,12.6,3.3,TRUE,2.2,82.4,97.1,transport_issue,2023-24,3441.8,1033,1468.83
17-07-2023,Gumgaon,Maharashtra,1692.69,1635.06,57.63,3.4,30.4,0,FALSE,0,86.8,97,transport_issue,2023-24,3441.8,1033,1635.06
18-07-2023,Gumgaon,Maharashtra,1692.69,1569.61,123.08,7.3,12,0,TRUE,2.4,88.3,100,transport_issue,2023-24,3441.8,1033,1569.61
19-07-2023,Gumgaon,Maharashtra,1692.69,1519.22,173.47,10.2,60.5,0,FALSE,0,77.8,93.3,heavy_rainfall,2023-24,3441.8,1033,1519.22
20-07-2023,Gumgaon,Maharashtra,1692.69,1617.44,75.25,4.4,22.8,0,FALSE,0,84.6,95.8,transport_issue,2023-24,3441.8,1033,1617.44
21-07-2023,Gumgaon,Maharashtra,1692.69,1548.19,144.5,8.5,28.6,0,FALSE,0,78,89.3,transport_issue,2023-24,3441.8,1033,1548.19
22-07-2023,Gumgaon,Maharashtra,1692.69,1576.12,116.57,6.9,74.6,0,FALSE,0,81.1,90.3,heavy_rainfall,2023-24,3441.8,1033,1576.12
23-07-2023,Gumgaon,Maharashtra,1692.69,1620.07,72.62,4.3,16.5,0,FALSE,0,79.8,92.9,transport_issue,2023-24,3441.8,1033,1620.07
24-07-2023,Gumgaon,Maharashtra,1692.69,1591.64,101.05,6,15,0,FALSE,0,78.4,93.8,transport_issue,2023-24,3441.8,1033,1591.64
25-07-2023,Gumgaon,Maharashtra,1692.69,1578.04,114.65,6.8,8.3,0,FALSE,0,81,97.7,transport_issue,2023-24,3441.8,1033,1578.04
26-07-2023,Gumgaon,Maharashtra,1692.69,1603.93,88.76,5.2,9.8,0,FALSE,0,88.2,88.1,labour_shortage,2023-24,3441.8,1033,1603.93
27-07-2023,Gumgaon,Maharashtra,1692.69,1579.35,113.34,6.7,45.5,2.2,FALSE,0,84.7,94.8,heavy_rainfall,2023-24,3441.8,1033,1579.35
28-07-2023,Gumgaon,Maharashtra,1692.69,1605.88,86.81,5.1,36.9,0,FALSE,0,77.2,95.3,transport_issue,2023-24,3441.8,1033,1605.88
29-07-2023,Gumgaon,Maharashtra,1692.69,1661.67,31.02,1.8,20.6,0,FALSE,0,95.8,97.2,transport_issue,2023-24,3441.8,1033,1661.67
30-07-2023,Gumgaon,Maharashtra,1692.69,1555.44,137.25,8.1,46.4,0,TRUE,2.8,78.4,92.5,transport_issue,2023-24,3441.8,1033,1555.44
31-07-2023,Gumgaon,Maharashtra,1692.69,1553.06,139.63,8.2,12.2,0,FALSE,0,69.2,100,transport_issue,2023-24,3441.8,1033,1553.06
01-08-2023,Gumgaon,Maharashtra,1692.69,1674.61,18.08,1.1,28,0,FALSE,0,87.2,96,transport_issue,2023-24,3441.8,1033,1674.61
02-08-2023,Gumgaon,Maharashtra,1692.69,1654.35,38.34,2.3,20.4,0,FALSE,0,95.4,94.5,labour_shortage,2023-24,3441.8,1033,1654.35
03-08-2023,Gumgaon,Maharashtra,1692.69,1602.3,90.39,5.3,8.4,0,FALSE,0,78.1,96.1,transport_issue,2023-24,3441.8,1033,1602.3
04-08-2023,Gumgaon,Maharashtra,1692.69,1414.17,278.52,16.5,103.4,0,TRUE,5.1,76.9,95.6,heavy_rainfall,2023-24,3441.8,1033,1414.17
05-08-2023,Gumgaon,Maharashtra,1692.69,1508.98,183.71,10.9,59.5,0,TRUE,3.8,80.1,94.9,heavy_rainfall,2023-24,3441.8,1033,1508.98
06-08-2023,Gumgaon,Maharashtra,1692.69,1577.79,114.9,6.8,72.1,0,FALSE,0,83.9,96.2,heavy_rainfall,2023-24,3441.8,1033,1577.79
07-08-2023,Gumgaon,Maharashtra,1692.69,1593.21,99.48,5.9,36.4,0,FALSE,0,87.2,88.6,transport_issue,2023-24,3441.8,1033,1593.21
08-08-2023,Gumgaon,Maharashtra,1692.69,1664.83,27.86,1.6,11.2,0,FALSE,0,85.1,96.5,transport_issue,2023-24,3441.8,1033,1664.83
09-08-2023,Gumgaon,Maharashtra,1692.69,1519.16,173.53,10.3,70.1,0,FALSE,0,78.5,96.9,heavy_rainfall,2023-24,3441.8,1033,1519.16
10-08-2023,Gumgaon,Maharashtra,1692.69,1535.97,156.72,9.3,57.3,0,FALSE,0,79.4,94.2,heavy_rainfall,2023-24,3441.8,1033,1535.97
11-08-2023,Gumgaon,Maharashtra,1692.69,1426.58,266.11,15.7,21.2,6.3,TRUE,2.7,80,91.9,transport_issue,2023-24,3441.8,1033,1426.58
12-08-2023,Gumgaon,Maharashtra,1692.69,1636.31,56.38,3.3,33.2,0,FALSE,0,84.8,91.9,transport_issue,2023-24,3441.8,1033,1636.31
13-08-2023,Gumgaon,Maharashtra,1692.69,1677.98,14.71,0.9,18.7,0,FALSE,0,95.3,97.6,transport_issue,2023-24,3441.8,1033,1677.98
14-08-2023,Gumgaon,Maharashtra,1692.69,1535.18,157.51,9.3,49.3,0,FALSE,0,75.4,100,transport_issue,2023-24,3441.8,1033,1535.18
15-08-2023,Gumgaon,Maharashtra,1692.69,1448.78,243.91,14.4,12.2,5.1,FALSE,0,71.3,89.9,transport_issue,2023-24,3441.8,1033,1448.78
16-08-2023,Gumgaon,Maharashtra,1692.69,1548.24,144.45,8.5,26.1,0,FALSE,0,76.4,90.8,transport_issue,2023-24,3441.8,1033,1548.24
17-08-2023,Gumgaon,Maharashtra,1692.69,1547.25,145.44,8.6,16.4,0,TRUE,2.7,80.4,92.7,transport_issue,2023-24,3441.8,1033,1547.25
18-08-2023,Gumgaon,Maharashtra,1692.69,1648.89,43.8,2.6,19.5,0,FALSE,0,78.2,96.8,transport_issue,2023-24,3441.8,1033,1648.89
19-08-2023,Gumgaon,Maharashtra,1692.69,1612.9,79.79,4.7,18.6,0,FALSE,0,79.6,93,transport_issue,2023-24,3441.8,1033,1612.9
20-08-2023,Gumgaon,Maharashtra,1692.69,1573.45,119.24,7,57.9,0,FALSE,0,89.1,98.3,heavy_rainfall,2023-24,3441.8,1033,1573.45
21-08-2023,Gumgaon,Maharashtra,1692.69,1606.76,85.93,5.1,39.2,0,FALSE,0,76,87.7,transport_issue,2023-24,3441.8,1033,1606.76
22-08-2023,Gumgaon,Maharashtra,1692.69,1648.46,44.23,2.6,7.8,0,FALSE,0,79.4,98.2,transport_issue,2023-24,3441.8,1033,1648.46
23-08-2023,Gumgaon,Maharashtra,1692.69,1626.6,66.09,3.9,12.4,0,FALSE,0,87.1,91.3,transport_issue,2023-24,3441.8,1033,1626.6
24-08-2023,Gumgaon,Maharashtra,1692.69,1578.82,113.87,6.7,47.8,0,FALSE,0,85.9,92.3,heavy_rainfall,2023-24,3441.8,1033,1578.82
25-08-2023,Gumgaon,Maharashtra,1692.69,1625.18,67.51,4,5,0,FALSE,0,85.4,89.6,transport_issue,2023-24,3441.8,1033,1625.18
26-08-2023,Gumgaon,Maharashtra,1692.69,1682.32,10.37,0.6,22.7,0,FALSE,0,86.1,98.1,transport_issue,2023-24,3441.8,1033,1682.32
27-08-2023,Gumgaon,Maharashtra,1692.69,1610.97,81.72,4.8,37.6,0,FALSE,0,79,89.4,transport_issue,2023-24,3441.8,1033,1610.97
28-08-2023,Gumgaon,Maharashtra,1692.69,1602.08,90.61,5.4,66.7,0,FALSE,0,81,100,heavy_rainfall,2023-24,3441.8,1033,1602.08
29-08-2023,Gumgaon,Maharashtra,1692.69,1516.33,176.36,10.4,41.3,0,FALSE,0,71.4,92.6,transport_issue,2023-24,3441.8,1033,1516.33
30-08-2023,Gumgaon,Maharashtra,1692.69,1584.82,107.87,6.4,45.7,0,FALSE,0,75.9,100,transport_issue,2023-24,3441.8,1033,1584.82
31-08-2023,Gumgaon,Maharashtra,1692.69,1645.78,46.91,2.8,38.1,0,FALSE,0,81.2,96.9,transport_issue,2023-24,3441.8,1033,1645.78
01-09-2023,Gumgaon,Maharashtra,1692.69,1623.66,69.03,4.1,29.5,0,FALSE,0,78,87.2,transport_issue,2023-24,3441.8,1033,1623.66
02-09-2023,Gumgaon,Maharashtra,1692.69,1628.29,64.4,3.8,19.5,0,FALSE,0,68.7,97.7,transport_issue,2023-24,3441.8,1033,1628.29
03-09-2023,Gumgaon,Maharashtra,1692.69,1648.33,44.36,2.6,20.6,0,FALSE,0,91.5,89.7,labour_shortage,2023-24,3441.8,1033,1648.33
04-09-2023,Gumgaon,Maharashtra,1692.69,1561.47,131.22,7.8,40.7,0,FALSE,0,81.8,91.5,transport_issue,2023-24,3441.8,1033,1561.47
05-09-2023,Gumgaon,Maharashtra,1692.69,1641.49,51.2,3,15.1,0,FALSE,0,91.8,97.4,transport_issue,2023-24,3441.8,1033,1641.49
06-09-2023,Gumgaon,Maharashtra,1692.69,1487,205.69,12.2,55.5,0,TRUE,3.7,84.2,97.5,heavy_rainfall,2023-24,3441.8,1033,1487
07-09-2023,Gumgaon,Maharashtra,1692.69,1672.43,20.26,1.2,16,0,FALSE,0,86.2,93.1,transport_issue,2023-24,3441.8,1033,1672.43
08-09-2023,Gumgaon,Maharashtra,1692.69,1439.86,252.83,14.9,71.1,0,TRUE,5.9,82,97.5,heavy_rainfall,2023-24,3441.8,1033,1439.86
09-09-2023,Gumgaon,Maharashtra,1692.69,1583.23,109.46,6.5,7.6,0,FALSE,0,79.2,95.8,transport_issue,2023-24,3441.8,1033,1583.23
10-09-2023,Gumgaon,Maharashtra,1692.69,1584.99,107.7,6.4,28.1,0,FALSE,0,74.8,95.4,transport_issue,2023-24,3441.8,1033,1584.99
11-09-2023,Gumgaon,Maharashtra,1692.69,1540.48,152.21,9,8.8,0,FALSE,0,73.5,93,transport_issue,2023-24,3441.8,1033,1540.48
12-09-2023,Gumgaon,Maharashtra,1692.69,1545.8,146.89,8.7,17.3,4.4,FALSE,0,87.4,95.8,transport_issue,2023-24,3441.8,1033,1545.8
13-09-2023,Gumgaon,Maharashtra,1692.69,1549.44,143.25,8.5,34.8,0,FALSE,0,73.8,100,transport_issue,2023-24,3441.8,1033,1549.44
14-09-2023,Gumgaon,Maharashtra,1692.69,1601.81,90.88,5.4,20.4,0,FALSE,0,83.2,96.7,transport_issue,2023-24,3441.8,1033,1601.81
15-09-2023,Gumgaon,Maharashtra,1692.69,1616.94,75.75,4.5,8.4,0,FALSE,0,74.3,93.8,transport_issue,2023-24,3441.8,1033,1616.94
16-09-2023,Gumgaon,Maharashtra,1692.69,1583.69,109,6.4,18.1,0,FALSE,0,82.4,94.6,transport_issue,2023-24,3441.8,1033,1583.69
17-09-2023,Gumgaon,Maharashtra,1692.69,1461.66,231.03,13.6,77.1,0,TRUE,3.5,78.2,98.5,heavy_rainfall,2023-24,3441.8,1033,1461.66
18-09-2023,Gumgaon,Maharashtra,1692.69,1548.95,143.74,8.5,20.4,2.4,FALSE,0,83.4,98.7,transport_issue,2023-24,3441.8,1033,1548.95
19-09-2023,Gumgaon,Maharashtra,1692.69,1616.27,76.42,4.5,35.1,0,FALSE,0,79.5,89.7,transport_issue,2023-24,3441.8,1033,1616.27
20-09-2023,Gumgaon,Maharashtra,1692.69,1646.27,46.42,2.7,31.3,0,FALSE,0,96.5,95.2,labour_shortage,2023-24,3441.8,1033,1646.27
21-09-2023,Gumgaon,Maharashtra,1692.69,1554.74,137.95,8.1,11.5,0,FALSE,0,84.2,85.3,transport_issue,2023-24,3441.8,1033,1554.74
22-09-2023,Gumgaon,Maharashtra,1692.69,1636.41,56.28,3.3,14,0,FALSE,0,86.9,94.8,transport_issue,2023-24,3441.8,1033,1636.41
23-09-2023,Gumgaon,Maharashtra,1692.69,1597.72,94.97,5.6,24.7,0,FALSE,0,78.2,95.6,transport_issue,2023-24,3441.8,1033,1597.72
24-09-2023,Gumgaon,Maharashtra,1692.69,1597.52,95.17,5.6,9.8,0,FALSE,0,77.3,91.3,transport_issue,2023-24,3441.8,1033,1597.52
25-09-2023,Gumgaon,Maharashtra,1692.69,1654.75,37.94,2.2,14,0,FALSE,0,78.3,100,transport_issue,2023-24,3441.8,1033,1654.75
26-09-2023,Gumgaon,Maharashtra,1692.69,1355.02,337.67,19.9,21.4,11.6,FALSE,0,78,93.9,equipment_failure,2023-24,3441.8,1033,1355.02
27-09-2023,Gumgaon,Maharashtra,1692.69,1573.51,119.18,7,19.7,0,FALSE,0,69.4,95.6,transport_issue,2023-24,3441.8,1033,1573.51
28-09-2023,Gumgaon,Maharashtra,1692.69,1437.32,255.37,15.1,16.6,6.5,FALSE,0,76.3,87.6,transport_issue,2023-24,3441.8,1033,1437.32
29-09-2023,Gumgaon,Maharashtra,1692.69,1578.72,113.97,6.7,20.9,0,FALSE,0,85.2,90.4,transport_issue,2023-24,3441.8,1033,1578.72
30-09-2023,Gumgaon,Maharashtra,1692.69,1624.38,68.31,4,30.5,0,FALSE,0,96.2,94.5,labour_shortage,2023-24,3441.8,1033,1624.38
01-10-2023,Gumgaon,Maharashtra,1692.69,1673.44,19.25,1.1,1.8,0,FALSE,0,93.8,98.7,transport_issue,2023-24,3441.8,1033,1673.44
02-10-2023,Gumgaon,Maharashtra,1692.69,1700.39,-7.7,-0.5,6.5,0,FALSE,0,99.6,90.5,none,2023-24,3441.8,1033,1700.39
03-10-2023,Gumgaon,Maharashtra,1692.69,1584.97,107.72,6.4,1.2,2.2,FALSE,0,87.7,100,transport_issue,2023-24,3441.8,1033,1584.97
04-10-2023,Gumgaon,Maharashtra,1692.69,1674.15,18.54,1.1,9.9,0,FALSE,0,95.6,89.3,labour_shortage,2023-24,3441.8,1033,1674.15
05-10-2023,Gumgaon,Maharashtra,1692.69,1489.27,203.42,12,3.1,7.7,FALSE,0,93.7,91.5,equipment_failure,2023-24,3441.8,1033,1489.27
06-10-2023,Gumgaon,Maharashtra,1692.69,1688.97,3.72,0.2,2.5,0,FALSE,0,93.1,100,transport_issue,2023-24,3441.8,1033,1688.97
07-10-2023,Gumgaon,Maharashtra,1692.69,1584.88,107.81,6.4,1.6,0,FALSE,0,82.2,90.2,transport_issue,2023-24,3441.8,1033,1584.88
08-10-2023,Gumgaon,Maharashtra,1692.69,1644.89,47.8,2.8,9.8,0,FALSE,0,94.7,100,transport_issue,2023-24,3441.8,1033,1644.89
09-10-2023,Gumgaon,Maharashtra,1692.69,1721.59,-28.9,-1.7,2.3,0,FALSE,0,95,100,none,2023-24,3441.8,1033,1721.59
10-10-2023,Gumgaon,Maharashtra,1692.69,1633.38,59.31,3.5,7.6,0,FALSE,0,87.7,94.9,transport_issue,2023-24,3441.8,1033,1633.38
11-10-2023,Gumgaon,Maharashtra,1692.69,1685.16,7.53,0.4,1.4,0,FALSE,0,86.3,96.3,transport_issue,2023-24,3441.8,1033,1685.16
12-10-2023,Gumgaon,Maharashtra,1692.69,1626.98,65.71,3.9,3.5,0,FALSE,0,96,90.9,labour_shortage,2023-24,3441.8,1033,1626.98
13-10-2023,Gumgaon,Maharashtra,1692.69,1605.79,86.9,5.1,1.1,0,FALSE,0,87.9,95.7,transport_issue,2023-24,3441.8,1033,1605.79
14-10-2023,Gumgaon,Maharashtra,1692.69,1603.76,88.93,5.3,3.4,0,FALSE,0,88,88.1,transport_issue,2023-24,3441.8,1033,1603.76
15-10-2023,Gumgaon,Maharashtra,1692.69,1617.58,75.11,4.4,5.4,0,FALSE,0,88.5,93.7,transport_issue,2023-24,3441.8,1033,1617.58
16-10-2023,Gumgaon,Maharashtra,1692.69,1608.38,84.31,5,0.6,0,FALSE,0,83.6,89.9,transport_issue,2023-24,3441.8,1033,1608.38
17-10-2023,Gumgaon,Maharashtra,1692.69,1655.29,37.4,2.2,7.8,0,FALSE,0,96.4,93,labour_shortage,2023-24,3441.8,1033,1655.29
18-10-2023,Gumgaon,Maharashtra,1692.69,1603.05,89.64,5.3,1.8,0,FALSE,0,77.9,90.4,transport_issue,2023-24,3441.8,1033,1603.05
19-10-2023,Gumgaon,Maharashtra,1692.69,1660.91,31.78,1.9,4.5,0,FALSE,0,94.3,100,transport_issue,2023-24,3441.8,1033,1660.91
20-10-2023,Gumgaon,Maharashtra,1692.69,1634.07,58.62,3.5,3.2,0,FALSE,0,92.5,93.5,transport_issue,2023-24,3441.8,1033,1634.07
21-10-2023,Gumgaon,Maharashtra,1692.69,1657.67,35.02,2.1,0.5,0,FALSE,0,82.7,96.7,transport_issue,2023-24,3441.8,1033,1657.67
22-10-2023,Gumgaon,Maharashtra,1692.69,1628.1,64.59,3.8,3.2,0,FALSE,0,90.5,100,transport_issue,2023-24,3441.8,1033,1628.1
23-10-2023,Gumgaon,Maharashtra,1692.69,1664.21,28.48,1.7,12.4,0,FALSE,0,89,93.1,transport_issue,2023-24,3441.8,1033,1664.21
24-10-2023,Gumgaon,Maharashtra,1692.69,1647.09,45.6,2.7,1.7,0,FALSE,0,96.9,94.6,labour_shortage,2023-24,3441.8,1033,1647.09
25-10-2023,Gumgaon,Maharashtra,1692.69,1633.34,59.35,3.5,1.7,0,FALSE,0,93.9,100,transport_issue,2023-24,3441.8,1033,1633.34
26-10-2023,Gumgaon,Maharashtra,1692.69,1654.03,38.66,2.3,4.1,0,FALSE,0,91.9,100,transport_issue,2023-24,3441.8,1033,1654.03
27-10-2023,Gumgaon,Maharashtra,1692.69,1681.2,11.49,0.7,3,0,FALSE,0,94.9,95.6,transport_issue,2023-24,3441.8,1033,1681.2
28-10-2023,Gumgaon,Maharashtra,1692.69,1586.03,106.66,6.3,0.5,0,FALSE,0,83.6,95.8,transport_issue,2023-24,3441.8,1033,1586.03
29-10-2023,Gumgaon,Maharashtra,1692.69,1665.72,26.97,1.6,0.4,0,FALSE,0,93.9,95.1,transport_issue,2023-24,3441.8,1033,1665.72
30-10-2023,Gumgaon,Maharashtra,1692.69,1609.48,83.21,4.9,1.8,0,FALSE,0,89.4,94.3,transport_issue,2023-24,3441.8,1033,1609.48
31-10-2023,Gumgaon,Maharashtra,1692.69,1679.01,13.68,0.8,4.1,0,FALSE,0,98.5,93.7,labour_shortage,2023-24,3441.8,1033,1679.01
01-11-2023,Gumgaon,Maharashtra,1692.69,1656.8,35.89,2.1,2.6,0,FALSE,0,86.9,97.5,transport_issue,2023-24,3441.8,1033,1656.8
02-11-2023,Gumgaon,Maharashtra,1692.69,1678.57,14.12,0.8,4.3,0,FALSE,0,92.2,100,transport_issue,2023-24,3441.8,1033,1678.57
03-11-2023,Gumgaon,Maharashtra,1692.69,1660.39,32.3,1.9,1.8,0,FALSE,0,94.5,99.7,transport_issue,2023-24,3441.8,1033,1660.39
04-11-2023,Gumgaon,Maharashtra,1692.69,1667.88,24.81,1.5,1.2,0,FALSE,0,100,97,labour_shortage,2023-24,3441.8,1033,1667.88
05-11-2023,Gumgaon,Maharashtra,1692.69,1597.33,95.36,5.6,6,0,TRUE,4.5,93.7,96.3,blasting_delay,2023-24,3441.8,1033,1597.33
06-11-2023,Gumgaon,Maharashtra,1692.69,1675.35,17.34,1,6.3,0,FALSE,0,89.6,95.2,transport_issue,2023-24,3441.8,1033,1675.35
07-11-2023,Gumgaon,Maharashtra,1692.69,1625.73,66.96,4,2.2,2.5,FALSE,0,90.3,99.7,transport_issue,2023-24,3441.8,1033,1625.73
08-11-2023,Gumgaon,Maharashtra,1692.69,1733.22,-40.53,-2.4,0.6,0,FALSE,0,100,100,none,2023-24,3441.8,1033,1733.22
09-11-2023,Gumgaon,Maharashtra,1692.69,1658.1,34.59,2,6.4,0,FALSE,0,95,97.7,transport_issue,2023-24,3441.8,1033,1658.1
10-11-2023,Gumgaon,Maharashtra,1692.69,1686.97,5.72,0.3,6.4,0,FALSE,0,93.9,95.4,transport_issue,2023-24,3441.8,1033,1686.97
11-11-2023,Gumgaon,Maharashtra,1692.69,1694.29,-1.6,-0.1,7.6,0,FALSE,0,95.1,96,none,2023-24,3441.8,1033,1694.29
12-11-2023,Gumgaon,Maharashtra,1692.69,1646.8,45.89,2.7,5.1,0,FALSE,0,89,96.5,transport_issue,2023-24,3441.8,1033,1646.8
13-11-2023,Gumgaon,Maharashtra,1692.69,1610.56,82.13,4.9,4.6,0,FALSE,0,87.2,95.6,transport_issue,2023-24,3441.8,1033,1610.56
14-11-2023,Gumgaon,Maharashtra,1692.69,1563.36,129.33,7.6,1.7,0,TRUE,5.8,98.2,95.6,blasting_delay,2023-24,3441.8,1033,1563.36
15-11-2023,Gumgaon,Maharashtra,1692.69,1674.26,18.43,1.1,1,0,FALSE,0,100,95,labour_shortage,2023-24,3441.8,1033,1674.26
16-11-2023,Gumgaon,Maharashtra,1692.69,1684.71,7.98,0.5,2.2,0,FALSE,0,86.6,95.7,transport_issue,2023-24,3441.8,1033,1684.71
17-11-2023,Gumgaon,Maharashtra,1692.69,1567.38,125.31,7.4,1.8,0,TRUE,5.2,84.2,95.7,transport_issue,2023-24,3441.8,1033,1567.38
18-11-2023,Gumgaon,Maharashtra,1692.69,1681.13,11.56,0.7,5.6,0,FALSE,0,96.7,91.8,labour_shortage,2023-24,3441.8,1033,1681.13
19-11-2023,Gumgaon,Maharashtra,1692.69,1641.92,50.77,3,4.3,0,FALSE,0,81.7,92.7,transport_issue,2023-24,3441.8,1033,1641.92
20-11-2023,Gumgaon,Maharashtra,1692.69,1576.4,116.29,6.9,0.6,0,FALSE,0,74.7,93.5,transport_issue,2023-24,3441.8,1033,1576.4
21-11-2023,Gumgaon,Maharashtra,1692.69,1622.51,70.18,4.1,2.3,0,FALSE,0,80,98.8,transport_issue,2023-24,3441.8,1033,1622.51
22-11-2023,Gumgaon,Maharashtra,1692.69,1688.86,3.83,0.2,6,0,FALSE,0,93.6,87.8,labour_shortage,2023-24,3441.8,1033,1688.86
23-11-2023,Gumgaon,Maharashtra,1692.69,1566.76,125.93,7.4,4.9,0,FALSE,0,71.4,90.3,transport_issue,2023-24,3441.8,1033,1566.76
24-11-2023,Gumgaon,Maharashtra,1692.69,1662.21,30.48,1.8,2,0,FALSE,0,95.9,91.3,labour_shortage,2023-24,3441.8,1033,1662.21
25-11-2023,Gumgaon,Maharashtra,1692.69,1581.46,111.23,6.6,1.1,3.7,FALSE,0,96.2,93,equipment_failure,2023-24,3441.8,1033,1581.46
26-11-2023,Gumgaon,Maharashtra,1692.69,1595.34,97.35,5.8,4.7,0,FALSE,0,90,85.6,labour_shortage,2023-24,3441.8,1033,1595.34
27-11-2023,Gumgaon,Maharashtra,1692.69,1516.59,176.1,10.4,3.4,7.5,FALSE,0,98.1,100,equipment_failure,2023-24,3441.8,1033,1516.59
28-11-2023,Gumgaon,Maharashtra,1692.69,1582.57,110.12,6.5,1.1,4.8,FALSE,0,95.8,99.9,equipment_failure,2023-24,3441.8,1033,1582.57
29-11-2023,Gumgaon,Maharashtra,1692.69,1595.72,96.97,5.7,2,0,FALSE,0,87.7,96.8,transport_issue,2023-24,3441.8,1033,1595.72
30-11-2023,Gumgaon,Maharashtra,1692.69,1678.5,14.19,0.8,4.3,0,FALSE,0,94,86.4,labour_shortage,2023-24,3441.8,1033,1678.5
01-12-2023,Gumgaon,Maharashtra,1692.69,1629.93,62.76,3.7,1.5,0,FALSE,0,96.6,95.5,labour_shortage,2023-24,3441.8,1033,1629.93
02-12-2023,Gumgaon,Maharashtra,1692.69,1593.18,99.51,5.9,5.5,0,FALSE,0,87.6,95.4,transport_issue,2023-24,3441.8,1033,1593.18
03-12-2023,Gumgaon,Maharashtra,1692.69,1700.39,-7.7,-0.5,8.3,0,FALSE,0,90.1,100,none,2023-24,3441.8,1033,1700.39
04-12-2023,Gumgaon,Maharashtra,1692.69,1645.96,46.73,2.8,0.9,0,FALSE,0,88.6,88.7,transport_issue,2023-24,3441.8,1033,1645.96
05-12-2023,Gumgaon,Maharashtra,1692.69,1618.31,74.38,4.4,1.7,0,FALSE,0,89.2,94,transport_issue,2023-24,3441.8,1033,1618.31
06-12-2023,Gumgaon,Maharashtra,1692.69,1590.32,102.37,6,4.8,0,FALSE,0,80.4,100,transport_issue,2023-24,3441.8,1033,1590.32
07-12-2023,Gumgaon,Maharashtra,1692.69,1638.86,53.83,3.2,9.7,0,FALSE,0,98.8,84.3,labour_shortage,2023-24,3441.8,1033,1638.86
08-12-2023,Gumgaon,Maharashtra,1692.69,1635.99,56.7,3.3,5.3,0,FALSE,0,94.2,97.3,transport_issue,2023-24,3441.8,1033,1635.99
09-12-2023,Gumgaon,Maharashtra,1692.69,1653.75,38.94,2.3,2.6,0,FALSE,0,95.2,100,transport_issue,2023-24,3441.8,1033,1653.75
10-12-2023,Gumgaon,Maharashtra,1692.69,1680.61,12.08,0.7,1.2,0,FALSE,0,95.4,95.6,transport_issue,2023-24,3441.8,1033,1680.61
11-12-2023,Gumgaon,Maharashtra,1692.69,1661.8,30.89,1.8,4.9,0,FALSE,0,96.8,93.6,labour_shortage,2023-24,3441.8,1033,1661.8
12-12-2023,Gumgaon,Maharashtra,1692.69,1673.95,18.74,1.1,6.9,0,FALSE,0,100,90.8,labour_shortage,2023-24,3441.8,1033,1673.95
13-12-2023,Gumgaon,Maharashtra,1692.69,1631.48,61.21,3.6,5.3,0,FALSE,0,96.6,100,transport_issue,2023-24,3441.8,1033,1631.48
14-12-2023,Gumgaon,Maharashtra,1692.69,1590.11,102.58,6.1,1,0,FALSE,0,84.5,95.3,transport_issue,2023-24,3441.8,1033,1590.11
15-12-2023,Gumgaon,Maharashtra,1692.69,1664.67,28.02,1.7,6.7,0,FALSE,0,85.9,92.6,transport_issue,2023-24,3441.8,1033,1664.67
16-12-2023,Gumgaon,Maharashtra,1692.69,1680.13,12.56,0.7,2.6,0,FALSE,0,88.3,95.5,transport_issue,2023-24,3441.8,1033,1680.13
17-12-2023,Gumgaon,Maharashtra,1692.69,1648,44.69,2.6,1.7,0,FALSE,0,89.5,94,transport_issue,2023-24,3441.8,1033,1648
18-12-2023,Gumgaon,Maharashtra,1692.69,1517.08,175.61,10.4,5.3,7.7,FALSE,0,95.9,100,equipment_failure,2023-24,3441.8,1033,1517.08
19-12-2023,Gumgaon,Maharashtra,1692.69,1551.38,141.31,8.3,3.7,2.4,FALSE,0,87.8,93.8,transport_issue,2023-24,3441.8,1033,1551.38
20-12-2023,Gumgaon,Maharashtra,1692.69,1599.74,92.95,5.5,3.2,2.7,FALSE,0,84.9,98.2,transport_issue,2023-24,3441.8,1033,1599.74
21-12-2023,Gumgaon,Maharashtra,1692.69,1685.86,6.83,0.4,1.3,0,FALSE,0,88.7,94,transport_issue,2023-24,3441.8,1033,1685.86
22-12-2023,Gumgaon,Maharashtra,1692.69,1649.69,43,2.5,3.1,0,FALSE,0,94,89.8,labour_shortage,2023-24,3441.8,1033,1649.69
23-12-2023,Gumgaon,Maharashtra,1692.69,1673.17,19.52,1.2,2.3,0,FALSE,0,89.9,91.4,transport_issue,2023-24,3441.8,1033,1673.17
24-12-2023,Gumgaon,Maharashtra,1692.69,1649.85,42.84,2.5,6.4,0,FALSE,0,91,89.1,labour_shortage,2023-24,3441.8,1033,1649.85
25-12-2023,Gumgaon,Maharashtra,1692.69,1668.93,23.76,1.4,13.3,0,FALSE,0,97,97.6,transport_issue,2023-24,3441.8,1033,1668.93
26-12-2023,Gumgaon,Maharashtra,1692.69,1606.27,86.42,5.1,7.4,0,FALSE,0,95.6,89.8,labour_shortage,2023-24,3441.8,1033,1606.27
27-12-2023,Gumgaon,Maharashtra,1692.69,1524.06,168.63,10,2.1,3.1,FALSE,0,86.8,94.2,transport_issue,2023-24,3441.8,1033,1524.06
28-12-2023,Gumgaon,Maharashtra,1692.69,1668.07,24.62,1.5,8.3,0,FALSE,0,95.2,94.3,labour_shortage,2023-24,3441.8,1033,1668.07
29-12-2023,Gumgaon,Maharashtra,1692.69,1651.34,41.35,2.4,4.7,0,FALSE,0,95.7,91.6,labour_shortage,2023-24,3441.8,1033,1651.34
30-12-2023,Gumgaon,Maharashtra,1692.69,1480.33,212.36,12.5,2.6,5.3,FALSE,0,86.7,93.4,transport_issue,2023-24,3441.8,1033,1480.33
31-12-2023,Gumgaon,Maharashtra,1692.69,1409.63,283.06,16.7,2.4,7.6,FALSE,0,79.9,89.6,transport_issue,2023-24,3441.8,1033,1409.63
01-01-2024,Gumgaon,Maharashtra,1692.69,1675.51,17.18,1,3.4,0,FALSE,0,92.2,99.4,transport_issue,2023-24,3441.8,1033,1675.51
02-01-2024,Gumgaon,Maharashtra,1692.69,1628.31,64.38,3.8,2.3,0,FALSE,0,100,93.2,labour_shortage,2023-24,3441.8,1033,1628.31
03-01-2024,Gumgaon,Maharashtra,1692.69,1641.06,51.63,3.1,1.7,0,FALSE,0,95.6,94.4,labour_shortage,2023-24,3441.8,1033,1641.06
04-01-2024,Gumgaon,Maharashtra,1692.69,1276.56,416.13,24.6,1.9,14.2,FALSE,0,88.1,99,equipment_failure,2023-24,3441.8,1033,1276.56
05-01-2024,Gumgaon,Maharashtra,1692.69,1685.24,7.45,0.4,4.8,0,FALSE,0,91.4,100,transport_issue,2023-24,3441.8,1033,1685.24
06-01-2024,Gumgaon,Maharashtra,1692.69,1538.33,154.36,9.1,3.4,4.5,FALSE,0,96.7,95,equipment_failure,2023-24,3441.8,1033,1538.33
07-01-2024,Gumgaon,Maharashtra,1692.69,1673.8,18.89,1.1,2.4,0,FALSE,0,93.8,97.4,transport_issue,2023-24,3441.8,1033,1673.8
08-01-2024,Gumgaon,Maharashtra,1692.69,1624.41,68.28,4,1.6,0,FALSE,0,83.6,92.8,transport_issue,2023-24,3441.8,1033,1624.41
09-01-2024,Gumgaon,Maharashtra,1692.69,1618.48,74.21,4.4,0.3,0,FALSE,0,93.1,92.1,labour_shortage,2023-24,3441.8,1033,1618.48
10-01-2024,Gumgaon,Maharashtra,1692.69,1658.44,34.25,2,1.2,0,FALSE,0,92.6,91.2,labour_shortage,2023-24,3441.8,1033,1658.44
11-01-2024,Gumgaon,Maharashtra,1692.69,1649.5,43.19,2.6,4.4,0,FALSE,0,87.9,91.2,transport_issue,2023-24,3441.8,1033,1649.5
12-01-2024,Gumgaon,Maharashtra,1692.69,1625.61,67.08,4,6.7,0,FALSE,0,95.7,99.1,transport_issue,2023-24,3441.8,1033,1625.61
13-01-2024,Gumgaon,Maharashtra,1692.69,1666.25,26.44,1.6,1.2,0,FALSE,0,91.4,94.1,transport_issue,2023-24,3441.8,1033,1666.25
14-01-2024,Gumgaon,Maharashtra,1692.69,1623.33,69.36,4.1,2.4,0,FALSE,0,87.5,87.9,transport_issue,2023-24,3441.8,1033,1623.33
15-01-2024,Gumgaon,Maharashtra,1692.69,1615.35,77.34,4.6,1.3,0,TRUE,3.2,95.2,95.4,blasting_delay,2023-24,3441.8,1033,1615.35
16-01-2024,Gumgaon,Maharashtra,1692.69,1641.7,50.99,3,3.5,0,FALSE,0,84.6,96.8,transport_issue,2023-24,3441.8,1033,1641.7
17-01-2024,Gumgaon,Maharashtra,1692.69,1453.88,238.81,14.1,1.9,3.9,TRUE,4.2,96.6,94.1,blasting_delay,2023-24,3441.8,1033,1453.88
18-01-2024,Gumgaon,Maharashtra,1692.69,1588.87,103.82,6.1,1.5,3.4,TRUE,1.2,96.3,94.7,equipment_failure,2023-24,3441.8,1033,1588.87
19-01-2024,Gumgaon,Maharashtra,1692.69,1630.84,61.85,3.7,0.4,0,FALSE,0,94,93.1,labour_shortage,2023-24,3441.8,1033,1630.84
20-01-2024,Gumgaon,Maharashtra,1692.69,1677.72,14.97,0.9,7.2,0,FALSE,0,100,99.8,none,2023-24,3441.8,1033,1677.72
21-01-2024,Gumgaon,Maharashtra,1692.69,1643.95,48.74,2.9,4.5,0,FALSE,0,92.3,94.4,transport_issue,2023-24,3441.8,1033,1643.95
22-01-2024,Gumgaon,Maharashtra,1692.69,1631.65,61.04,3.6,2.6,0,FALSE,0,86.5,88.8,transport_issue,2023-24,3441.8,1033,1631.65
23-01-2024,Gumgaon,Maharashtra,1692.69,1636.17,56.52,3.3,4.2,0,FALSE,0,80.1,98.8,transport_issue,2023-24,3441.8,1033,1636.17
24-01-2024,Gumgaon,Maharashtra,1692.69,1691,1.69,0.1,3.1,0,FALSE,0,90.3,93.2,transport_issue,2023-24,3441.8,1033,1691
25-01-2024,Gumgaon,Maharashtra,1692.69,1680.68,12.01,0.7,4.2,0,FALSE,0,92.3,99.1,transport_issue,2023-24,3441.8,1033,1680.68
26-01-2024,Gumgaon,Maharashtra,1692.69,1654.15,38.54,2.3,1,0,FALSE,0,82.5,99,transport_issue,2023-24,3441.8,1033,1654.15
27-01-2024,Gumgaon,Maharashtra,1692.69,1644.43,48.26,2.9,2.5,2.3,FALSE,0,98.3,100,equipment_failure,2023-24,3441.8,1033,1644.43
28-01-2024,Gumgaon,Maharashtra,1692.69,1659.86,32.83,1.9,7,0,FALSE,0,96.8,100,transport_issue,2023-24,3441.8,1033,1659.86
29-01-2024,Gumgaon,Maharashtra,1692.69,1657.39,35.3,2.1,5.9,0,FALSE,0,86.7,94.4,transport_issue,2023-24,3441.8,1033,1657.39
30-01-2024,Gumgaon,Maharashtra,1692.69,1631.87,60.82,3.6,2.7,0,FALSE,0,94.8,97.6,transport_issue,2023-24,3441.8,1033,1631.87
31-01-2024,Gumgaon,Maharashtra,1692.69,1660.91,31.78,1.9,1.1,0,FALSE,0,92.5,97.7,transport_issue,2023-24,3441.8,1033,1660.91
01-02-2024,Gumgaon,Maharashtra,1692.69,1475.51,217.18,12.8,7.7,3.9,FALSE,0,86.3,85.9,labour_shortage,2023-24,3441.8,1033,1475.51
02-02-2024,Gumgaon,Maharashtra,1692.69,1670.9,21.79,1.3,0.9,0,FALSE,0,100,100,none,2023-24,3441.8,1033,1670.9
03-02-2024,Gumgaon,Maharashtra,1692.69,1666.49,26.2,1.5,3.1,0,FALSE,0,92,88.2,labour_shortage,2023-24,3441.8,1033,1666.49
04-02-2024,Gumgaon,Maharashtra,1692.69,1645.73,46.96,2.8,5,0,FALSE,0,93.4,88.8,labour_shortage,2023-24,3441.8,1033,1645.73
05-02-2024,Gumgaon,Maharashtra,1692.69,1610.53,82.16,4.9,1,0,FALSE,0,90.2,95.8,transport_issue,2023-24,3441.8,1033,1610.53
06-02-2024,Gumgaon,Maharashtra,1692.69,1698.19,-5.5,-0.3,5,0,FALSE,0,100,91.6,none,2023-24,3441.8,1033,1698.19
07-02-2024,Gumgaon,Maharashtra,1692.69,1608.71,83.98,5,5,0,FALSE,0,90.7,88.7,labour_shortage,2023-24,3441.8,1033,1608.71
08-02-2024,Gumgaon,Maharashtra,1692.69,1661.77,30.92,1.8,5.3,0,FALSE,0,85.5,100,transport_issue,2023-24,3441.8,1033,1661.77
09-02-2024,Gumgaon,Maharashtra,1692.69,1610.6,82.09,4.8,3.1,0,FALSE,0,86,100,transport_issue,2023-24,3441.8,1033,1610.6
10-02-2024,Gumgaon,Maharashtra,1692.69,1713.88,-21.19,-1.3,7.1,0,FALSE,0,100,94.9,none,2023-24,3441.8,1033,1713.88
11-02-2024,Gumgaon,Maharashtra,1692.69,1622.13,70.56,4.2,1.5,0,FALSE,0,97,93.6,labour_shortage,2023-24,3441.8,1033,1622.13
12-02-2024,Gumgaon,Maharashtra,1692.69,1677.96,14.73,0.9,3.7,0,FALSE,0,94.9,97.9,transport_issue,2023-24,3441.8,1033,1677.96
13-02-2024,Gumgaon,Maharashtra,1692.69,1610.01,82.68,4.9,1.3,0,FALSE,0,88.4,96.7,transport_issue,2023-24,3441.8,1033,1610.01
14-02-2024,Gumgaon,Maharashtra,1692.69,1725.6,-32.91,-1.9,2.3,0,FALSE,0,99.2,94.7,none,2023-24,3441.8,1033,1725.6
15-02-2024,Gumgaon,Maharashtra,1692.69,1541.39,151.3,8.9,7.6,5.5,FALSE,0,95.3,87.6,labour_shortage,2023-24,3441.8,1033,1541.39
16-02-2024,Gumgaon,Maharashtra,1692.69,1639.26,53.43,3.2,3.6,0,FALSE,0,86.9,97.7,transport_issue,2023-24,3441.8,1033,1639.26
17-02-2024,Gumgaon,Maharashtra,1692.69,1663.78,28.91,1.7,3.4,0,FALSE,0,94.2,99,transport_issue,2023-24,3441.8,1033,1663.78
18-02-2024,Gumgaon,Maharashtra,1692.69,1602.46,90.23,5.3,0.9,0,FALSE,0,79.8,94.7,transport_issue,2023-24,3441.8,1033,1602.46
19-02-2024,Gumgaon,Maharashtra,1692.69,1644.53,48.16,2.8,2.7,0,FALSE,0,96.7,96.2,labour_shortage,2023-24,3441.8,1033,1644.53
20-02-2024,Gumgaon,Maharashtra,1692.69,1691.77,0.92,0.1,2.5,0,FALSE,0,95.2,97.6,transport_issue,2023-24,3441.8,1033,1691.77
21-02-2024,Gumgaon,Maharashtra,1692.69,1473.6,219.09,12.9,1.1,8.4,FALSE,0,97.3,100,equipment_failure,2023-24,3441.8,1033,1473.6
22-02-2024,Gumgaon,Maharashtra,1692.69,1543.67,149.02,8.8,7.1,2.4,FALSE,0,86.6,95.9,transport_issue,2023-24,3441.8,1033,1543.67
23-02-2024,Gumgaon,Maharashtra,1692.69,1696.99,-4.3,-0.3,2.4,0,FALSE,0,96.3,92.9,none,2023-24,3441.8,1033,1696.99
24-02-2024,Gumgaon,Maharashtra,1692.69,1621.75,70.94,4.2,6.8,0,FALSE,0,88.5,96.7,transport_issue,2023-24,3441.8,1033,1621.75
25-02-2024,Gumgaon,Maharashtra,1692.69,1666.54,26.15,1.5,2.1,0,FALSE,0,85,100,transport_issue,2023-24,3441.8,1033,1666.54
26-02-2024,Gumgaon,Maharashtra,1692.69,1591.9,100.79,6,7.7,0,FALSE,0,84.1,90.3,transport_issue,2023-24,3441.8,1033,1591.9
27-02-2024,Gumgaon,Maharashtra,1692.69,1572.15,120.54,7.1,0.3,0,TRUE,3.9,96.4,87.4,labour_shortage,2023-24,3441.8,1033,1572.15
28-02-2024,Gumgaon,Maharashtra,1692.69,1695.52,-2.83,-0.2,7.6,0,FALSE,0,99.2,97.7,none,2023-24,3441.8,1033,1695.52
29-02-2024,Gumgaon,Maharashtra,1692.69,1639.66,53.03,3.1,4.9,0,FALSE,0,92.2,99.4,transport_issue,2023-24,3441.8,1033,1639.66
01-03-2024,Gumgaon,Maharashtra,1692.69,1669.66,23.03,1.4,2.7,0,FALSE,0,91.2,97.2,transport_issue,2023-24,3441.8,1033,1669.66
02-03-2024,Gumgaon,Maharashtra,1692.69,1625,67.69,4,2.1,0,FALSE,0,91.4,100,transport_issue,2023-24,3441.8,1033,1625
03-03-2024,Gumgaon,Maharashtra,1692.69,1684.6,8.09,0.5,1,0,FALSE,0,92.9,88.1,labour_shortage,2023-24,3441.8,1033,1684.6
04-03-2024,Gumgaon,Maharashtra,1692.69,1482.9,209.79,12.4,2.8,7,FALSE,0,95.9,90.6,equipment_failure,2023-24,3441.8,1033,1482.9
05-03-2024,Gumgaon,Maharashtra,1692.69,1700.5,-7.81,-0.5,2.1,0,FALSE,0,100,100,none,2023-24,3441.8,1033,1700.5
06-03-2024,Gumgaon,Maharashtra,1692.69,1683.61,9.08,0.5,3.7,0,FALSE,0,90.8,100,transport_issue,2023-24,3441.8,1033,1683.61
07-03-2024,Gumgaon,Maharashtra,1692.69,1658.71,33.98,2,7.2,0,FALSE,0,93.5,98.3,transport_issue,2023-24,3441.8,1033,1658.71
08-03-2024,Gumgaon,Maharashtra,1692.69,1648.05,44.64,2.6,0.9,0,FALSE,0,100,96.8,labour_shortage,2023-24,3441.8,1033,1648.05
09-03-2024,Gumgaon,Maharashtra,1692.69,1641.4,51.29,3,1.9,0,FALSE,0,94.7,100,transport_issue,2023-24,3441.8,1033,1641.4
10-03-2024,Gumgaon,Maharashtra,1692.69,1432.9,259.79,15.3,3.8,6.7,TRUE,1.2,85.7,95.6,transport_issue,2023-24,3441.8,1033,1432.9
11-03-2024,Gumgaon,Maharashtra,1692.69,1658.24,34.45,2,3.4,0,FALSE,0,91.5,91.2,labour_shortage,2023-24,3441.8,1033,1658.24
12-03-2024,Gumgaon,Maharashtra,1692.69,1616.7,75.99,4.5,11.9,0,FALSE,0,91.5,94.1,transport_issue,2023-24,3441.8,1033,1616.7
13-03-2024,Gumgaon,Maharashtra,1692.69,1576.24,116.45,6.9,6,0,TRUE,5.6,100,96.8,blasting_delay,2023-24,3441.8,1033,1576.24
14-03-2024,Gumgaon,Maharashtra,1692.69,1705.01,-12.32,-0.7,3.2,0,FALSE,0,96.2,100,none,2023-24,3441.8,1033,1705.01
15-03-2024,Gumgaon,Maharashtra,1692.69,1725.73,-33.04,-2,4.8,0,FALSE,0,100,94.8,none,2023-24,3441.8,1033,1725.73
16-03-2024,Gumgaon,Maharashtra,1692.69,1593.82,98.87,5.8,7.3,0,FALSE,0,87.5,95.1,transport_issue,2023-24,3441.8,1033,1593.82
17-03-2024,Gumgaon,Maharashtra,1692.69,1650.25,42.44,2.5,1.3,0,FALSE,0,97.3,94.7,labour_shortage,2023-24,3441.8,1033,1650.25
18-03-2024,Gumgaon,Maharashtra,1692.69,1716.79,-24.1,-1.4,2.9,0,FALSE,0,100,99.8,none,2023-24,3441.8,1033,1716.79
19-03-2024,Gumgaon,Maharashtra,1692.69,1619.64,73.05,4.3,6,0,FALSE,0,93.2,95.8,transport_issue,2023-24,3441.8,1033,1619.64
20-03-2024,Gumgaon,Maharashtra,1692.69,1627.93,64.76,3.8,0.9,0,FALSE,0,89.5,93.2,transport_issue,2023-24,3441.8,1033,1627.93
21-03-2024,Gumgaon,Maharashtra,1692.69,1545.97,146.72,8.7,1.1,3.7,FALSE,0,81.3,95.9,transport_issue,2023-24,3441.8,1033,1545.97
22-03-2024,Gumgaon,Maharashtra,1692.69,1664.16,28.53,1.7,1.6,0,FALSE,0,87.8,91,transport_issue,2023-24,3441.8,1033,1664.16
23-03-2024,Gumgaon,Maharashtra,1692.69,1580.44,112.25,6.6,5.6,0,TRUE,2.7,98.6,92.2,labour_shortage,2023-24,3441.8,1033,1580.44
24-03-2024,Gumgaon,Maharashtra,1692.69,1586.92,105.77,6.2,3.3,0,FALSE,0,87.6,91.6,transport_issue,2023-24,3441.8,1033,1586.92
25-03-2024,Gumgaon,Maharashtra,1692.69,1689.03,3.66,0.2,2.2,0,FALSE,0,90.7,92.1,transport_issue,2023-24,3441.8,1033,1689.03
26-03-2024,Gumgaon,Maharashtra,1692.69,1616.61,76.08,4.5,1.8,0,FALSE,0,93.9,92.6,labour_shortage,2023-24,3441.8,1033,1616.61
27-03-2024,Gumgaon,Maharashtra,1692.69,1461.3,231.39,13.7,12,6.6,FALSE,0,86.8,91.6,transport_issue,2023-24,3441.8,1033,1461.3
28-03-2024,Gumgaon,Maharashtra,1692.69,1638.06,54.63,3.2,2.1,0,FALSE,0,100,94.3,labour_shortage,2023-24,3441.8,1033,1638.06
29-03-2024,Gumgaon,Maharashtra,1692.69,1656.67,36.02,2.1,1.8,0,FALSE,0,96.7,99.8,transport_issue,2023-24,3441.8,1033,1656.67
30-03-2024,Gumgaon,Maharashtra,1692.69,1607.93,84.76,5,5.3,0,FALSE,0,87.2,92,transport_issue,2023-24,3441.8,1033,1607.93
31-03-2024,Gumgaon,Maharashtra,1692.69,1612.35,80.34,4.7,4.9,0,FALSE,0,85.9,95.8,transport_issue,2023-24,3441.8,1033,1612.35
01-04-2023,Kandri,Maharashtra,1222.5,1170.98,51.52,4.2,1.3,0,FALSE,0,87.6,97.2,transport_issue,2023-24,3441.8,1033,1170.98
02-04-2023,Kandri,Maharashtra,1222.5,1239.36,-16.86,-1.4,3,0,FALSE,0,96.8,98.2,none,2023-24,3441.8,1033,1239.36
03-04-2023,Kandri,Maharashtra,1222.5,1229.84,-7.34,-0.6,2.9,0,FALSE,0,93.8,96.3,none,2023-24,3441.8,1033,1229.84
04-04-2023,Kandri,Maharashtra,1222.5,1202.15,20.35,1.7,1.8,0,FALSE,0,91.7,94.9,transport_issue,2023-24,3441.8,1033,1202.15
05-04-2023,Kandri,Maharashtra,1222.5,1172.61,49.89,4.1,3.5,0,FALSE,0,89,95.6,transport_issue,2023-24,3441.8,1033,1172.61
06-04-2023,Kandri,Maharashtra,1222.5,1178.84,43.66,3.6,2.5,0,FALSE,0,83.5,91.3,transport_issue,2023-24,3441.8,1033,1178.84
07-04-2023,Kandri,Maharashtra,1222.5,1179.93,42.57,3.5,2.7,0,FALSE,0,94.6,97.6,transport_issue,2023-24,3441.8,1033,1179.93
08-04-2023,Kandri,Maharashtra,1222.5,1181.92,40.58,3.3,9.4,0,FALSE,0,100,92.8,labour_shortage,2023-24,3441.8,1033,1181.92
09-04-2023,Kandri,Maharashtra,1222.5,1154.85,67.65,5.5,4.6,2.1,FALSE,0,96.5,89.7,labour_shortage,2023-24,3441.8,1033,1154.85
10-04-2023,Kandri,Maharashtra,1222.5,1244,-21.5,-1.8,9.7,0,FALSE,0,96.4,98.7,none,2023-24,3441.8,1033,1244
11-04-2023,Kandri,Maharashtra,1222.5,1194.79,27.71,2.3,3,0,TRUE,1.5,84.4,98.9,transport_issue,2023-24,3441.8,1033,1194.79
12-04-2023,Kandri,Maharashtra,1222.5,1140.49,82.01,6.7,0.4,0,FALSE,0,81.6,92.1,transport_issue,2023-24,3441.8,1033,1140.49
13-04-2023,Kandri,Maharashtra,1222.5,1181.78,40.72,3.3,7,0,FALSE,0,87,94.7,transport_issue,2023-24,3441.8,1033,1181.78
14-04-2023,Kandri,Maharashtra,1222.5,1207.8,14.7,1.2,1.1,0,FALSE,0,84.5,94.1,transport_issue,2023-24,3441.8,1033,1207.8
15-04-2023,Kandri,Maharashtra,1222.5,1096.27,126.23,10.3,5.5,6.4,FALSE,0,92.7,92.5,equipment_failure,2023-24,3441.8,1033,1096.27
16-04-2023,Kandri,Maharashtra,1222.5,1213.31,9.19,0.8,1.8,0,TRUE,1.7,92.6,98.3,transport_issue,2023-24,3441.8,1033,1213.31
17-04-2023,Kandri,Maharashtra,1222.5,1166.31,56.19,4.6,0.9,0,FALSE,0,80.1,93.5,transport_issue,2023-24,3441.8,1033,1166.31
18-04-2023,Kandri,Maharashtra,1222.5,1146.89,75.61,6.2,2,0,FALSE,0,83,95.8,transport_issue,2023-24,3441.8,1033,1146.89
19-04-2023,Kandri,Maharashtra,1222.5,1231.03,-8.53,-0.7,6,0,FALSE,0,93.2,97.3,none,2023-24,3441.8,1033,1231.03
20-04-2023,Kandri,Maharashtra,1222.5,1148.42,74.08,6.1,3.9,0,FALSE,0,86.3,92.7,transport_issue,2023-24,3441.8,1033,1148.42
21-04-2023,Kandri,Maharashtra,1222.5,1133.76,88.74,7.3,2.4,0,FALSE,0,77.2,95.4,transport_issue,2023-24,3441.8,1033,1133.76
22-04-2023,Kandri,Maharashtra,1222.5,1183.1,39.4,3.2,1.6,0,FALSE,0,84,90.3,transport_issue,2023-24,3441.8,1033,1183.1
23-04-2023,Kandri,Maharashtra,1222.5,1190.97,31.53,2.6,5,0,FALSE,0,96,97.1,transport_issue,2023-24,3441.8,1033,1190.97
24-04-2023,Kandri,Maharashtra,1222.5,1099.8,122.7,10,2.7,5,FALSE,0,91.2,96.4,equipment_failure,2023-24,3441.8,1033,1099.8
25-04-2023,Kandri,Maharashtra,1222.5,1226.39,-3.89,-0.3,1.4,0,FALSE,0,98.4,90.9,none,2023-24,3441.8,1033,1226.39
26-04-2023,Kandri,Maharashtra,1222.5,1175.03,47.47,3.9,1.5,0,FALSE,0,87.5,92.1,transport_issue,2023-24,3441.8,1033,1175.03
27-04-2023,Kandri,Maharashtra,1222.5,1213.86,8.64,0.7,3.4,0,FALSE,0,90.5,92.8,transport_issue,2023-24,3441.8,1033,1213.86
28-04-2023,Kandri,Maharashtra,1222.5,1181.15,41.35,3.4,6.3,0,FALSE,0,85.3,92.4,transport_issue,2023-24,3441.8,1033,1181.15
29-04-2023,Kandri,Maharashtra,1222.5,1171.58,50.92,4.2,0.8,0,FALSE,0,100,89.6,labour_shortage,2023-24,3441.8,1033,1171.58
30-04-2023,Kandri,Maharashtra,1222.5,1220.26,2.24,0.2,9.7,0,FALSE,0,95,90.3,labour_shortage,2023-24,3441.8,1033,1220.26
01-05-2023,Kandri,Maharashtra,1222.5,1229.39,-6.89,-0.6,7.1,0,FALSE,0,95.1,94.4,none,2023-24,3441.8,1033,1229.39
02-05-2023,Kandri,Maharashtra,1222.5,1109.76,112.74,9.2,6,5.9,FALSE,0,95,91,equipment_failure,2023-24,3441.8,1033,1109.76
03-05-2023,Kandri,Maharashtra,1222.5,1150.47,72.03,5.9,1.8,0,FALSE,0,82.4,93.9,transport_issue,2023-24,3441.8,1033,1150.47
04-05-2023,Kandri,Maharashtra,1222.5,1174.62,47.88,3.9,2.3,0,TRUE,3.4,97.3,93.2,blasting_delay,2023-24,3441.8,1033,1174.62
05-05-2023,Kandri,Maharashtra,1222.5,1197.13,25.37,2.1,4.2,0,TRUE,4.3,100,98.5,blasting_delay,2023-24,3441.8,1033,1197.13
06-05-2023,Kandri,Maharashtra,1222.5,1106.85,115.65,9.5,2.5,3.7,FALSE,0,90.8,100,transport_issue,2023-24,3441.8,1033,1106.85
07-05-2023,Kandri,Maharashtra,1222.5,1191.35,31.15,2.5,5.3,0,FALSE,0,100,97.4,labour_shortage,2023-24,3441.8,1033,1191.35
08-05-2023,Kandri,Maharashtra,1222.5,1162.91,59.59,4.9,3.2,0,FALSE,0,86.2,91.9,transport_issue,2023-24,3441.8,1033,1162.91
09-05-2023,Kandri,Maharashtra,1222.5,1200.8,21.7,1.8,3.4,0,FALSE,0,98.5,96.2,labour_shortage,2023-24,3441.8,1033,1200.8
10-05-2023,Kandri,Maharashtra,1222.5,1142.56,79.94,6.5,3.2,0,TRUE,4,88.7,87.6,labour_shortage,2023-24,3441.8,1033,1142.56
11-05-2023,Kandri,Maharashtra,1222.5,1198.73,23.77,1.9,1.6,0,FALSE,0,85.5,90.4,transport_issue,2023-24,3441.8,1033,1198.73
12-05-2023,Kandri,Maharashtra,1222.5,1066.93,155.57,12.7,2.5,6.9,FALSE,0,99.6,94.3,equipment_failure,2023-24,3441.8,1033,1066.93
13-05-2023,Kandri,Maharashtra,1222.5,1176.74,45.76,3.7,1.8,0,FALSE,0,85.7,89.4,transport_issue,2023-24,3441.8,1033,1176.74
14-05-2023,Kandri,Maharashtra,1222.5,1125.17,97.33,8,1.9,0,TRUE,3.6,86.8,90.7,transport_issue,2023-24,3441.8,1033,1125.17
15-05-2023,Kandri,Maharashtra,1222.5,1236.19,-13.69,-1.1,3.9,0,FALSE,0,94.4,96,none,2023-24,3441.8,1033,1236.19
16-05-2023,Kandri,Maharashtra,1222.5,1186.7,35.8,2.9,5.6,0,FALSE,0,89.8,88.6,labour_shortage,2023-24,3441.8,1033,1186.7
17-05-2023,Kandri,Maharashtra,1222.5,1221.65,0.85,0.1,2.2,0,FALSE,0,90.6,95.6,transport_issue,2023-24,3441.8,1033,1221.65
18-05-2023,Kandri,Maharashtra,1222.5,1195.52,26.98,2.2,6.5,0,FALSE,0,100,96.2,labour_shortage,2023-24,3441.8,1033,1195.52
19-05-2023,Kandri,Maharashtra,1222.5,1185.22,37.28,3,7.3,0,FALSE,0,96,97.8,transport_issue,2023-24,3441.8,1033,1185.22
20-05-2023,Kandri,Maharashtra,1222.5,1217.04,5.46,0.4,1.5,0,FALSE,0,95.7,92.2,labour_shortage,2023-24,3441.8,1033,1217.04
21-05-2023,Kandri,Maharashtra,1222.5,1113.49,109.01,8.9,4.4,4.8,FALSE,0,94.2,97.6,equipment_failure,2023-24,3441.8,1033,1113.49
22-05-2023,Kandri,Maharashtra,1222.5,1197.27,25.23,2.1,1.9,0,FALSE,0,86.2,92.2,transport_issue,2023-24,3441.8,1033,1197.27
23-05-2023,Kandri,Maharashtra,1222.5,1209.99,12.51,1,5.5,0,FALSE,0,93.8,96.2,transport_issue,2023-24,3441.8,1033,1209.99
24-05-2023,Kandri,Maharashtra,1222.5,1149.9,72.6,5.9,7.3,2,FALSE,0,88,92.1,transport_issue,2023-24,3441.8,1033,1149.9
25-05-2023,Kandri,Maharashtra,1222.5,1210.27,12.23,1,0.6,0,TRUE,1.7,95.7,99.6,transport_issue,2023-24,3441.8,1033,1210.27
26-05-2023,Kandri,Maharashtra,1222.5,1193.37,29.13,2.4,4.9,2.6,FALSE,0,93.9,100,transport_issue,2023-24,3441.8,1033,1193.37
27-05-2023,Kandri,Maharashtra,1222.5,1226.46,-3.96,-0.3,5.3,0,FALSE,0,97.8,94.1,none,2023-24,3441.8,1033,1226.46
28-05-2023,Kandri,Maharashtra,1222.5,1158.92,63.58,5.2,4.2,0,FALSE,0,86.4,100,transport_issue,2023-24,3441.8,1033,1158.92
29-05-2023,Kandri,Maharashtra,1222.5,1205.28,17.22,1.4,9.9,0,FALSE,0,99.1,91.1,labour_shortage,2023-24,3441.8,1033,1205.28
30-05-2023,Kandri,Maharashtra,1222.5,1201.4,21.1,1.7,1,0,FALSE,0,92,90.2,labour_shortage,2023-24,3441.8,1033,1201.4
31-05-2023,Kandri,Maharashtra,1222.5,1169.66,52.84,4.3,1.7,0,FALSE,0,96.4,90.4,labour_shortage,2023-24,3441.8,1033,1169.66
01-06-2023,Kandri,Maharashtra,1222.5,1188.02,34.48,2.8,8.4,0,FALSE,0,85,91.3,transport_issue,2023-24,3441.8,1033,1188.02
02-06-2023,Kandri,Maharashtra,1222.5,1167.16,55.34,4.5,23,0,TRUE,1.6,89.7,97,transport_issue,2023-24,3441.8,1033,1167.16
03-06-2023,Kandri,Maharashtra,1222.5,1120.53,101.97,8.3,14.4,0,FALSE,0,69.6,91.1,transport_issue,2023-24,3441.8,1033,1120.53
04-06-2023,Kandri,Maharashtra,1222.5,1152.14,70.36,5.8,16.1,0,FALSE,0,84.5,93.3,transport_issue,2023-24,3441.8,1033,1152.14
05-06-2023,Kandri,Maharashtra,1222.5,1199.56,22.94,1.9,4.4,0,FALSE,0,93,93.7,transport_issue,2023-24,3441.8,1033,1199.56
06-06-2023,Kandri,Maharashtra,1222.5,1154.93,67.57,5.5,2,0,FALSE,0,81.5,96.6,transport_issue,2023-24,3441.8,1033,1154.93
07-06-2023,Kandri,Maharashtra,1222.5,1087.42,135.08,11,65.3,3.2,FALSE,0,74.8,97.3,heavy_rainfall,2023-24,3441.8,1033,1087.42
08-06-2023,Kandri,Maharashtra,1222.5,1190.45,32.05,2.6,45.8,0,FALSE,0,84,94.7,heavy_rainfall,2023-24,3441.8,1033,1190.45
09-06-2023,Kandri,Maharashtra,1222.5,1151.11,71.39,5.8,40.6,0,FALSE,0,87.1,97.8,transport_issue,2023-24,3441.8,1033,1151.11
10-06-2023,Kandri,Maharashtra,1222.5,1115.72,106.78,8.7,4.3,0,FALSE,0,71.7,97.1,transport_issue,2023-24,3441.8,1033,1115.72
11-06-2023,Kandri,Maharashtra,1222.5,1169.91,52.59,4.3,23.5,0,FALSE,0,81,95.3,transport_issue,2023-24,3441.8,1033,1169.91
12-06-2023,Kandri,Maharashtra,1222.5,1192.18,30.32,2.5,21.9,0,FALSE,0,82.7,100,transport_issue,2023-24,3441.8,1033,1192.18
13-06-2023,Kandri,Maharashtra,1222.5,1198.5,24,2,22.7,0,FALSE,0,86.7,92.7,transport_issue,2023-24,3441.8,1033,1198.5
14-06-2023,Kandri,Maharashtra,1222.5,1070.35,152.15,12.4,121.9,0,FALSE,0,81.1,92.7,heavy_rainfall,2023-24,3441.8,1033,1070.35
15-06-2023,Kandri,Maharashtra,1222.5,1149.68,72.82,6,21.7,0,FALSE,0,80.5,96.8,transport_issue,2023-24,3441.8,1033,1149.68
16-06-2023,Kandri,Maharashtra,1222.5,1165.22,57.28,4.7,55.1,0,FALSE,0,91,95.4,heavy_rainfall,2023-24,3441.8,1033,1165.22
17-06-2023,Kandri,Maharashtra,1222.5,1165.14,57.36,4.7,6.8,0,FALSE,0,87.7,100,transport_issue,2023-24,3441.8,1033,1165.14
18-06-2023,Kandri,Maharashtra,1222.5,1155.61,66.89,5.5,46.2,2.5,FALSE,0,94.8,99,heavy_rainfall,2023-24,3441.8,1033,1155.61
19-06-2023,Kandri,Maharashtra,1222.5,1096,126.5,10.3,70.7,0,TRUE,1.4,82.9,91.7,heavy_rainfall,2023-24,3441.8,1033,1096
20-06-2023,Kandri,Maharashtra,1222.5,1184.76,37.74,3.1,9.9,0,FALSE,0,75.1,97,transport_issue,2023-24,3441.8,1033,1184.76
21-06-2023,Kandri,Maharashtra,1222.5,1114.99,107.51,8.8,47.5,0,FALSE,0,86.2,88,heavy_rainfall,2023-24,3441.8,1033,1114.99
22-06-2023,Kandri,Maharashtra,1222.5,1065.18,157.32,12.9,6.6,4.6,FALSE,0,78.1,94.6,transport_issue,2023-24,3441.8,1033,1065.18
23-06-2023,Kandri,Maharashtra,1222.5,1074.99,147.51,12.1,36.3,2.1,FALSE,0,75.5,88.6,transport_issue,2023-24,3441.8,1033,1074.99
24-06-2023,Kandri,Maharashtra,1222.5,1106.63,115.87,9.5,73.6,2.4,FALSE,0,83,92.2,heavy_rainfall,2023-24,3441.8,1033,1106.63
25-06-2023,Kandri,Maharashtra,1222.5,1132.89,89.61,7.3,39.1,0,FALSE,0,83.9,94.9,transport_issue,2023-24,3441.8,1033,1132.89
26-06-2023,Kandri,Maharashtra,1222.5,1161.27,61.23,5,8,0,FALSE,0,85.2,89.2,transport_issue,2023-24,3441.8,1033,1161.27
27-06-2023,Kandri,Maharashtra,1222.5,1117,105.5,8.6,33,0,FALSE,0,73,96.1,transport_issue,2023-24,3441.8,1033,1117
28-06-2023,Kandri,Maharashtra,1222.5,1178.28,44.22,3.6,24.7,0,FALSE,0,92.6,97.6,transport_issue,2023-24,3441.8,1033,1178.28
29-06-2023,Kandri,Maharashtra,1222.5,1151.84,70.66,5.8,5.8,0,FALSE,0,79.2,86.6,transport_issue,2023-24,3441.8,1033,1151.84
30-06-2023,Kandri,Maharashtra,1222.5,1089.03,133.47,10.9,46,2.5,FALSE,0,82.1,94.4,heavy_rainfall,2023-24,3441.8,1033,1089.03
01-07-2023,Kandri,Maharashtra,1222.5,1127.57,94.93,7.8,39,0,FALSE,0,73.3,90.7,transport_issue,2023-24,3441.8,1033,1127.57
02-07-2023,Kandri,Maharashtra,1222.5,1084.29,138.21,11.3,8.8,3.1,FALSE,0,82.8,89.6,transport_issue,2023-24,3441.8,1033,1084.29
03-07-2023,Kandri,Maharashtra,1222.5,1139.05,83.45,6.8,39.1,0,FALSE,0,82.1,100,transport_issue,2023-24,3441.8,1033,1139.05
04-07-2023,Kandri,Maharashtra,1222.5,1196.16,26.34,2.2,36.5,0,FALSE,0,83.9,94.5,transport_issue,2023-24,3441.8,1033,1196.16
05-07-2023,Kandri,Maharashtra,1222.5,1226.59,-4.09,-0.3,7.2,0,FALSE,0,91.3,98,none,2023-24,3441.8,1033,1226.59
06-07-2023,Kandri,Maharashtra,1222.5,1132.03,90.47,7.4,17.3,0,FALSE,0,78,90.7,transport_issue,2023-24,3441.8,1033,1132.03
07-07-2023,Kandri,Maharashtra,1222.5,1157.72,64.78,5.3,41.8,0,FALSE,0,72.8,91.5,transport_issue,2023-24,3441.8,1033,1157.72
08-07-2023,Kandri,Maharashtra,1222.5,1032.58,189.92,15.5,33.1,7.1,FALSE,0,84.2,96.3,transport_issue,2023-24,3441.8,1033,1032.58
09-07-2023,Kandri,Maharashtra,1222.5,1094.88,127.62,10.4,69.5,0,FALSE,0,78.2,97.2,heavy_rainfall,2023-24,3441.8,1033,1094.88
10-07-2023,Kandri,Maharashtra,1222.5,1092.49,130.01,10.6,4.8,0,TRUE,5.4,94.1,85,labour_shortage,2023-24,3441.8,1033,1092.49
11-07-2023,Kandri,Maharashtra,1222.5,1165.94,56.56,4.6,43.8,0,TRUE,1.1,95.8,97.8,heavy_rainfall,2023-24,3441.8,1033,1165.94
12-07-2023,Kandri,Maharashtra,1222.5,1198.57,23.93,2,9.4,0,FALSE,0,88.9,98.4,transport_issue,2023-24,3441.8,1033,1198.57
13-07-2023,Kandri,Maharashtra,1222.5,1014.29,208.21,17,26.4,5,FALSE,0,71.3,87.2,transport_issue,2023-24,3441.8,1033,1014.29
14-07-2023,Kandri,Maharashtra,1222.5,1195.68,26.82,2.2,36.9,0,FALSE,0,91.8,90.4,labour_shortage,2023-24,3441.8,1033,1195.68
15-07-2023,Kandri,Maharashtra,1222.5,1089.36,133.14,10.9,14.1,2.1,FALSE,0,66.9,95.9,transport_issue,2023-24,3441.8,1033,1089.36
16-07-2023,Kandri,Maharashtra,1222.5,1069.27,153.23,12.5,30.1,6.7,FALSE,0,79,96.1,transport_issue,2023-24,3441.8,1033,1069.27
17-07-2023,Kandri,Maharashtra,1222.5,1114.51,107.99,8.8,34.2,0,TRUE,4.5,76.5,88.8,transport_issue,2023-24,3441.8,1033,1114.51
18-07-2023,Kandri,Maharashtra,1222.5,1225.03,-2.53,-0.2,10.2,0,FALSE,0,86.6,99.9,none,2023-24,3441.8,1033,1225.03
19-07-2023,Kandri,Maharashtra,1222.5,1108.05,114.45,9.4,79.7,0,FALSE,0,79.9,94.8,heavy_rainfall,2023-24,3441.8,1033,1108.05
20-07-2023,Kandri,Maharashtra,1222.5,1132.26,90.24,7.4,21.8,3.5,FALSE,0,87.4,89.9,transport_issue,2023-24,3441.8,1033,1132.26
21-07-2023,Kandri,Maharashtra,1222.5,1118.72,103.78,8.5,39.4,0,TRUE,3.5,85.9,99.6,transport_issue,2023-24,3441.8,1033,1118.72
22-07-2023,Kandri,Maharashtra,1222.5,1213.84,8.66,0.7,2.4,0,FALSE,0,87.8,97,transport_issue,2023-24,3441.8,1033,1213.84
23-07-2023,Kandri,Maharashtra,1222.5,1134.65,87.85,7.2,51,0,FALSE,0,88.8,91.2,heavy_rainfall,2023-24,3441.8,1033,1134.65
24-07-2023,Kandri,Maharashtra,1222.5,1183.2,39.3,3.2,18.2,0,FALSE,0,89,98.6,transport_issue,2023-24,3441.8,1033,1183.2
25-07-2023,Kandri,Maharashtra,1222.5,1151.86,70.64,5.8,13.9,0,FALSE,0,86.5,94,transport_issue,2023-24,3441.8,1033,1151.86
26-07-2023,Kandri,Maharashtra,1222.5,1203.71,18.79,1.5,17.6,0,FALSE,0,83.2,95.7,transport_issue,2023-24,3441.8,1033,1203.71
27-07-2023,Kandri,Maharashtra,1222.5,1144.11,78.39,6.4,43.1,0,FALSE,0,86.1,100,heavy_rainfall,2023-24,3441.8,1033,1144.11
28-07-2023,Kandri,Maharashtra,1222.5,1147.69,74.81,6.1,31.2,0,FALSE,0,88.8,89.1,transport_issue,2023-24,3441.8,1033,1147.69
29-07-2023,Kandri,Maharashtra,1222.5,1196.51,25.99,2.1,6.6,0,FALSE,0,80.2,96.8,transport_issue,2023-24,3441.8,1033,1196.51
30-07-2023,Kandri,Maharashtra,1222.5,1053.54,168.96,13.8,37.2,5.8,FALSE,0,90.6,86.1,labour_shortage,2023-24,3441.8,1033,1053.54
31-07-2023,Kandri,Maharashtra,1222.5,1160.42,62.08,5.1,37.3,0,FALSE,0,89.2,97.5,transport_issue,2023-24,3441.8,1033,1160.42
01-08-2023,Kandri,Maharashtra,1222.5,1159.81,62.69,5.1,13,0,FALSE,0,84.8,94.4,transport_issue,2023-24,3441.8,1033,1159.81
02-08-2023,Kandri,Maharashtra,1222.5,1167.71,54.79,4.5,51.8,0,FALSE,0,75,100,heavy_rainfall,2023-24,3441.8,1033,1167.71
03-08-2023,Kandri,Maharashtra,1222.5,1101.98,120.52,9.9,62,0,FALSE,0,71.8,89.6,heavy_rainfall,2023-24,3441.8,1033,1101.98
04-08-2023,Kandri,Maharashtra,1222.5,1158.64,63.86,5.2,29.1,0,FALSE,0,75.6,95.9,transport_issue,2023-24,3441.8,1033,1158.64
05-08-2023,Kandri,Maharashtra,1222.5,1166.63,55.87,4.6,37.2,0,FALSE,0,78.1,98.6,transport_issue,2023-24,3441.8,1033,1166.63
06-08-2023,Kandri,Maharashtra,1222.5,1149.3,73.2,6,14.2,0,FALSE,0,90.6,89,labour_shortage,2023-24,3441.8,1033,1149.3
07-08-2023,Kandri,Maharashtra,1222.5,1029.53,192.97,15.8,53.1,7.6,FALSE,0,78.6,100,heavy_rainfall,2023-24,3441.8,1033,1029.53
08-08-2023,Kandri,Maharashtra,1222.5,1004.54,217.96,17.8,5.3,6.4,TRUE,4.8,87.9,92.6,equipment_failure,2023-24,3441.8,1033,1004.54
09-08-2023,Kandri,Maharashtra,1222.5,1143.26,79.24,6.5,63.5,0,FALSE,0,74.3,94.4,heavy_rainfall,2023-24,3441.8,1033,1143.26
10-08-2023,Kandri,Maharashtra,1222.5,1052.53,169.97,13.9,45.1,6.7,FALSE,0,82.6,98.6,heavy_rainfall,2023-24,3441.8,1033,1052.53
11-08-2023,Kandri,Maharashtra,1222.5,1058.25,164.25,13.4,30.1,0,TRUE,5.6,77.4,96.2,transport_issue,2023-24,3441.8,1033,1058.25
12-08-2023,Kandri,Maharashtra,1222.5,1156.52,65.98,5.4,13,0,TRUE,1.3,82.2,94.6,transport_issue,2023-24,3441.8,1033,1156.52
13-08-2023,Kandri,Maharashtra,1222.5,1139.36,83.14,6.8,40.6,0,FALSE,0,74.6,94.6,transport_issue,2023-24,3441.8,1033,1139.36
14-08-2023,Kandri,Maharashtra,1222.5,1133.93,88.57,7.2,18.6,0,FALSE,0,77.3,94,transport_issue,2023-24,3441.8,1033,1133.93
15-08-2023,Kandri,Maharashtra,1222.5,1135.32,87.18,7.1,5.8,0,FALSE,0,61,94.8,transport_issue,2023-24,3441.8,1033,1135.32
16-08-2023,Kandri,Maharashtra,1222.5,1122.76,99.74,8.2,20,0,FALSE,0,79.9,90.9,transport_issue,2023-24,3441.8,1033,1122.76
17-08-2023,Kandri,Maharashtra,1222.5,1161.45,61.05,5,56,0,FALSE,0,84.3,97.5,heavy_rainfall,2023-24,3441.8,1033,1161.45
18-08-2023,Kandri,Maharashtra,1222.5,898.09,324.41,26.5,18.3,14.1,FALSE,0,74.4,93.7,equipment_failure,2023-24,3441.8,1033,898.09
19-08-2023,Kandri,Maharashtra,1222.5,1139.71,82.79,6.8,5.8,0,FALSE,0,81.9,88.2,transport_issue,2023-24,3441.8,1033,1139.71
20-08-2023,Kandri,Maharashtra,1222.5,1146.78,75.72,6.2,11.9,0,FALSE,0,86.3,90.7,transport_issue,2023-24,3441.8,1033,1146.78
21-08-2023,Kandri,Maharashtra,1222.5,1136.47,86.03,7,6.8,0,FALSE,0,75.3,93.5,transport_issue,2023-24,3441.8,1033,1136.47
22-08-2023,Kandri,Maharashtra,1222.5,1171.28,51.22,4.2,22.6,0,FALSE,0,89.6,98.8,transport_issue,2023-24,3441.8,1033,1171.28
23-08-2023,Kandri,Maharashtra,1222.5,1062.92,159.58,13.1,14.1,0,TRUE,5.3,78.9,93.2,transport_issue,2023-24,3441.8,1033,1062.92
24-08-2023,Kandri,Maharashtra,1222.5,1179.24,43.26,3.5,9.5,0,FALSE,0,85.6,95.3,transport_issue,2023-24,3441.8,1033,1179.24
25-08-2023,Kandri,Maharashtra,1222.5,1203.32,19.18,1.6,5.1,0,FALSE,0,80.1,97,transport_issue,2023-24,3441.8,1033,1203.32
26-08-2023,Kandri,Maharashtra,1222.5,1162.45,60.05,4.9,17.5,0,FALSE,0,89.3,92,transport_issue,2023-24,3441.8,1033,1162.45
27-08-2023,Kandri,Maharashtra,1222.5,1170.04,52.46,4.3,65.4,0,FALSE,0,87.4,95.9,heavy_rainfall,2023-24,3441.8,1033,1170.04
28-08-2023,Kandri,Maharashtra,1222.5,1147.15,75.35,6.2,20.6,0,FALSE,0,77,92.9,transport_issue,2023-24,3441.8,1033,1147.15
29-08-2023,Kandri,Maharashtra,1222.5,1145.05,77.45,6.3,56.6,0,FALSE,0,72.4,94.3,heavy_rainfall,2023-24,3441.8,1033,1145.05
30-08-2023,Kandri,Maharashtra,1222.5,1147.78,74.72,6.1,43.8,0,FALSE,0,90,94,heavy_rainfall,2023-24,3441.8,1033,1147.78
31-08-2023,Kandri,Maharashtra,1222.5,1139.75,82.75,6.8,9.1,0,TRUE,4,84,92.9,transport_issue,2023-24,3441.8,1033,1139.75
01-09-2023,Kandri,Maharashtra,1222.5,1198.33,24.17,2,8.5,0,FALSE,0,82.9,94.1,transport_issue,2023-24,3441.8,1033,1198.33
02-09-2023,Kandri,Maharashtra,1222.5,1137.39,85.11,7,35,0,FALSE,0,77.1,93.4,transport_issue,2023-24,3441.8,1033,1137.39
03-09-2023,Kandri,Maharashtra,1222.5,1009.91,212.59,17.4,48.9,6.2,FALSE,0,76.6,93.6,transport_issue,2023-24,3441.8,1033,1009.91
04-09-2023,Kandri,Maharashtra,1222.5,1154.34,68.16,5.6,40.2,0,FALSE,0,88,92.1,heavy_rainfall,2023-24,3441.8,1033,1154.34
05-09-2023,Kandri,Maharashtra,1222.5,1149.21,73.29,6,13,0,FALSE,0,84,99.1,transport_issue,2023-24,3441.8,1033,1149.21
06-09-2023,Kandri,Maharashtra,1222.5,1158.41,64.09,5.2,25.4,0,FALSE,0,79.5,96.3,transport_issue,2023-24,3441.8,1033,1158.41
07-09-2023,Kandri,Maharashtra,1222.5,1107.29,115.21,9.4,69.4,0,FALSE,0,86.6,93.6,heavy_rainfall,2023-24,3441.8,1033,1107.29
08-09-2023,Kandri,Maharashtra,1222.5,1119.99,102.51,8.4,60.5,2.1,FALSE,0,89.6,95,heavy_rainfall,2023-24,3441.8,1033,1119.99
09-09-2023,Kandri,Maharashtra,1222.5,1172.7,49.8,4.1,30,0,FALSE,0,77,88.5,transport_issue,2023-24,3441.8,1033,1172.7
10-09-2023,Kandri,Maharashtra,1222.5,1167.48,55.02,4.5,6.9,0,TRUE,1.4,88.4,95.3,transport_issue,2023-24,3441.8,1033,1167.48
11-09-2023,Kandri,Maharashtra,1222.5,1053.56,168.94,13.8,39.7,3,FALSE,0,78.5,89,transport_issue,2023-24,3441.8,1033,1053.56
12-09-2023,Kandri,Maharashtra,1222.5,1211.11,11.39,0.9,24.6,0,FALSE,0,92,97.5,transport_issue,2023-24,3441.8,1033,1211.11
13-09-2023,Kandri,Maharashtra,1222.5,1125.66,96.84,7.9,10,3.2,FALSE,0,80.2,90.5,transport_issue,2023-24,3441.8,1033,1125.66
14-09-2023,Kandri,Maharashtra,1222.5,1199.2,23.3,1.9,9.8,0,FALSE,0,82.3,98.7,transport_issue,2023-24,3441.8,1033,1199.2
15-09-2023,Kandri,Maharashtra,1222.5,1181.59,40.91,3.3,40.2,0,FALSE,0,82.5,94.9,transport_issue,2023-24,3441.8,1033,1181.59
16-09-2023,Kandri,Maharashtra,1222.5,1119.4,103.1,8.4,89.4,0,FALSE,0,85.1,94.7,heavy_rainfall,2023-24,3441.8,1033,1119.4
17-09-2023,Kandri,Maharashtra,1222.5,1184.12,38.38,3.1,39.6,0,FALSE,0,91.4,91.5,heavy_rainfall,2023-24,3441.8,1033,1184.12
18-09-2023,Kandri,Maharashtra,1222.5,1149.32,73.18,6,13,0,FALSE,0,75,94.8,transport_issue,2023-24,3441.8,1033,1149.32
19-09-2023,Kandri,Maharashtra,1222.5,1147.49,75.01,6.1,12.3,0,FALSE,0,77.6,92.4,transport_issue,2023-24,3441.8,1033,1147.49
20-09-2023,Kandri,Maharashtra,1222.5,1168.52,53.98,4.4,43.6,0,FALSE,0,92.1,90.2,heavy_rainfall,2023-24,3441.8,1033,1168.52
21-09-2023,Kandri,Maharashtra,1222.5,1179.98,42.52,3.5,23.2,0,FALSE,0,76,96.5,transport_issue,2023-24,3441.8,1033,1179.98
22-09-2023,Kandri,Maharashtra,1222.5,1140.83,81.67,6.7,11.6,0,FALSE,0,85.2,86.7,transport_issue,2023-24,3441.8,1033,1140.83
23-09-2023,Kandri,Maharashtra,1222.5,1200.17,22.33,1.8,26.3,0,FALSE,0,79.1,96.9,transport_issue,2023-24,3441.8,1033,1200.17
24-09-2023,Kandri,Maharashtra,1222.5,1195.93,26.57,2.2,7.9,0,FALSE,0,80.7,96,transport_issue,2023-24,3441.8,1033,1195.93
25-09-2023,Kandri,Maharashtra,1222.5,1147.96,74.54,6.1,8.5,0,FALSE,0,91.4,88.2,labour_shortage,2023-24,3441.8,1033,1147.96
26-09-2023,Kandri,Maharashtra,1222.5,1203.21,19.29,1.6,19.9,0,FALSE,0,86.5,90,transport_issue,2023-24,3441.8,1033,1203.21
27-09-2023,Kandri,Maharashtra,1222.5,1010.31,212.19,17.4,43.5,7.8,FALSE,0,79.3,94.8,transport_issue,2023-24,3441.8,1033,1010.31
28-09-2023,Kandri,Maharashtra,1222.5,1184.5,38,3.1,38.8,0,FALSE,0,82.1,94.5,transport_issue,2023-24,3441.8,1033,1184.5
29-09-2023,Kandri,Maharashtra,1222.5,1125.05,97.45,8,53.5,0,FALSE,0,85.4,96,heavy_rainfall,2023-24,3441.8,1033,1125.05
30-09-2023,Kandri,Maharashtra,1222.5,1178.5,44,3.6,31.1,0,FALSE,0,80.3,92.6,transport_issue,2023-24,3441.8,1033,1178.5
01-10-2023,Kandri,Maharashtra,1222.5,1153.36,69.14,5.7,0.8,0,FALSE,0,83.5,94.8,transport_issue,2023-24,3441.8,1033,1153.36
02-10-2023,Kandri,Maharashtra,1222.5,1228.16,-5.66,-0.5,2.5,0,FALSE,0,96.3,88.9,none,2023-24,3441.8,1033,1228.16
03-10-2023,Kandri,Maharashtra,1222.5,1176.63,45.87,3.8,12,0,FALSE,0,96,100,transport_issue,2023-24,3441.8,1033,1176.63
04-10-2023,Kandri,Maharashtra,1222.5,1173.34,49.16,4,1.2,0,FALSE,0,94.6,92,labour_shortage,2023-24,3441.8,1033,1173.34
05-10-2023,Kandri,Maharashtra,1222.5,1165.44,57.06,4.7,2.6,3.2,FALSE,0,96,99,equipment_failure,2023-24,3441.8,1033,1165.44
06-10-2023,Kandri,Maharashtra,1222.5,1156.85,65.65,5.4,8.2,0,FALSE,0,87.3,100,transport_issue,2023-24,3441.8,1033,1156.85
07-10-2023,Kandri,Maharashtra,1222.5,1223.15,-0.65,-0.1,1.7,0,FALSE,0,90,96,none,2023-24,3441.8,1033,1223.15
08-10-2023,Kandri,Maharashtra,1222.5,1095.93,126.57,10.4,0.2,7.2,FALSE,0,91.4,96.6,equipment_failure,2023-24,3441.8,1033,1095.93
09-10-2023,Kandri,Maharashtra,1222.5,1165.06,57.44,4.7,4.5,0,FALSE,0,87,97.9,transport_issue,2023-24,3441.8,1033,1165.06
10-10-2023,Kandri,Maharashtra,1222.5,1183.03,39.47,3.2,1.3,0,FALSE,0,87.4,96.1,transport_issue,2023-24,3441.8,1033,1183.03
11-10-2023,Kandri,Maharashtra,1222.5,1189.37,33.13,2.7,5.8,0,FALSE,0,90,94.5,transport_issue,2023-24,3441.8,1033,1189.37
12-10-2023,Kandri,Maharashtra,1222.5,1193.96,28.54,2.3,3.1,0,FALSE,0,84.4,90.2,transport_issue,2023-24,3441.8,1033,1193.96
13-10-2023,Kandri,Maharashtra,1222.5,1153.8,68.7,5.6,1.9,0,FALSE,0,83.6,98.6,transport_issue,2023-24,3441.8,1033,1153.8
14-10-2023,Kandri,Maharashtra,1222.5,1193.33,29.17,2.4,2.1,0,FALSE,0,93.6,90,labour_shortage,2023-24,3441.8,1033,1193.33
15-10-2023,Kandri,Maharashtra,1222.5,1184.75,37.75,3.1,4.8,0,FALSE,0,91.2,95.8,transport_issue,2023-24,3441.8,1033,1184.75
16-10-2023,Kandri,Maharashtra,1222.5,1172.04,50.46,4.1,2.6,0,FALSE,0,90.4,99.5,transport_issue,2023-24,3441.8,1033,1172.04
17-10-2023,Kandri,Maharashtra,1222.5,1160.46,62.04,5.1,1.3,0,FALSE,0,85.5,92,transport_issue,2023-24,3441.8,1033,1160.46
18-10-2023,Kandri,Maharashtra,1222.5,897.24,325.26,26.6,9.5,15,FALSE,0,94.1,90.7,equipment_failure,2023-24,3441.8,1033,897.24
19-10-2023,Kandri,Maharashtra,1222.5,1178.89,43.61,3.6,6.7,0,FALSE,0,97.5,95.6,labour_shortage,2023-24,3441.8,1033,1178.89
20-10-2023,Kandri,Maharashtra,1222.5,1174.67,47.83,3.9,4.4,0,FALSE,0,97.5,89.9,labour_shortage,2023-24,3441.8,1033,1174.67
21-10-2023,Kandri,Maharashtra,1222.5,1181.77,40.73,3.3,5.1,0,FALSE,0,92.3,96.1,transport_issue,2023-24,3441.8,1033,1181.77
22-10-2023,Kandri,Maharashtra,1222.5,1206.37,16.13,1.3,10.4,0,FALSE,0,86.3,94.7,transport_issue,2023-24,3441.8,1033,1206.37
23-10-2023,Kandri,Maharashtra,1222.5,1199.78,22.72,1.9,2,0,FALSE,0,90.2,97.7,transport_issue,2023-24,3441.8,1033,1199.78
24-10-2023,Kandri,Maharashtra,1222.5,1185.69,36.81,3,6.8,0,FALSE,0,87.1,96.3,transport_issue,2023-24,3441.8,1033,1185.69
25-10-2023,Kandri,Maharashtra,1222.5,1212.52,9.98,0.8,3.6,0,FALSE,0,97.4,97.9,transport_issue,2023-24,3441.8,1033,1212.52
26-10-2023,Kandri,Maharashtra,1222.5,1217.91,4.59,0.4,1.9,0,FALSE,0,98.3,100,none,2023-24,3441.8,1033,1217.91
27-10-2023,Kandri,Maharashtra,1222.5,1180.38,42.12,3.4,7.8,0,FALSE,0,86.5,88.6,transport_issue,2023-24,3441.8,1033,1180.38
28-10-2023,Kandri,Maharashtra,1222.5,1230.18,-7.68,-0.6,1.3,0,FALSE,0,92.2,97.8,none,2023-24,3441.8,1033,1230.18
29-10-2023,Kandri,Maharashtra,1222.5,1171.13,51.37,4.2,1.7,0,FALSE,0,92.3,98,transport_issue,2023-24,3441.8,1033,1171.13
30-10-2023,Kandri,Maharashtra,1222.5,1218,4.5,0.4,0.4,0,FALSE,0,88.6,100,transport_issue,2023-24,3441.8,1033,1218
31-10-2023,Kandri,Maharashtra,1222.5,1159.51,62.99,5.2,3.1,0,FALSE,0,93.9,92.5,labour_shortage,2023-24,3441.8,1033,1159.51
01-11-2023,Kandri,Maharashtra,1222.5,1076.94,145.56,11.9,3.4,4.8,FALSE,0,89.2,93.6,transport_issue,2023-24,3441.8,1033,1076.94
02-11-2023,Kandri,Maharashtra,1222.5,1193.31,29.19,2.4,0.2,0,FALSE,0,100,98.5,none,2023-24,3441.8,1033,1193.31
03-11-2023,Kandri,Maharashtra,1222.5,1214.59,7.91,0.6,4.1,0,FALSE,0,90.9,90.7,labour_shortage,2023-24,3441.8,1033,1214.59
04-11-2023,Kandri,Maharashtra,1222.5,1163.61,58.89,4.8,2.1,0,FALSE,0,90.1,99.4,transport_issue,2023-24,3441.8,1033,1163.61
05-11-2023,Kandri,Maharashtra,1222.5,1165.63,56.87,4.7,1,0,FALSE,0,90.7,94.5,transport_issue,2023-24,3441.8,1033,1165.63
06-11-2023,Kandri,Maharashtra,1222.5,1168.23,54.27,4.4,2.1,0,FALSE,0,92.6,95.9,transport_issue,2023-24,3441.8,1033,1168.23
07-11-2023,Kandri,Maharashtra,1222.5,1186.69,35.81,2.9,4,0,FALSE,0,89.5,100,transport_issue,2023-24,3441.8,1033,1186.69
08-11-2023,Kandri,Maharashtra,1222.5,1178.7,43.8,3.6,5.4,0,FALSE,0,93,91.1,labour_shortage,2023-24,3441.8,1033,1178.7
09-11-2023,Kandri,Maharashtra,1222.5,1208.72,13.78,1.1,8.7,0,FALSE,0,100,92.7,labour_shortage,2023-24,3441.8,1033,1208.72
10-11-2023,Kandri,Maharashtra,1222.5,1203.8,18.7,1.5,0.5,0,FALSE,0,95.1,97.7,transport_issue,2023-24,3441.8,1033,1203.8
11-11-2023,Kandri,Maharashtra,1222.5,1115,107.5,8.8,3,4.7,FALSE,0,100,100,equipment_failure,2023-24,3441.8,1033,1115
12-11-2023,Kandri,Maharashtra,1222.5,1227.67,-5.17,-0.4,5.3,0,FALSE,0,87.7,100,none,2023-24,3441.8,1033,1227.67
13-11-2023,Kandri,Maharashtra,1222.5,1125.58,96.92,7.9,6.8,5.1,FALSE,0,95.2,98.4,equipment_failure,2023-24,3441.8,1033,1125.58
14-11-2023,Kandri,Maharashtra,1222.5,1171.23,51.27,4.2,9.9,0,FALSE,0,89.3,96.3,transport_issue,2023-24,3441.8,1033,1171.23
15-11-2023,Kandri,Maharashtra,1222.5,1200.7,21.8,1.8,5.4,0,FALSE,0,88.3,95.5,transport_issue,2023-24,3441.8,1033,1200.7
16-11-2023,Kandri,Maharashtra,1222.5,1232.51,-10.01,-0.8,2.2,0,FALSE,0,96,93.1,none,2023-24,3441.8,1033,1232.51
17-11-2023,Kandri,Maharashtra,1222.5,1190.94,31.56,2.6,4.5,0,FALSE,0,91.5,98.4,transport_issue,2023-24,3441.8,1033,1190.94
18-11-2023,Kandri,Maharashtra,1222.5,1198.94,23.56,1.9,1,0,FALSE,0,97.3,94.2,labour_shortage,2023-24,3441.8,1033,1198.94
19-11-2023,Kandri,Maharashtra,1222.5,1183.55,38.95,3.2,4.8,0,FALSE,0,93.6,89.9,labour_shortage,2023-24,3441.8,1033,1183.55
20-11-2023,Kandri,Maharashtra,1222.5,1185.91,36.59,3,5.8,0,FALSE,0,100,93.1,labour_shortage,2023-24,3441.8,1033,1185.91
21-11-2023,Kandri,Maharashtra,1222.5,1183.5,39,3.2,3.4,0,FALSE,0,87.9,93.6,transport_issue,2023-24,3441.8,1033,1183.5
22-11-2023,Kandri,Maharashtra,1222.5,1247.95,-25.45,-2.1,2.2,0,FALSE,0,99,95.9,none,2023-24,3441.8,1033,1247.95
23-11-2023,Kandri,Maharashtra,1222.5,1226.69,-4.19,-0.3,1.5,0,FALSE,0,100,93.7,none,2023-24,3441.8,1033,1226.69
24-11-2023,Kandri,Maharashtra,1222.5,1085.37,137.13,11.2,7.7,5.8,FALSE,0,90.8,94.3,equipment_failure,2023-24,3441.8,1033,1085.37
25-11-2023,Kandri,Maharashtra,1222.5,1115.93,106.57,8.7,4.1,0,TRUE,1.6,85,89.8,transport_issue,2023-24,3441.8,1033,1115.93
26-11-2023,Kandri,Maharashtra,1222.5,1188.75,33.75,2.8,1.4,0,FALSE,0,88.3,97.8,transport_issue,2023-24,3441.8,1033,1188.75
27-11-2023,Kandri,Maharashtra,1222.5,1173.5,49,4,0.3,0,FALSE,0,88.6,99.5,transport_issue,2023-24,3441.8,1033,1173.5
28-11-2023,Kandri,Maharashtra,1222.5,1119.99,102.51,8.4,3.1,0,TRUE,3.1,88.4,90.1,transport_issue,2023-24,3441.8,1033,1119.99
29-11-2023,Kandri,Maharashtra,1222.5,1098.94,123.56,10.1,3.7,6.2,FALSE,0,86.8,98.8,transport_issue,2023-24,3441.8,1033,1098.94
30-11-2023,Kandri,Maharashtra,1222.5,1161.24,61.26,5,1.6,3.3,FALSE,0,95.7,91.2,labour_shortage,2023-24,3441.8,1033,1161.24
01-12-2023,Kandri,Maharashtra,1222.5,1202.77,19.73,1.6,3.3,0,FALSE,0,95.5,92.7,labour_shortage,2023-24,3441.8,1033,1202.77
02-12-2023,Kandri,Maharashtra,1222.5,1188.5,34,2.8,12.1,0,FALSE,0,97,91.8,labour_shortage,2023-24,3441.8,1033,1188.5
03-12-2023,Kandri,Maharashtra,1222.5,1191.51,30.99,2.5,1.9,0,FALSE,0,90.3,87.5,labour_shortage,2023-24,3441.8,1033,1191.51
04-12-2023,Kandri,Maharashtra,1222.5,1185.3,37.2,3,3.7,0,FALSE,0,85.9,100,transport_issue,2023-24,3441.8,1033,1185.3
05-12-2023,Kandri,Maharashtra,1222.5,1183.92,38.58,3.2,2.8,0,FALSE,0,95.9,88.7,labour_shortage,2023-24,3441.8,1033,1183.92
06-12-2023,Kandri,Maharashtra,1222.5,1224.95,-2.45,-0.2,9.7,0,FALSE,0,91,98.1,none,2023-24,3441.8,1033,1224.95
07-12-2023,Kandri,Maharashtra,1222.5,1148.45,74.05,6.1,2,2.4,FALSE,0,88.1,98.5,transport_issue,2023-24,3441.8,1033,1148.45
08-12-2023,Kandri,Maharashtra,1222.5,1181.37,41.13,3.4,1.7,0,FALSE,0,94.8,95.8,transport_issue,2023-24,3441.8,1033,1181.37
09-12-2023,Kandri,Maharashtra,1222.5,1207.36,15.14,1.2,4.8,0,FALSE,0,97.1,88.7,labour_shortage,2023-24,3441.8,1033,1207.36
10-12-2023,Kandri,Maharashtra,1222.5,1169.06,53.44,4.4,3.8,0,FALSE,0,90.9,94.4,transport_issue,2023-24,3441.8,1033,1169.06
11-12-2023,Kandri,Maharashtra,1222.5,1237.35,-14.85,-1.2,8.8,0,FALSE,0,96.1,97,none,2023-24,3441.8,1033,1237.35
12-12-2023,Kandri,Maharashtra,1222.5,1132.33,90.17,7.4,1.4,0,TRUE,4.1,100,98,blasting_delay,2023-24,3441.8,1033,1132.33
13-12-2023,Kandri,Maharashtra,1222.5,1177.48,45.02,3.7,5.1,0,FALSE,0,96.6,92.9,labour_shortage,2023-24,3441.8,1033,1177.48
14-12-2023,Kandri,Maharashtra,1222.5,1256.81,-34.31,-2.8,4.6,0,FALSE,0,100,100,none,2023-24,3441.8,1033,1256.81
15-12-2023,Kandri,Maharashtra,1222.5,1163.99,58.51,4.8,1.9,0,FALSE,0,88,90.6,transport_issue,2023-24,3441.8,1033,1163.99
16-12-2023,Kandri,Maharashtra,1222.5,1213.39,9.11,0.7,2.3,0,FALSE,0,93.2,95,transport_issue,2023-24,3441.8,1033,1213.39
17-12-2023,Kandri,Maharashtra,1222.5,1165.77,56.73,4.6,8.4,0,FALSE,0,92.5,89.8,labour_shortage,2023-24,3441.8,1033,1165.77
18-12-2023,Kandri,Maharashtra,1222.5,1226.64,-4.14,-0.3,2.8,0,FALSE,0,96.1,100,none,2023-24,3441.8,1033,1226.64
19-12-2023,Kandri,Maharashtra,1222.5,1187.8,34.7,2.8,3.2,0,FALSE,0,93.1,92,labour_shortage,2023-24,3441.8,1033,1187.8
20-12-2023,Kandri,Maharashtra,1222.5,1182.41,40.09,3.3,2.4,0,FALSE,0,90.3,96.2,transport_issue,2023-24,3441.8,1033,1182.41
21-12-2023,Kandri,Maharashtra,1222.5,1244.25,-21.75,-1.8,8.4,0,FALSE,0,100,95.5,none,2023-24,3441.8,1033,1244.25
22-12-2023,Kandri,Maharashtra,1222.5,1053.68,168.82,13.8,7,6.9,FALSE,0,86.2,98.9,equipment_failure,2023-24,3441.8,1033,1053.68
23-12-2023,Kandri,Maharashtra,1222.5,1240.92,-18.42,-1.5,2.8,0,FALSE,0,100,100,none,2023-24,3441.8,1033,1240.92
24-12-2023,Kandri,Maharashtra,1222.5,1207.14,15.36,1.3,3.5,0,FALSE,0,89.8,90.9,transport_issue,2023-24,3441.8,1033,1207.14
25-12-2023,Kandri,Maharashtra,1222.5,1185.28,37.22,3,3.2,0,FALSE,0,96,100,transport_issue,2023-24,3441.8,1033,1185.28
26-12-2023,Kandri,Maharashtra,1222.5,1189.06,33.44,2.7,2.9,0,FALSE,0,95.8,95.8,labour_shortage,2023-24,3441.8,1033,1189.06
27-12-2023,Kandri,Maharashtra,1222.5,1120.44,102.06,8.3,3.6,0,TRUE,4.5,82.3,100,transport_issue,2023-24,3441.8,1033,1120.44
28-12-2023,Kandri,Maharashtra,1222.5,1175.5,47,3.8,2.3,0,TRUE,4.4,99.8,94.3,blasting_delay,2023-24,3441.8,1033,1175.5
29-12-2023,Kandri,Maharashtra,1222.5,1210.25,12.25,1,2.2,0,FALSE,0,95.5,93.6,labour_shortage,2023-24,3441.8,1033,1210.25
30-12-2023,Kandri,Maharashtra,1222.5,1194.44,28.06,2.3,2.7,0,FALSE,0,78.3,99.8,transport_issue,2023-24,3441.8,1033,1194.44
31-12-2023,Kandri,Maharashtra,1222.5,1228.01,-5.51,-0.5,8.3,0,FALSE,0,94.2,98.6,none,2023-24,3441.8,1033,1228.01
01-01-2024,Kandri,Maharashtra,1222.5,1198.19,24.31,2,4.3,0,FALSE,0,100,100,none,2023-24,3441.8,1033,1198.19
02-01-2024,Kandri,Maharashtra,1222.5,981.09,241.41,19.7,1.4,7.7,TRUE,3,86,91.9,equipment_failure,2023-24,3441.8,1033,981.09
03-01-2024,Kandri,Maharashtra,1222.5,1155.78,66.72,5.5,1.5,0,FALSE,0,82.7,97.1,transport_issue,2023-24,3441.8,1033,1155.78
04-01-2024,Kandri,Maharashtra,1222.5,1217,5.5,0.4,4.6,0,FALSE,0,95.4,90.7,labour_shortage,2023-24,3441.8,1033,1217
05-01-2024,Kandri,Maharashtra,1222.5,1188.23,34.27,2.8,2.3,0,FALSE,0,88.7,97.6,transport_issue,2023-24,3441.8,1033,1188.23
06-01-2024,Kandri,Maharashtra,1222.5,1179.69,42.81,3.5,2.2,0,FALSE,0,95.2,100,transport_issue,2023-24,3441.8,1033,1179.69
07-01-2024,Kandri,Maharashtra,1222.5,1137.47,85.03,7,5.7,0,TRUE,4.4,87.7,94.5,transport_issue,2023-24,3441.8,1033,1137.47
08-01-2024,Kandri,Maharashtra,1222.5,1201.86,20.64,1.7,3.2,0,FALSE,0,88.6,93.9,transport_issue,2023-24,3441.8,1033,1201.86
09-01-2024,Kandri,Maharashtra,1222.5,1214.55,7.95,0.7,0.4,0,FALSE,0,93.5,98.4,transport_issue,2023-24,3441.8,1033,1214.55
10-01-2024,Kandri,Maharashtra,1222.5,1213.82,8.68,0.7,8.6,0,FALSE,0,93.7,93.5,labour_shortage,2023-24,3441.8,1033,1213.82
11-01-2024,Kandri,Maharashtra,1222.5,1179.79,42.71,3.5,5,0,FALSE,0,89.6,92.1,transport_issue,2023-24,3441.8,1033,1179.79
12-01-2024,Kandri,Maharashtra,1222.5,1171.58,50.92,4.2,4,0,FALSE,0,93.3,97,transport_issue,2023-24,3441.8,1033,1171.58
13-01-2024,Kandri,Maharashtra,1222.5,1179.16,43.34,3.5,2.1,0,FALSE,0,88.8,96.9,transport_issue,2023-24,3441.8,1033,1179.16
14-01-2024,Kandri,Maharashtra,1222.5,1193.86,28.64,2.3,2.3,0,FALSE,0,86.8,94.3,transport_issue,2023-24,3441.8,1033,1193.86
15-01-2024,Kandri,Maharashtra,1222.5,1022.3,200.2,16.4,1.4,7.1,FALSE,0,86.9,94.4,equipment_failure,2023-24,3441.8,1033,1022.3
16-01-2024,Kandri,Maharashtra,1222.5,1169.93,52.57,4.3,3.2,0,FALSE,0,88.5,100,transport_issue,2023-24,3441.8,1033,1169.93
17-01-2024,Kandri,Maharashtra,1222.5,1179.99,42.51,3.5,2,0,FALSE,0,98.4,95,labour_shortage,2023-24,3441.8,1033,1179.99
18-01-2024,Kandri,Maharashtra,1222.5,1208.01,14.49,1.2,1.2,0,FALSE,0,91.8,90.8,labour_shortage,2023-24,3441.8,1033,1208.01
19-01-2024,Kandri,Maharashtra,1222.5,1078.25,144.25,11.8,1.3,6.2,FALSE,0,93.2,96.7,equipment_failure,2023-24,3441.8,1033,1078.25
20-01-2024,Kandri,Maharashtra,1222.5,1182.47,40.03,3.3,3.4,0,FALSE,0,94.7,98.7,transport_issue,2023-24,3441.8,1033,1182.47
21-01-2024,Kandri,Maharashtra,1222.5,1166.37,56.13,4.6,4.1,0,FALSE,0,90.9,92.5,transport_issue,2023-24,3441.8,1033,1166.37
22-01-2024,Kandri,Maharashtra,1222.5,1226.39,-3.89,-0.3,4.8,0,FALSE,0,95.9,100,none,2023-24,3441.8,1033,1226.39
23-01-2024,Kandri,Maharashtra,1222.5,1194.34,28.16,2.3,5.7,0,FALSE,0,93.7,100,transport_issue,2023-24,3441.8,1033,1194.34
24-01-2024,Kandri,Maharashtra,1222.5,1143.79,78.71,6.4,3.9,0,FALSE,0,72.4,90.2,transport_issue,2023-24,3441.8,1033,1143.79
25-01-2024,Kandri,Maharashtra,1222.5,1215.76,6.74,0.6,2.1,0,FALSE,0,100,92.7,labour_shortage,2023-24,3441.8,1033,1215.76
26-01-2024,Kandri,Maharashtra,1222.5,1187.68,34.82,2.8,1,0,FALSE,0,87.3,96.1,transport_issue,2023-24,3441.8,1033,1187.68
27-01-2024,Kandri,Maharashtra,1222.5,1216.06,6.44,0.5,0.9,0,FALSE,0,94.5,95,transport_issue,2023-24,3441.8,1033,1216.06
28-01-2024,Kandri,Maharashtra,1222.5,1191.01,31.49,2.6,5.7,0,FALSE,0,86.4,88.4,transport_issue,2023-24,3441.8,1033,1191.01
29-01-2024,Kandri,Maharashtra,1222.5,1182.75,39.75,3.3,5.7,0,FALSE,0,91.2,95.5,transport_issue,2023-24,3441.8,1033,1182.75
30-01-2024,Kandri,Maharashtra,1222.5,1172.83,49.67,4.1,1.8,0,FALSE,0,85.5,93.7,transport_issue,2023-24,3441.8,1033,1172.83
31-01-2024,Kandri,Maharashtra,1222.5,1131.75,90.75,7.4,2.3,0,FALSE,0,84.3,87.4,transport_issue,2023-24,3441.8,1033,1131.75
01-02-2024,Kandri,Maharashtra,1222.5,1192.4,30.1,2.5,9,0,FALSE,0,87.4,95,transport_issue,2023-24,3441.8,1033,1192.4
02-02-2024,Kandri,Maharashtra,1222.5,1182.8,39.7,3.2,0.4,0,FALSE,0,83,98,transport_issue,2023-24,3441.8,1033,1182.8
03-02-2024,Kandri,Maharashtra,1222.5,1186.19,36.31,3,1.2,0,FALSE,0,98.1,93.1,labour_shortage,2023-24,3441.8,1033,1186.19
04-02-2024,Kandri,Maharashtra,1222.5,1189.22,33.28,2.7,0.9,0,FALSE,0,90.9,100,transport_issue,2023-24,3441.8,1033,1189.22
05-02-2024,Kandri,Maharashtra,1222.5,1098.85,123.65,10.1,1.1,7.1,FALSE,0,93.2,97.7,equipment_failure,2023-24,3441.8,1033,1098.85
06-02-2024,Kandri,Maharashtra,1222.5,1219.12,3.38,0.3,1.3,0,FALSE,0,95.8,97.7,transport_issue,2023-24,3441.8,1033,1219.12
07-02-2024,Kandri,Maharashtra,1222.5,1088.36,134.14,11,6.7,6.5,FALSE,0,80.4,100,transport_issue,2023-24,3441.8,1033,1088.36
08-02-2024,Kandri,Maharashtra,1222.5,1181.88,40.62,3.3,12.5,0,FALSE,0,88.7,87.4,labour_shortage,2023-24,3441.8,1033,1181.88
09-02-2024,Kandri,Maharashtra,1222.5,1233.91,-11.41,-0.9,3.7,0,FALSE,0,93.3,97.3,none,2023-24,3441.8,1033,1233.91
10-02-2024,Kandri,Maharashtra,1222.5,1176.01,46.49,3.8,1.2,0,FALSE,0,100,91.3,labour_shortage,2023-24,3441.8,1033,1176.01
11-02-2024,Kandri,Maharashtra,1222.5,1188.59,33.91,2.8,0.8,0,FALSE,0,88.8,94.2,transport_issue,2023-24,3441.8,1033,1188.59
12-02-2024,Kandri,Maharashtra,1222.5,1165.37,57.13,4.7,6.6,0,FALSE,0,93.8,95,transport_issue,2023-24,3441.8,1033,1165.37
13-02-2024,Kandri,Maharashtra,1222.5,1219.77,2.73,0.2,3.4,0,FALSE,0,100,100,none,2023-24,3441.8,1033,1219.77
14-02-2024,Kandri,Maharashtra,1222.5,1161.91,60.59,5,5,0,FALSE,0,82.9,95.6,transport_issue,2023-24,3441.8,1033,1161.91
15-02-2024,Kandri,Maharashtra,1222.5,1203.88,18.62,1.5,1.1,0,FALSE,0,92.8,94,transport_issue,2023-24,3441.8,1033,1203.88
16-02-2024,Kandri,Maharashtra,1222.5,1205.8,16.7,1.4,3.5,0,TRUE,2.2,97.8,92.1,labour_shortage,2023-24,3441.8,1033,1205.8
17-02-2024,Kandri,Maharashtra,1222.5,1080.87,141.63,11.6,1.1,6.7,FALSE,0,91.4,99.1,equipment_failure,2023-24,3441.8,1033,1080.87
18-02-2024,Kandri,Maharashtra,1222.5,1091.48,131.02,10.7,2.8,0,TRUE,5.9,85.7,100,transport_issue,2023-24,3441.8,1033,1091.48
19-02-2024,Kandri,Maharashtra,1222.5,1144.44,78.06,6.4,4.6,2.8,FALSE,0,85.6,97.7,transport_issue,2023-24,3441.8,1033,1144.44
20-02-2024,Kandri,Maharashtra,1222.5,1228.26,-5.76,-0.5,4.4,0,FALSE,0,97.4,96.9,none,2023-24,3441.8,1033,1228.26
21-02-2024,Kandri,Maharashtra,1222.5,1196.54,25.96,2.1,2.8,0,FALSE,0,98.8,88.3,labour_shortage,2023-24,3441.8,1033,1196.54
22-02-2024,Kandri,Maharashtra,1222.5,1192.46,30.04,2.5,5.2,0,FALSE,0,85.2,95.4,transport_issue,2023-24,3441.8,1033,1192.46
23-02-2024,Kandri,Maharashtra,1222.5,1184.2,38.3,3.1,12.1,0,FALSE,0,92.9,93.8,transport_issue,2023-24,3441.8,1033,1184.2
24-02-2024,Kandri,Maharashtra,1222.5,1249.11,-26.61,-2.2,2.2,0,FALSE,0,100,96.2,none,2023-24,3441.8,1033,1249.11
25-02-2024,Kandri,Maharashtra,1222.5,1211.36,11.14,0.9,1,0,FALSE,0,98,96,labour_shortage,2023-24,3441.8,1033,1211.36
26-02-2024,Kandri,Maharashtra,1222.5,1154.07,68.43,5.6,14.8,0,TRUE,4.7,92.2,97.8,blasting_delay,2023-24,3441.8,1033,1154.07
27-02-2024,Kandri,Maharashtra,1222.5,1211.07,11.43,0.9,6.6,0,FALSE,0,94.6,89.2,labour_shortage,2023-24,3441.8,1033,1211.07
28-02-2024,Kandri,Maharashtra,1222.5,1246.33,-23.83,-1.9,5.3,0,FALSE,0,100,93.4,none,2023-24,3441.8,1033,1246.33
29-02-2024,Kandri,Maharashtra,1222.5,1208.78,13.72,1.1,8.9,0,FALSE,0,93.6,100,transport_issue,2023-24,3441.8,1033,1208.78
01-03-2024,Kandri,Maharashtra,1222.5,1186.24,36.26,3,1.1,0,FALSE,0,87.2,99.8,transport_issue,2023-24,3441.8,1033,1186.24
02-03-2024,Kandri,Maharashtra,1222.5,1087.8,134.7,11,15.6,5.9,FALSE,0,96.6,100,equipment_failure,2023-24,3441.8,1033,1087.8
03-03-2024,Kandri,Maharashtra,1222.5,1134.99,87.51,7.2,3.9,0,FALSE,0,81.2,91.6,transport_issue,2023-24,3441.8,1033,1134.99
04-03-2024,Kandri,Maharashtra,1222.5,1187.67,34.83,2.8,10.6,0,FALSE,0,95.1,94.6,labour_shortage,2023-24,3441.8,1033,1187.67
05-03-2024,Kandri,Maharashtra,1222.5,1212.59,9.91,0.8,0.9,0,FALSE,0,98.5,100,none,2023-24,3441.8,1033,1212.59
06-03-2024,Kandri,Maharashtra,1222.5,1204.56,17.94,1.5,9.3,0,FALSE,0,89.8,98.6,transport_issue,2023-24,3441.8,1033,1204.56
07-03-2024,Kandri,Maharashtra,1222.5,1202.67,19.83,1.6,1.9,0,FALSE,0,87.2,98.8,transport_issue,2023-24,3441.8,1033,1202.67
08-03-2024,Kandri,Maharashtra,1222.5,1217.07,5.43,0.4,7.1,0,FALSE,0,89.7,94.7,transport_issue,2023-24,3441.8,1033,1217.07
09-03-2024,Kandri,Maharashtra,1222.5,1183.81,38.69,3.2,3.9,0,FALSE,0,89.3,99.2,transport_issue,2023-24,3441.8,1033,1183.81
10-03-2024,Kandri,Maharashtra,1222.5,1189.41,33.09,2.7,1.6,0,FALSE,0,96.4,98.2,transport_issue,2023-24,3441.8,1033,1189.41
11-03-2024,Kandri,Maharashtra,1222.5,1169.63,52.87,4.3,2.3,0,FALSE,0,87.2,97.5,transport_issue,2023-24,3441.8,1033,1169.63
12-03-2024,Kandri,Maharashtra,1222.5,1172.95,49.55,4.1,3.1,0,FALSE,0,85.5,93.2,transport_issue,2023-24,3441.8,1033,1172.95
13-03-2024,Kandri,Maharashtra,1222.5,1228.59,-6.09,-0.5,1.1,0,FALSE,0,89.5,100,none,2023-24,3441.8,1033,1228.59
14-03-2024,Kandri,Maharashtra,1222.5,1204.53,17.97,1.5,6.5,0,FALSE,0,84,100,transport_issue,2023-24,3441.8,1033,1204.53
15-03-2024,Kandri,Maharashtra,1222.5,1241.3,-18.8,-1.5,2.9,0,FALSE,0,94.5,99,none,2023-24,3441.8,1033,1241.3
16-03-2024,Kandri,Maharashtra,1222.5,1172.91,49.59,4.1,0.7,0,FALSE,0,84.4,95.6,transport_issue,2023-24,3441.8,1033,1172.91
17-03-2024,Kandri,Maharashtra,1222.5,1187.18,35.32,2.9,2.1,0,FALSE,0,89.9,91.4,transport_issue,2023-24,3441.8,1033,1187.18
18-03-2024,Kandri,Maharashtra,1222.5,1160.13,62.37,5.1,3.7,0,FALSE,0,96.9,89.4,labour_shortage,2023-24,3441.8,1033,1160.13
19-03-2024,Kandri,Maharashtra,1222.5,1175.98,46.52,3.8,0.9,0,FALSE,0,88.7,98,transport_issue,2023-24,3441.8,1033,1175.98
20-03-2024,Kandri,Maharashtra,1222.5,1160.22,62.28,5.1,6.1,0,TRUE,2.3,90.9,96.5,transport_issue,2023-24,3441.8,1033,1160.22
21-03-2024,Kandri,Maharashtra,1222.5,1184.41,38.09,3.1,2.6,0,FALSE,0,90.3,97.7,transport_issue,2023-24,3441.8,1033,1184.41
22-03-2024,Kandri,Maharashtra,1222.5,1162.92,59.58,4.9,2.9,0,FALSE,0,77.8,96.4,transport_issue,2023-24,3441.8,1033,1162.92
23-03-2024,Kandri,Maharashtra,1222.5,1178.26,44.24,3.6,7.6,0,FALSE,0,87.7,93,transport_issue,2023-24,3441.8,1033,1178.26
24-03-2024,Kandri,Maharashtra,1222.5,1212.54,9.96,0.8,9.4,0,FALSE,0,100,99.7,none,2023-24,3441.8,1033,1212.54
25-03-2024,Kandri,Maharashtra,1222.5,1169.05,53.45,4.4,1.7,0,FALSE,0,92.8,96.7,transport_issue,2023-24,3441.8,1033,1169.05
26-03-2024,Kandri,Maharashtra,1222.5,1209.03,13.47,1.1,6.2,0,FALSE,0,92.5,95.4,transport_issue,2023-24,3441.8,1033,1209.03
27-03-2024,Kandri,Maharashtra,1222.5,1201.16,21.34,1.7,1.5,0,FALSE,0,91.3,93.3,transport_issue,2023-24,3441.8,1033,1201.16
28-03-2024,Kandri,Maharashtra,1222.5,1190.33,32.17,2.6,5.1,0,FALSE,0,88.6,100,transport_issue,2023-24,3441.8,1033,1190.33
29-03-2024,Kandri,Maharashtra,1222.5,1190.39,32.11,2.6,1.7,0,FALSE,0,92.5,98.4,transport_issue,2023-24,3441.8,1033,1190.39
30-03-2024,Kandri,Maharashtra,1222.5,1169.87,52.63,4.3,1.5,0,FALSE,0,89.8,92.8,transport_issue,2023-24,3441.8,1033,1169.87
31-03-2024,Kandri,Maharashtra,1222.5,1047.71,174.79,14.3,2.6,6.7,FALSE,0,89.4,92.5,equipment_failure,2023-24,3441.8,1033,1047.71
01-04-2023,Munsar,Maharashtra,1128.46,1007.69,120.77,10.7,0.5,6.2,FALSE,0,97.6,97.6,equipment_failure,2023-24,3441.8,1033,1007.69
02-04-2023,Munsar,Maharashtra,1128.46,1066.94,61.52,5.5,1.6,0,FALSE,0,91.2,92.6,transport_issue,2023-24,3441.8,1033,1066.94
03-04-2023,Munsar,Maharashtra,1128.46,1126.12,2.34,0.2,7,0,FALSE,0,96.7,95.9,labour_shortage,2023-24,3441.8,1033,1126.12
04-04-2023,Munsar,Maharashtra,1128.46,1116.45,12.01,1.1,3.3,0,FALSE,0,94.1,94.2,transport_issue,2023-24,3441.8,1033,1116.45
05-04-2023,Munsar,Maharashtra,1128.46,1119.29,9.17,0.8,3.1,0,FALSE,0,96.9,97.4,transport_issue,2023-24,3441.8,1033,1119.29
06-04-2023,Munsar,Maharashtra,1128.46,988.69,139.77,12.4,2.5,7,FALSE,0,97.4,100,equipment_failure,2023-24,3441.8,1033,988.69
07-04-2023,Munsar,Maharashtra,1128.46,1062.04,66.42,5.9,0.7,0,FALSE,0,86.4,92.8,transport_issue,2023-24,3441.8,1033,1062.04
08-04-2023,Munsar,Maharashtra,1128.46,968.72,159.74,14.2,3.5,10.5,FALSE,0,98.8,99.5,equipment_failure,2023-24,3441.8,1033,968.72
09-04-2023,Munsar,Maharashtra,1128.46,1080.94,47.52,4.2,3.2,0,FALSE,0,87.4,91.7,transport_issue,2023-24,3441.8,1033,1080.94
10-04-2023,Munsar,Maharashtra,1128.46,1088.9,39.56,3.5,3.8,0,FALSE,0,100,88.2,labour_shortage,2023-24,3441.8,1033,1088.9
11-04-2023,Munsar,Maharashtra,1128.46,1057.33,71.13,6.3,9.4,0,TRUE,4,98,94.3,blasting_delay,2023-24,3441.8,1033,1057.33
12-04-2023,Munsar,Maharashtra,1128.46,1091.15,37.31,3.3,3.4,0,FALSE,0,94.5,100,transport_issue,2023-24,3441.8,1033,1091.15
13-04-2023,Munsar,Maharashtra,1128.46,1127.18,1.28,0.1,7.5,0,FALSE,0,94.7,93.7,labour_shortage,2023-24,3441.8,1033,1127.18
14-04-2023,Munsar,Maharashtra,1128.46,1096.64,31.82,2.8,5.5,0,FALSE,0,93.5,99.4,transport_issue,2023-24,3441.8,1033,1096.64
15-04-2023,Munsar,Maharashtra,1128.46,1090.15,38.31,3.4,4.4,0,FALSE,0,94.6,91.8,labour_shortage,2023-24,3441.8,1033,1090.15
16-04-2023,Munsar,Maharashtra,1128.46,1030.02,98.44,8.7,4.9,2.1,FALSE,0,82.9,90.6,transport_issue,2023-24,3441.8,1033,1030.02
17-04-2023,Munsar,Maharashtra,1128.46,1048.02,80.44,7.1,0.5,0,FALSE,0,84.5,90.4,transport_issue,2023-24,3441.8,1033,1048.02
18-04-2023,Munsar,Maharashtra,1128.46,1110.59,17.87,1.6,5.4,0,FALSE,0,98,84.5,labour_shortage,2023-24,3441.8,1033,1110.59
19-04-2023,Munsar,Maharashtra,1128.46,1118.75,9.71,0.9,4,0,FALSE,0,92.5,97.2,transport_issue,2023-24,3441.8,1033,1118.75
20-04-2023,Munsar,Maharashtra,1128.46,1128.18,0.28,0,2.5,0,FALSE,0,97.9,91,labour_shortage,2023-24,3441.8,1033,1128.18
21-04-2023,Munsar,Maharashtra,1128.46,1085.56,42.9,3.8,3.5,0,FALSE,0,96,93,labour_shortage,2023-24,3441.8,1033,1085.56
22-04-2023,Munsar,Maharashtra,1128.46,1101.29,27.17,2.4,2.9,0,FALSE,0,91.1,99,transport_issue,2023-24,3441.8,1033,1101.29
23-04-2023,Munsar,Maharashtra,1128.46,1094.45,34.01,3,3.8,0,FALSE,0,100,88.4,labour_shortage,2023-24,3441.8,1033,1094.45
24-04-2023,Munsar,Maharashtra,1128.46,1104.27,24.19,2.1,2,0,FALSE,0,95.3,92.5,labour_shortage,2023-24,3441.8,1033,1104.27
25-04-2023,Munsar,Maharashtra,1128.46,1066.98,61.48,5.4,1.3,0,FALSE,0,89.4,92.1,transport_issue,2023-24,3441.8,1033,1066.98
26-04-2023,Munsar,Maharashtra,1128.46,1108.33,20.13,1.8,5.7,0,FALSE,0,91.9,100,transport_issue,2023-24,3441.8,1033,1108.33
27-04-2023,Munsar,Maharashtra,1128.46,1072.06,56.4,5,6.5,0,FALSE,0,83.8,95.4,transport_issue,2023-24,3441.8,1033,1072.06
28-04-2023,Munsar,Maharashtra,1128.46,1108.04,20.42,1.8,3,0,FALSE,0,86.8,90.4,transport_issue,2023-24,3441.8,1033,1108.04
29-04-2023,Munsar,Maharashtra,1128.46,1132.66,-4.2,-0.4,1.9,0,FALSE,0,100,99.8,none,2023-24,3441.8,1033,1132.66
30-04-2023,Munsar,Maharashtra,1128.46,978.99,149.47,13.2,2,6.7,FALSE,0,98.2,96.2,equipment_failure,2023-24,3441.8,1033,978.99
01-05-2023,Munsar,Maharashtra,1128.46,1096.39,32.07,2.8,3,0,FALSE,0,94.5,85.9,labour_shortage,2023-24,3441.8,1033,1096.39
02-05-2023,Munsar,Maharashtra,1128.46,1113.55,14.91,1.3,6.9,0,FALSE,0,100,91.4,labour_shortage,2023-24,3441.8,1033,1113.55
03-05-2023,Munsar,Maharashtra,1128.46,1135.56,-7.1,-0.6,6.5,0,FALSE,0,99.8,89.1,none,2023-24,3441.8,1033,1135.56
04-05-2023,Munsar,Maharashtra,1128.46,1032.81,95.65,8.5,6.4,0,TRUE,5.4,100,99.5,blasting_delay,2023-24,3441.8,1033,1032.81
05-05-2023,Munsar,Maharashtra,1128.46,1101.8,26.66,2.4,4.1,0,FALSE,0,98.3,100,none,2023-24,3441.8,1033,1101.8
06-05-2023,Munsar,Maharashtra,1128.46,1123.08,5.38,0.5,0.5,0,FALSE,0,92.7,89,labour_shortage,2023-24,3441.8,1033,1123.08
07-05-2023,Munsar,Maharashtra,1128.46,1052.13,76.33,6.8,6.1,0,FALSE,0,84.9,93.1,transport_issue,2023-24,3441.8,1033,1052.13
08-05-2023,Munsar,Maharashtra,1128.46,1101.28,27.18,2.4,11.5,0,FALSE,0,100,95.5,labour_shortage,2023-24,3441.8,1033,1101.28
09-05-2023,Munsar,Maharashtra,1128.46,1099.33,29.13,2.6,3.7,0,FALSE,0,91.3,88.7,labour_shortage,2023-24,3441.8,1033,1099.33
10-05-2023,Munsar,Maharashtra,1128.46,958.59,169.87,15.1,0.5,5.2,FALSE,0,79.2,88.3,transport_issue,2023-24,3441.8,1033,958.59
11-05-2023,Munsar,Maharashtra,1128.46,1124.95,3.51,0.3,3.6,0,FALSE,0,94.6,93.3,labour_shortage,2023-24,3441.8,1033,1124.95
12-05-2023,Munsar,Maharashtra,1128.46,975.41,153.05,13.6,7.8,6.9,FALSE,0,84.8,90.1,transport_issue,2023-24,3441.8,1033,975.41
13-05-2023,Munsar,Maharashtra,1128.46,1092.69,35.77,3.2,2.3,0,FALSE,0,87.7,98.1,transport_issue,2023-24,3441.8,1033,1092.69
14-05-2023,Munsar,Maharashtra,1128.46,1107.2,21.26,1.9,2.8,0,FALSE,0,85.1,90.3,transport_issue,2023-24,3441.8,1033,1107.2
15-05-2023,Munsar,Maharashtra,1128.46,1064.51,63.95,5.7,8.6,0,FALSE,0,80.1,91.5,transport_issue,2023-24,3441.8,1033,1064.51
16-05-2023,Munsar,Maharashtra,1128.46,1107.82,20.64,1.8,7.3,0,FALSE,0,84.1,94.9,transport_issue,2023-24,3441.8,1033,1107.82
17-05-2023,Munsar,Maharashtra,1128.46,1067.13,61.33,5.4,1.4,0,FALSE,0,86.1,95.9,transport_issue,2023-24,3441.8,1033,1067.13
18-05-2023,Munsar,Maharashtra,1128.46,1151.56,-23.1,-2,5.6,0,FALSE,0,96.8,98.4,none,2023-24,3441.8,1033,1151.56
19-05-2023,Munsar,Maharashtra,1128.46,1108.65,19.81,1.8,5.2,0,FALSE,0,83.6,99.7,transport_issue,2023-24,3441.8,1033,1108.65
20-05-2023,Munsar,Maharashtra,1128.46,1116.94,11.52,1,3.7,0,FALSE,0,90.9,90.1,labour_shortage,2023-24,3441.8,1033,1116.94
21-05-2023,Munsar,Maharashtra,1128.46,988.4,140.06,12.4,3.5,6.4,FALSE,0,91.8,87.3,equipment_failure,2023-24,3441.8,1033,988.4
22-05-2023,Munsar,Maharashtra,1128.46,1090.64,37.82,3.4,1.9,0,FALSE,0,96.2,100,transport_issue,2023-24,3441.8,1033,1090.64
23-05-2023,Munsar,Maharashtra,1128.46,1124.89,3.57,0.3,4.8,0,FALSE,0,92.9,92,labour_shortage,2023-24,3441.8,1033,1124.89
24-05-2023,Munsar,Maharashtra,1128.46,1150.81,-22.35,-2,12.4,0,FALSE,0,98.8,97,none,2023-24,3441.8,1033,1150.81
25-05-2023,Munsar,Maharashtra,1128.46,1089.71,38.75,3.4,1.5,0,FALSE,0,95.2,93,labour_shortage,2023-24,3441.8,1033,1089.71
26-05-2023,Munsar,Maharashtra,1128.46,1065.4,63.06,5.6,1.7,0,FALSE,0,81.2,90.7,transport_issue,2023-24,3441.8,1033,1065.4
27-05-2023,Munsar,Maharashtra,1128.46,1089.78,38.68,3.4,1.7,0,FALSE,0,96.5,90.1,labour_shortage,2023-24,3441.8,1033,1089.78
28-05-2023,Munsar,Maharashtra,1128.46,1072.76,55.7,4.9,3.6,0,TRUE,4.1,100,91.2,labour_shortage,2023-24,3441.8,1033,1072.76
29-05-2023,Munsar,Maharashtra,1128.46,1080.28,48.18,4.3,4.8,0,FALSE,0,89.4,99.6,transport_issue,2023-24,3441.8,1033,1080.28
30-05-2023,Munsar,Maharashtra,1128.46,1083.29,45.17,4,1.7,0,FALSE,0,91.9,89.5,labour_shortage,2023-24,3441.8,1033,1083.29
31-05-2023,Munsar,Maharashtra,1128.46,1108.29,20.17,1.8,2.9,0,FALSE,0,97.5,89.9,labour_shortage,2023-24,3441.8,1033,1108.29
01-06-2023,Munsar,Maharashtra,1128.46,1022.13,106.33,9.4,78.7,0,FALSE,0,77.2,92,heavy_rainfall,2023-24,3441.8,1033,1022.13
02-06-2023,Munsar,Maharashtra,1128.46,1077.58,50.88,4.5,26.1,0,FALSE,0,89.2,99.6,transport_issue,2023-24,3441.8,1033,1077.58
03-06-2023,Munsar,Maharashtra,1128.46,1043.6,84.86,7.5,35.8,0,FALSE,0,75,95.1,transport_issue,2023-24,3441.8,1033,1043.6
04-06-2023,Munsar,Maharashtra,1128.46,907.86,220.6,19.5,135.5,0,TRUE,3.9,79.5,97.5,heavy_rainfall,2023-24,3441.8,1033,907.86
05-06-2023,Munsar,Maharashtra,1128.46,1086.77,41.69,3.7,42.8,0,FALSE,0,84.7,96.1,transport_issue,2023-24,3441.8,1033,1086.77
06-06-2023,Munsar,Maharashtra,1128.46,1071.31,57.15,5.1,26.7,0,FALSE,0,84.1,92.3,transport_issue,2023-24,3441.8,1033,1071.31
07-06-2023,Munsar,Maharashtra,1128.46,1013.02,115.44,10.2,54.2,0,FALSE,0,74.7,96.4,heavy_rainfall,2023-24,3441.8,1033,1013.02
08-06-2023,Munsar,Maharashtra,1128.46,1078.67,49.79,4.4,3.2,0,FALSE,0,85.1,88.7,transport_issue,2023-24,3441.8,1033,1078.67
09-06-2023,Munsar,Maharashtra,1128.46,1027.7,100.76,8.9,47.9,0,FALSE,0,75.4,93.8,transport_issue,2023-24,3441.8,1033,1027.7
10-06-2023,Munsar,Maharashtra,1128.46,1074.81,53.65,4.8,26.1,0,FALSE,0,74.6,90.2,transport_issue,2023-24,3441.8,1033,1074.81
11-06-2023,Munsar,Maharashtra,1128.46,1077.64,50.82,4.5,29.4,0,FALSE,0,73.8,97.2,transport_issue,2023-24,3441.8,1033,1077.64
12-06-2023,Munsar,Maharashtra,1128.46,1082.4,46.06,4.1,42.2,0,FALSE,0,85.6,97,transport_issue,2023-24,3441.8,1033,1082.4
13-06-2023,Munsar,Maharashtra,1128.46,1069.56,58.9,5.2,52.1,0,FALSE,0,74.9,97,transport_issue,2023-24,3441.8,1033,1069.56
14-06-2023,Munsar,Maharashtra,1128.46,1089.77,38.69,3.4,11.9,0,FALSE,0,83.2,92.8,transport_issue,2023-24,3441.8,1033,1089.77
15-06-2023,Munsar,Maharashtra,1128.46,1043.69,84.77,7.5,86.3,0,FALSE,0,81.5,88.2,heavy_rainfall,2023-24,3441.8,1033,1043.69
16-06-2023,Munsar,Maharashtra,1128.46,1108.15,20.31,1.8,29.2,0,FALSE,0,80.7,97.8,transport_issue,2023-24,3441.8,1033,1108.15
17-06-2023,Munsar,Maharashtra,1128.46,1028.92,99.54,8.8,53.1,0,FALSE,0,80.6,91.5,heavy_rainfall,2023-24,3441.8,1033,1028.92
18-06-2023,Munsar,Maharashtra,1128.46,1054.72,73.74,6.5,10.1,0,FALSE,0,74.5,94.4,transport_issue,2023-24,3441.8,1033,1054.72
19-06-2023,Munsar,Maharashtra,1128.46,1093.65,34.81,3.1,11.5,0,FALSE,0,86.3,97.1,transport_issue,2023-24,3441.8,1033,1093.65
20-06-2023,Munsar,Maharashtra,1128.46,1051.42,77.04,6.8,1.2,0,FALSE,0,76.7,90.7,transport_issue,2023-24,3441.8,1033,1051.42
21-06-2023,Munsar,Maharashtra,1128.46,946.54,181.92,16.1,87.5,6.8,FALSE,0,82.2,100,heavy_rainfall,2023-24,3441.8,1033,946.54
22-06-2023,Munsar,Maharashtra,1128.46,1096.6,31.86,2.8,11.8,0,FALSE,0,86.6,97.8,transport_issue,2023-24,3441.8,1033,1096.6
23-06-2023,Munsar,Maharashtra,1128.46,1030.49,97.97,8.7,70.2,0,FALSE,0,83.4,98.1,heavy_rainfall,2023-24,3441.8,1033,1030.49
24-06-2023,Munsar,Maharashtra,1128.46,1056.35,72.11,6.4,10.7,0,TRUE,5.1,88.8,95.1,transport_issue,2023-24,3441.8,1033,1056.35
25-06-2023,Munsar,Maharashtra,1128.46,1058.7,69.76,6.2,31.9,0,FALSE,0,84.8,92.3,transport_issue,2023-24,3441.8,1033,1058.7
26-06-2023,Munsar,Maharashtra,1128.46,1017.69,110.77,9.8,35.2,0,FALSE,0,72.7,92.1,transport_issue,2023-24,3441.8,1033,1017.69
27-06-2023,Munsar,Maharashtra,1128.46,1010.85,117.61,10.4,12.2,0,TRUE,4.5,73.2,98,transport_issue,2023-24,3441.8,1033,1010.85
28-06-2023,Munsar,Maharashtra,1128.46,957.45,171.01,15.2,36.4,4.7,TRUE,4.6,86.2,95.4,transport_issue,2023-24,3441.8,1033,957.45
29-06-2023,Munsar,Maharashtra,1128.46,1061.37,67.09,5.9,22.7,0,FALSE,0,83.9,96.8,transport_issue,2023-24,3441.8,1033,1061.37
30-06-2023,Munsar,Maharashtra,1128.46,877.89,250.57,22.2,65.5,6.7,TRUE,4.6,82,97.7,heavy_rainfall,2023-24,3441.8,1033,877.89
01-07-2023,Munsar,Maharashtra,1128.46,1071.86,56.6,5,40.3,0,FALSE,0,83.4,97.7,transport_issue,2023-24,3441.8,1033,1071.86
02-07-2023,Munsar,Maharashtra,1128.46,964.64,163.82,14.5,26.2,6,FALSE,0,76.3,93.1,transport_issue,2023-24,3441.8,1033,964.64
03-07-2023,Munsar,Maharashtra,1128.46,1064.51,63.95,5.7,7.1,0,FALSE,0,77.1,93.3,transport_issue,2023-24,3441.8,1033,1064.51
04-07-2023,Munsar,Maharashtra,1128.46,977.17,151.29,13.4,57,0,TRUE,5.5,82.8,97.6,heavy_rainfall,2023-24,3441.8,1033,977.17
05-07-2023,Munsar,Maharashtra,1128.46,1088.24,40.22,3.6,29.1,0,FALSE,0,89.9,97.7,transport_issue,2023-24,3441.8,1033,1088.24
06-07-2023,Munsar,Maharashtra,1128.46,1008.58,119.88,10.6,24.5,6.1,FALSE,0,93.9,99.6,equipment_failure,2023-24,3441.8,1033,1008.58
07-07-2023,Munsar,Maharashtra,1128.46,1037.37,91.09,8.1,7.7,0,FALSE,0,70.2,87.8,transport_issue,2023-24,3441.8,1033,1037.37
08-07-2023,Munsar,Maharashtra,1128.46,1073.58,54.88,4.9,10.7,0,FALSE,0,79.9,89.7,transport_issue,2023-24,3441.8,1033,1073.58
09-07-2023,Munsar,Maharashtra,1128.46,1089.37,39.09,3.5,23.1,0,FALSE,0,84,94.6,transport_issue,2023-24,3441.8,1033,1089.37
10-07-2023,Munsar,Maharashtra,1128.46,1094.19,34.27,3,2.6,0,FALSE,0,83.5,99,transport_issue,2023-24,3441.8,1033,1094.19
11-07-2023,Munsar,Maharashtra,1128.46,1053.5,74.96,6.6,21.9,0,FALSE,0,80.7,94.3,transport_issue,2023-24,3441.8,1033,1053.5
12-07-2023,Munsar,Maharashtra,1128.46,1076.95,51.51,4.6,9.8,0,FALSE,0,78.2,95.4,transport_issue,2023-24,3441.8,1033,1076.95
13-07-2023,Munsar,Maharashtra,1128.46,991.63,136.83,12.1,12.7,8,FALSE,0,89,98.8,equipment_failure,2023-24,3441.8,1033,991.63
14-07-2023,Munsar,Maharashtra,1128.46,1048.81,79.65,7.1,59.9,0,FALSE,0,87,94.4,heavy_rainfall,2023-24,3441.8,1033,1048.81
15-07-2023,Munsar,Maharashtra,1128.46,1090.46,38,3.4,18.3,0,FALSE,0,77.8,98.2,transport_issue,2023-24,3441.8,1033,1090.46
16-07-2023,Munsar,Maharashtra,1128.46,981.95,146.51,13,9.6,0,TRUE,5.5,76.5,98.2,transport_issue,2023-24,3441.8,1033,981.95
17-07-2023,Munsar,Maharashtra,1128.46,1117.31,11.15,1,30.6,0,FALSE,0,90.2,94.1,transport_issue,2023-24,3441.8,1033,1117.31
18-07-2023,Munsar,Maharashtra,1128.46,1030.53,97.93,8.7,63.8,0,FALSE,0,70.8,100,heavy_rainfall,2023-24,3441.8,1033,1030.53
19-07-2023,Munsar,Maharashtra,1128.46,1073.41,55.05,4.9,5.3,0,FALSE,0,83.8,93.5,transport_issue,2023-24,3441.8,1033,1073.41
20-07-2023,Munsar,Maharashtra,1128.46,981.07,147.39,13.1,8.5,5.9,FALSE,0,89.2,93.5,equipment_failure,2023-24,3441.8,1033,981.07
21-07-2023,Munsar,Maharashtra,1128.46,1030.86,97.6,8.6,17.7,0,FALSE,0,77.1,91,transport_issue,2023-24,3441.8,1033,1030.86
22-07-2023,Munsar,Maharashtra,1128.46,1068.41,60.05,5.3,44.5,0,FALSE,0,72.5,95.2,transport_issue,2023-24,3441.8,1033,1068.41
23-07-2023,Munsar,Maharashtra,1128.46,1087.15,41.31,3.7,31.2,0,FALSE,0,81.8,97.3,transport_issue,2023-24,3441.8,1033,1087.15
24-07-2023,Munsar,Maharashtra,1128.46,1087.36,41.1,3.6,8.6,0,FALSE,0,79.1,97.8,transport_issue,2023-24,3441.8,1033,1087.36
25-07-2023,Munsar,Maharashtra,1128.46,1086.8,41.66,3.7,18.7,0,FALSE,0,78.1,90.5,transport_issue,2023-24,3441.8,1033,1086.8
26-07-2023,Munsar,Maharashtra,1128.46,1020.72,107.74,9.5,60.6,0,FALSE,0,79.2,98.2,heavy_rainfall,2023-24,3441.8,1033,1020.72
27-07-2023,Munsar,Maharashtra,1128.46,1014.88,113.58,10.1,25.4,0,TRUE,3.1,82.1,95.7,transport_issue,2023-24,3441.8,1033,1014.88
28-07-2023,Munsar,Maharashtra,1128.46,1068.66,59.8,5.3,12.7,0,FALSE,0,80.2,92.4,transport_issue,2023-24,3441.8,1033,1068.66
29-07-2023,Munsar,Maharashtra,1128.46,1100.31,28.15,2.5,50.3,0,FALSE,0,88,95,heavy_rainfall,2023-24,3441.8,1033,1100.31
30-07-2023,Munsar,Maharashtra,1128.46,1090.72,37.74,3.3,25.3,0,FALSE,0,75.4,96.7,transport_issue,2023-24,3441.8,1033,1090.72
31-07-2023,Munsar,Maharashtra,1128.46,1040.97,87.49,7.8,46.7,0,FALSE,0,82.7,91.7,heavy_rainfall,2023-24,3441.8,1033,1040.97
01-08-2023,Munsar,Maharashtra,1128.46,1058.23,70.23,6.2,42.4,0,FALSE,0,93.4,93.4,heavy_rainfall,2023-24,3441.8,1033,1058.23
02-08-2023,Munsar,Maharashtra,1128.46,939.94,188.52,16.7,76.9,4.1,TRUE,2.7,90.7,93.6,heavy_rainfall,2023-24,3441.8,1033,939.94
03-08-2023,Munsar,Maharashtra,1128.46,1020.61,107.85,9.6,59.5,0,FALSE,0,73.6,97.8,heavy_rainfall,2023-24,3441.8,1033,1020.61
04-08-2023,Munsar,Maharashtra,1128.46,1092.27,36.19,3.2,26.1,0,FALSE,0,79.9,90.7,transport_issue,2023-24,3441.8,1033,1092.27
05-08-2023,Munsar,Maharashtra,1128.46,1088.59,39.87,3.5,38.7,0,FALSE,0,80.8,93.3,transport_issue,2023-24,3441.8,1033,1088.59
06-08-2023,Munsar,Maharashtra,1128.46,1042.42,86.04,7.6,42.4,0,FALSE,0,84.2,94.9,transport_issue,2023-24,3441.8,1033,1042.42
07-08-2023,Munsar,Maharashtra,1128.46,1064.05,64.41,5.7,24,0,FALSE,0,72.6,88.4,transport_issue,2023-24,3441.8,1033,1064.05
08-08-2023,Munsar,Maharashtra,1128.46,1064.84,63.62,5.6,22.6,0,FALSE,0,81.2,90.5,transport_issue,2023-24,3441.8,1033,1064.84
09-08-2023,Munsar,Maharashtra,1128.46,1092.44,36.02,3.2,6.2,0,FALSE,0,80.3,97.4,transport_issue,2023-24,3441.8,1033,1092.44
10-08-2023,Munsar,Maharashtra,1128.46,1036.98,91.48,8.1,12.2,0,TRUE,1.3,70.4,83.2,transport_issue,2023-24,3441.8,1033,1036.98
11-08-2023,Munsar,Maharashtra,1128.46,994.87,133.59,11.8,122.6,0,FALSE,0,82.5,93.4,heavy_rainfall,2023-24,3441.8,1033,994.87
12-08-2023,Munsar,Maharashtra,1128.46,1004.67,123.79,11,35.3,2.8,FALSE,0,87.5,91,transport_issue,2023-24,3441.8,1033,1004.67
13-08-2023,Munsar,Maharashtra,1128.46,1072.32,56.14,5,28,0,FALSE,0,82.1,99.5,transport_issue,2023-24,3441.8,1033,1072.32
14-08-2023,Munsar,Maharashtra,1128.46,1062.95,65.51,5.8,35.7,0,FALSE,0,83.8,96.2,transport_issue,2023-24,3441.8,1033,1062.95
15-08-2023,Munsar,Maharashtra,1128.46,1070.88,57.58,5.1,49.5,0,FALSE,0,81.7,94.6,heavy_rainfall,2023-24,3441.8,1033,1070.88
16-08-2023,Munsar,Maharashtra,1128.46,1055.88,72.58,6.4,17.8,0,FALSE,0,78.9,98.5,transport_issue,2023-24,3441.8,1033,1055.88
17-08-2023,Munsar,Maharashtra,1128.46,1099.73,28.73,2.5,3.5,0,FALSE,0,81.7,96.4,transport_issue,2023-24,3441.8,1033,1099.73
18-08-2023,Munsar,Maharashtra,1128.46,1061.34,67.12,5.9,12.4,0,FALSE,0,84,92.6,transport_issue,2023-24,3441.8,1033,1061.34
19-08-2023,Munsar,Maharashtra,1128.46,1060.85,67.61,6,51.9,0,FALSE,0,82.5,97.1,heavy_rainfall,2023-24,3441.8,1033,1060.85
20-08-2023,Munsar,Maharashtra,1128.46,1124.2,4.26,0.4,15.5,0,FALSE,0,91.5,92.7,transport_issue,2023-24,3441.8,1033,1124.2
21-08-2023,Munsar,Maharashtra,1128.46,1085.43,43.03,3.8,11.8,0,FALSE,0,72.7,99.5,transport_issue,2023-24,3441.8,1033,1085.43
22-08-2023,Munsar,Maharashtra,1128.46,1003.28,125.18,11.1,63.1,0,FALSE,0,74.5,91.1,heavy_rainfall,2023-24,3441.8,1033,1003.28
23-08-2023,Munsar,Maharashtra,1128.46,951.8,176.66,15.7,9,5.9,FALSE,0,73.2,94.3,transport_issue,2023-24,3441.8,1033,951.8
24-08-2023,Munsar,Maharashtra,1128.46,1054.47,73.99,6.6,74.7,0,FALSE,0,84.7,96.5,heavy_rainfall,2023-24,3441.8,1033,1054.47
25-08-2023,Munsar,Maharashtra,1128.46,1107.36,21.1,1.9,27.8,0,FALSE,0,86.1,95.7,transport_issue,2023-24,3441.8,1033,1107.36
26-08-2023,Munsar,Maharashtra,1128.46,1044.24,84.22,7.5,13.8,0,FALSE,0,78.6,92.7,transport_issue,2023-24,3441.8,1033,1044.24
27-08-2023,Munsar,Maharashtra,1128.46,1078.42,50.04,4.4,69.3,0,FALSE,0,87.5,94.5,heavy_rainfall,2023-24,3441.8,1033,1078.42
28-08-2023,Munsar,Maharashtra,1128.46,1063.72,64.74,5.7,35.4,0,FALSE,0,79.5,92.1,transport_issue,2023-24,3441.8,1033,1063.72
29-08-2023,Munsar,Maharashtra,1128.46,1077.02,51.44,4.6,36.3,0,FALSE,0,83.3,99.5,transport_issue,2023-24,3441.8,1033,1077.02
30-08-2023,Munsar,Maharashtra,1128.46,1074.76,53.7,4.8,21.4,0,FALSE,0,80.2,86.9,transport_issue,2023-24,3441.8,1033,1074.76
31-08-2023,Munsar,Maharashtra,1128.46,1116.52,11.94,1.1,24.7,0,FALSE,0,87.8,96,transport_issue,2023-24,3441.8,1033,1116.52
01-09-2023,Munsar,Maharashtra,1128.46,1122.87,5.59,0.5,37.1,0,FALSE,0,90.8,95.7,transport_issue,2023-24,3441.8,1033,1122.87
02-09-2023,Munsar,Maharashtra,1128.46,1011.84,116.62,10.3,39.7,3.1,FALSE,0,78.2,93.6,transport_issue,2023-24,3441.8,1033,1011.84
03-09-2023,Munsar,Maharashtra,1128.46,1080.47,47.99,4.3,19.1,0,FALSE,0,93.1,99,transport_issue,2023-24,3441.8,1033,1080.47
04-09-2023,Munsar,Maharashtra,1128.46,1051.47,76.99,6.8,6.8,0,FALSE,0,77.4,98.1,transport_issue,2023-24,3441.8,1033,1051.47
05-09-2023,Munsar,Maharashtra,1128.46,1033.14,95.32,8.4,28.8,0,FALSE,0,61.6,100,transport_issue,2023-24,3441.8,1033,1033.14
06-09-2023,Munsar,Maharashtra,1128.46,1022.62,105.84,9.4,9.4,0,FALSE,0,70.2,92.1,transport_issue,2023-24,3441.8,1033,1022.62
07-09-2023,Munsar,Maharashtra,1128.46,1058.99,69.47,6.2,46.7,0,FALSE,0,74.9,90.6,transport_issue,2023-24,3441.8,1033,1058.99
08-09-2023,Munsar,Maharashtra,1128.46,1061.66,66.8,5.9,18.3,0,FALSE,0,84.6,98,transport_issue,2023-24,3441.8,1033,1061.66
09-09-2023,Munsar,Maharashtra,1128.46,1090.35,38.11,3.4,36.9,0,FALSE,0,84.9,92.2,transport_issue,2023-24,3441.8,1033,1090.35
10-09-2023,Munsar,Maharashtra,1128.46,1100.06,28.4,2.5,18.3,0,FALSE,0,88.4,97.8,transport_issue,2023-24,3441.8,1033,1100.06
11-09-2023,Munsar,Maharashtra,1128.46,1071.67,56.79,5,1.8,0,FALSE,0,77.9,96.3,transport_issue,2023-24,3441.8,1033,1071.67
12-09-2023,Munsar,Maharashtra,1128.46,1038.78,89.68,7.9,16.2,0,FALSE,0,83.5,87.7,transport_issue,2023-24,3441.8,1033,1038.78
13-09-2023,Munsar,Maharashtra,1128.46,1040.5,87.96,7.8,75.1,0,FALSE,0,80.6,97.3,heavy_rainfall,2023-24,3441.8,1033,1040.5
14-09-2023,Munsar,Maharashtra,1128.46,1074.79,53.67,4.8,50.6,0,FALSE,0,97.4,100,heavy_rainfall,2023-24,3441.8,1033,1074.79
15-09-2023,Munsar,Maharashtra,1128.46,1099.32,29.14,2.6,33.2,0,FALSE,0,80.3,98.8,transport_issue,2023-24,3441.8,1033,1099.32
16-09-2023,Munsar,Maharashtra,1128.46,1038.34,90.12,8,44.4,0,FALSE,0,74.6,95.4,transport_issue,2023-24,3441.8,1033,1038.34
17-09-2023,Munsar,Maharashtra,1128.46,1095.8,32.66,2.9,19.4,0,FALSE,0,76.2,93.8,transport_issue,2023-24,3441.8,1033,1095.8
18-09-2023,Munsar,Maharashtra,1128.46,927.65,200.81,17.8,49.6,7.4,FALSE,0,76.2,95,transport_issue,2023-24,3441.8,1033,927.65
19-09-2023,Munsar,Maharashtra,1128.46,1038.1,90.36,8,20.3,0,TRUE,3.4,93.6,96.2,blasting_delay,2023-24,3441.8,1033,1038.1
20-09-2023,Munsar,Maharashtra,1128.46,1096.06,32.4,2.9,25,0,FALSE,0,71.6,100,transport_issue,2023-24,3441.8,1033,1096.06
21-09-2023,Munsar,Maharashtra,1128.46,1065.26,63.2,5.6,26.2,0,FALSE,0,68.7,92.2,transport_issue,2023-24,3441.8,1033,1065.26
22-09-2023,Munsar,Maharashtra,1128.46,949.1,179.36,15.9,65.5,3.3,FALSE,0,71.1,96.3,heavy_rainfall,2023-24,3441.8,1033,949.1
23-09-2023,Munsar,Maharashtra,1128.46,1054.21,74.25,6.6,44.5,0,FALSE,0,83.7,90.9,transport_issue,2023-24,3441.8,1033,1054.21
24-09-2023,Munsar,Maharashtra,1128.46,950.08,178.38,15.8,28.8,7.3,FALSE,0,88.7,91.1,equipment_failure,2023-24,3441.8,1033,950.08
25-09-2023,Munsar,Maharashtra,1128.46,1044.53,83.93,7.4,58.9,0,FALSE,0,79.7,95.9,heavy_rainfall,2023-24,3441.8,1033,1044.53
26-09-2023,Munsar,Maharashtra,1128.46,1112.38,16.08,1.4,6.4,0,FALSE,0,92.6,100,transport_issue,2023-24,3441.8,1033,1112.38
27-09-2023,Munsar,Maharashtra,1128.46,1058.56,69.9,6.2,6.7,0,FALSE,0,74.2,97.5,transport_issue,2023-24,3441.8,1033,1058.56
28-09-2023,Munsar,Maharashtra,1128.46,964.99,163.47,14.5,7.9,7.2,FALSE,0,76.6,92.1,transport_issue,2023-24,3441.8,1033,964.99
29-09-2023,Munsar,Maharashtra,1128.46,1058.22,70.24,6.2,38.7,2.9,FALSE,0,91.4,87.9,labour_shortage,2023-24,3441.8,1033,1058.22
30-09-2023,Munsar,Maharashtra,1128.46,1075.83,52.63,4.7,46.6,0,FALSE,0,92.4,92.7,heavy_rainfall,2023-24,3441.8,1033,1075.83
01-10-2023,Munsar,Maharashtra,1128.46,1106.96,21.5,1.9,5.2,0,FALSE,0,93.4,91.3,labour_shortage,2023-24,3441.8,1033,1106.96
02-10-2023,Munsar,Maharashtra,1128.46,1113.18,15.28,1.4,3.1,0,FALSE,0,97,93,labour_shortage,2023-24,3441.8,1033,1113.18
03-10-2023,Munsar,Maharashtra,1128.46,1092.04,36.42,3.2,4.2,0,FALSE,0,92,99.6,transport_issue,2023-24,3441.8,1033,1092.04
04-10-2023,Munsar,Maharashtra,1128.46,1118.44,10.02,0.9,2.1,0,FALSE,0,90.2,99,transport_issue,2023-24,3441.8,1033,1118.44
05-10-2023,Munsar,Maharashtra,1128.46,1034.91,93.55,8.3,1.5,6.1,FALSE,0,98.4,99.3,equipment_failure,2023-24,3441.8,1033,1034.91
06-10-2023,Munsar,Maharashtra,1128.46,1092.41,36.05,3.2,2.8,0,FALSE,0,96.4,100,transport_issue,2023-24,3441.8,1033,1092.41
07-10-2023,Munsar,Maharashtra,1128.46,1086.99,41.47,3.7,2.7,0,FALSE,0,80.4,90.9,transport_issue,2023-24,3441.8,1033,1086.99
08-10-2023,Munsar,Maharashtra,1128.46,1138.29,-9.83,-0.9,1.6,0,FALSE,0,97.8,98.4,none,2023-24,3441.8,1033,1138.29
09-10-2023,Munsar,Maharashtra,1128.46,1099.77,28.69,2.5,0.3,0,FALSE,0,83.7,86.5,transport_issue,2023-24,3441.8,1033,1099.77
10-10-2023,Munsar,Maharashtra,1128.46,1053.94,74.52,6.6,1.9,0,FALSE,0,82.5,91.9,transport_issue,2023-24,3441.8,1033,1053.94
11-10-2023,Munsar,Maharashtra,1128.46,1105.09,23.37,2.1,0.5,0,FALSE,0,99,90.1,labour_shortage,2023-24,3441.8,1033,1105.09
12-10-2023,Munsar,Maharashtra,1128.46,1103.95,24.51,2.2,1.7,0,FALSE,0,89.3,95.4,transport_issue,2023-24,3441.8,1033,1103.95
13-10-2023,Munsar,Maharashtra,1128.46,1083.49,44.97,4,4,0,FALSE,0,89,100,transport_issue,2023-24,3441.8,1033,1083.49
14-10-2023,Munsar,Maharashtra,1128.46,1096.83,31.63,2.8,1.3,0,FALSE,0,89.1,93.5,transport_issue,2023-24,3441.8,1033,1096.83
15-10-2023,Munsar,Maharashtra,1128.46,1154.64,-26.18,-2.3,5.7,0,FALSE,0,100,96.2,none,2023-24,3441.8,1033,1154.64
16-10-2023,Munsar,Maharashtra,1128.46,1069.26,59.2,5.2,3,0,FALSE,0,91.7,89.3,labour_shortage,2023-24,3441.8,1033,1069.26
17-10-2023,Munsar,Maharashtra,1128.46,1079.76,48.7,4.3,6.3,0,FALSE,0,95.3,94.7,labour_shortage,2023-24,3441.8,1033,1079.76
18-10-2023,Munsar,Maharashtra,1128.46,1064.75,63.71,5.6,0.6,0,FALSE,0,85.1,94.6,transport_issue,2023-24,3441.8,1033,1064.75
19-10-2023,Munsar,Maharashtra,1128.46,1098.87,29.59,2.6,1,0,FALSE,0,88.8,97.8,transport_issue,2023-24,3441.8,1033,1098.87
20-10-2023,Munsar,Maharashtra,1128.46,1052.56,75.9,6.7,5.5,3.5,FALSE,0,100,90.2,labour_shortage,2023-24,3441.8,1033,1052.56
21-10-2023,Munsar,Maharashtra,1128.46,1099.17,29.29,2.6,10.1,0,FALSE,0,91.4,88.4,labour_shortage,2023-24,3441.8,1033,1099.17
22-10-2023,Munsar,Maharashtra,1128.46,1086.68,41.78,3.7,2.2,0,FALSE,0,94,95.4,transport_issue,2023-24,3441.8,1033,1086.68
23-10-2023,Munsar,Maharashtra,1128.46,1120.04,8.42,0.7,3.9,0,FALSE,0,96.8,98.4,transport_issue,2023-24,3441.8,1033,1120.04
24-10-2023,Munsar,Maharashtra,1128.46,1080.88,47.58,4.2,5.2,0,FALSE,0,90.3,91.3,transport_issue,2023-24,3441.8,1033,1080.88
25-10-2023,Munsar,Maharashtra,1128.46,1110.6,17.86,1.6,3.2,0,FALSE,0,98.7,92.6,labour_shortage,2023-24,3441.8,1033,1110.6
26-10-2023,Munsar,Maharashtra,1128.46,1060.38,68.08,6,2.4,0,FALSE,0,91.3,88.7,labour_shortage,2023-24,3441.8,1033,1060.38
27-10-2023,Munsar,Maharashtra,1128.46,1132.7,-4.24,-0.4,4.6,0,FALSE,0,100,97.4,none,2023-24,3441.8,1033,1132.7
28-10-2023,Munsar,Maharashtra,1128.46,1090.58,37.88,3.4,9.6,0,FALSE,0,92.4,95.1,transport_issue,2023-24,3441.8,1033,1090.58
29-10-2023,Munsar,Maharashtra,1128.46,1102.29,26.17,2.3,3.8,0,FALSE,0,89.1,89.9,transport_issue,2023-24,3441.8,1033,1102.29
30-10-2023,Munsar,Maharashtra,1128.46,1113.28,15.18,1.3,1.5,0,FALSE,0,94.6,97.5,transport_issue,2023-24,3441.8,1033,1113.28
31-10-2023,Munsar,Maharashtra,1128.46,1096.35,32.11,2.8,4.7,0,FALSE,0,89.5,97.2,transport_issue,2023-24,3441.8,1033,1096.35
01-11-2023,Munsar,Maharashtra,1128.46,1134.97,-6.51,-0.6,5.6,0,FALSE,0,93.3,97.6,none,2023-24,3441.8,1033,1134.97
02-11-2023,Munsar,Maharashtra,1128.46,1104.34,24.12,2.1,0.7,0,FALSE,0,88.4,90.1,transport_issue,2023-24,3441.8,1033,1104.34
03-11-2023,Munsar,Maharashtra,1128.46,1092.03,36.43,3.2,4.8,0,FALSE,0,100,89.8,labour_shortage,2023-24,3441.8,1033,1092.03
04-11-2023,Munsar,Maharashtra,1128.46,1138.07,-9.61,-0.9,5.9,0,FALSE,0,100,100,none,2023-24,3441.8,1033,1138.07
05-11-2023,Munsar,Maharashtra,1128.46,1055.47,72.99,6.5,4.7,0,FALSE,0,83.4,93.3,transport_issue,2023-24,3441.8,1033,1055.47
06-11-2023,Munsar,Maharashtra,1128.46,1129.23,-0.77,-0.1,9,0,FALSE,0,100,95,none,2023-24,3441.8,1033,1129.23
07-11-2023,Munsar,Maharashtra,1128.46,1128.19,0.27,0,3.2,0,FALSE,0,99.4,95.8,labour_shortage,2023-24,3441.8,1033,1128.19
08-11-2023,Munsar,Maharashtra,1128.46,1093.45,35.01,3.1,4.7,0,FALSE,0,89.9,95.2,transport_issue,2023-24,3441.8,1033,1093.45
09-11-2023,Munsar,Maharashtra,1128.46,1101.41,27.05,2.4,1.9,0,FALSE,0,95,97.2,transport_issue,2023-24,3441.8,1033,1101.41
10-11-2023,Munsar,Maharashtra,1128.46,1084.02,44.44,3.9,7,0,FALSE,0,98,95.6,labour_shortage,2023-24,3441.8,1033,1084.02
11-11-2023,Munsar,Maharashtra,1128.46,1105.88,22.58,2,3.5,0,FALSE,0,91,95.4,transport_issue,2023-24,3441.8,1033,1105.88
12-11-2023,Munsar,Maharashtra,1128.46,1125.09,3.37,0.3,3.9,0,FALSE,0,95.9,100,transport_issue,2023-24,3441.8,1033,1125.09
13-11-2023,Munsar,Maharashtra,1128.46,1094.33,34.13,3,0.6,0,TRUE,3.8,92.2,99.5,transport_issue,2023-24,3441.8,1033,1094.33
14-11-2023,Munsar,Maharashtra,1128.46,1098.37,30.09,2.7,4.1,0,TRUE,1.2,89.5,95.4,transport_issue,2023-24,3441.8,1033,1098.37
15-11-2023,Munsar,Maharashtra,1128.46,1077.52,50.94,4.5,2.3,0,FALSE,0,93.3,93.1,labour_shortage,2023-24,3441.8,1033,1077.52
16-11-2023,Munsar,Maharashtra,1128.46,1102,26.46,2.3,1.1,0,FALSE,0,88.8,95.8,transport_issue,2023-24,3441.8,1033,1102
17-11-2023,Munsar,Maharashtra,1128.46,1117.47,10.99,1,1.1,0,TRUE,1.1,86.8,100,transport_issue,2023-24,3441.8,1033,1117.47
18-11-2023,Munsar,Maharashtra,1128.46,1094.45,34.01,3,0.7,0,FALSE,0,97.9,97.7,labour_shortage,2023-24,3441.8,1033,1094.45
19-11-2023,Munsar,Maharashtra,1128.46,1137.88,-9.42,-0.8,2.5,0,FALSE,0,94.7,93.3,none,2023-24,3441.8,1033,1137.88
20-11-2023,Munsar,Maharashtra,1128.46,1056.46,72,6.4,3.7,0,FALSE,0,90.8,88.3,labour_shortage,2023-24,3441.8,1033,1056.46
21-11-2023,Munsar,Maharashtra,1128.46,1120.5,7.96,0.7,3.8,0,FALSE,0,87.7,94.5,transport_issue,2023-24,3441.8,1033,1120.5
22-11-2023,Munsar,Maharashtra,1128.46,1116.59,11.87,1.1,1.2,0,FALSE,0,99.3,94.1,labour_shortage,2023-24,3441.8,1033,1116.59
23-11-2023,Munsar,Maharashtra,1128.46,1111.34,17.12,1.5,4.2,0,FALSE,0,96.6,95.1,labour_shortage,2023-24,3441.8,1033,1111.34
24-11-2023,Munsar,Maharashtra,1128.46,1128.06,0.4,0,5.9,0,FALSE,0,90.3,94.2,transport_issue,2023-24,3441.8,1033,1128.06
25-11-2023,Munsar,Maharashtra,1128.46,1043.36,85.1,7.5,14.1,4.4,FALSE,0,91.9,92.4,equipment_failure,2023-24,3441.8,1033,1043.36
26-11-2023,Munsar,Maharashtra,1128.46,973.76,154.7,13.7,2.1,6.8,FALSE,0,91.4,89.7,equipment_failure,2023-24,3441.8,1033,973.76
27-11-2023,Munsar,Maharashtra,1128.46,1094.51,33.95,3,5.5,0,FALSE,0,91.9,100,transport_issue,2023-24,3441.8,1033,1094.51
28-11-2023,Munsar,Maharashtra,1128.46,1113.62,14.84,1.3,1.3,0,FALSE,0,95.2,93.1,labour_shortage,2023-24,3441.8,1033,1113.62
29-11-2023,Munsar,Maharashtra,1128.46,1095.95,32.51,2.9,3.2,0,FALSE,0,100,97.1,labour_shortage,2023-24,3441.8,1033,1095.95
30-11-2023,Munsar,Maharashtra,1128.46,895.45,233.01,20.6,3.1,14.3,FALSE,0,96.3,91.5,equipment_failure,2023-24,3441.8,1033,895.45
01-12-2023,Munsar,Maharashtra,1128.46,1099.94,28.52,2.5,0.6,0,FALSE,0,93.1,100,transport_issue,2023-24,3441.8,1033,1099.94
02-12-2023,Munsar,Maharashtra,1128.46,1079.07,49.39,4.4,8.3,0,FALSE,0,86.1,89.7,transport_issue,2023-24,3441.8,1033,1079.07
03-12-2023,Munsar,Maharashtra,1128.46,1087.97,40.49,3.6,3.4,0,FALSE,0,99.1,92.7,labour_shortage,2023-24,3441.8,1033,1087.97
04-12-2023,Munsar,Maharashtra,1128.46,1082.87,45.59,4,9,0,FALSE,0,93.2,97.2,transport_issue,2023-24,3441.8,1033,1082.87
05-12-2023,Munsar,Maharashtra,1128.46,1122.15,6.31,0.6,2.3,0,FALSE,0,87.9,94.3,transport_issue,2023-24,3441.8,1033,1122.15
06-12-2023,Munsar,Maharashtra,1128.46,1067.89,60.57,5.4,2.7,2.4,FALSE,0,96.6,95.1,labour_shortage,2023-24,3441.8,1033,1067.89
07-12-2023,Munsar,Maharashtra,1128.46,1108.68,19.78,1.8,1.4,0,FALSE,0,91.2,92.3,transport_issue,2023-24,3441.8,1033,1108.68
08-12-2023,Munsar,Maharashtra,1128.46,1107.02,21.44,1.9,2.3,0,FALSE,0,92.8,93.5,transport_issue,2023-24,3441.8,1033,1107.02
09-12-2023,Munsar,Maharashtra,1128.46,1112.76,15.7,1.4,3.5,0,FALSE,0,100,93.3,labour_shortage,2023-24,3441.8,1033,1112.76
10-12-2023,Munsar,Maharashtra,1128.46,1114.29,14.17,1.3,8.1,0,FALSE,0,95.3,100,transport_issue,2023-24,3441.8,1033,1114.29
11-12-2023,Munsar,Maharashtra,1128.46,1095.26,33.2,2.9,4.5,0,FALSE,0,90.6,100,transport_issue,2023-24,3441.8,1033,1095.26
12-12-2023,Munsar,Maharashtra,1128.46,1099.96,28.5,2.5,1.1,0,FALSE,0,95.8,92.2,labour_shortage,2023-24,3441.8,1033,1099.96
13-12-2023,Munsar,Maharashtra,1128.46,1021.13,107.33,9.5,4.6,4.4,FALSE,0,91.5,100,equipment_failure,2023-24,3441.8,1033,1021.13
14-12-2023,Munsar,Maharashtra,1128.46,1067.97,60.49,5.4,7.6,0,FALSE,0,88.1,98.1,transport_issue,2023-24,3441.8,1033,1067.97
15-12-2023,Munsar,Maharashtra,1128.46,1048.21,80.25,7.1,4.9,2.2,TRUE,3.6,91,94.5,transport_issue,2023-24,3441.8,1033,1048.21
16-12-2023,Munsar,Maharashtra,1128.46,1111.66,16.8,1.5,1.3,0,FALSE,0,88.3,91.8,transport_issue,2023-24,3441.8,1033,1111.66
17-12-2023,Munsar,Maharashtra,1128.46,1085.72,42.74,3.8,5,0,FALSE,0,95.5,94.1,labour_shortage,2023-24,3441.8,1033,1085.72
18-12-2023,Munsar,Maharashtra,1128.46,1139.89,-11.43,-1,1.6,0,FALSE,0,92.7,100,none,2023-24,3441.8,1033,1139.89
19-12-2023,Munsar,Maharashtra,1128.46,1052.41,76.05,6.7,4.1,3.8,FALSE,0,88.5,95.1,transport_issue,2023-24,3441.8,1033,1052.41
20-12-2023,Munsar,Maharashtra,1128.46,1108.18,20.28,1.8,0.6,0,FALSE,0,85.5,91.7,transport_issue,2023-24,3441.8,1033,1108.18
21-12-2023,Munsar,Maharashtra,1128.46,1080.33,48.13,4.3,3.4,0,TRUE,3,97.1,97.1,blasting_delay,2023-24,3441.8,1033,1080.33
22-12-2023,Munsar,Maharashtra,1128.46,1066.21,62.25,5.5,4.6,0,FALSE,0,89.5,96.5,transport_issue,2023-24,3441.8,1033,1066.21
23-12-2023,Munsar,Maharashtra,1128.46,1057.54,70.92,6.3,3,0,FALSE,0,79.3,90.1,transport_issue,2023-24,3441.8,1033,1057.54
24-12-2023,Munsar,Maharashtra,1128.46,1108.26,20.2,1.8,6.2,0,FALSE,0,84.7,100,transport_issue,2023-24,3441.8,1033,1108.26
25-12-2023,Munsar,Maharashtra,1128.46,1082.25,46.21,4.1,6.3,0,FALSE,0,91.6,93.5,transport_issue,2023-24,3441.8,1033,1082.25
26-12-2023,Munsar,Maharashtra,1128.46,1126.49,1.97,0.2,6,0,FALSE,0,99.6,93,labour_shortage,2023-24,3441.8,1033,1126.49
27-12-2023,Munsar,Maharashtra,1128.46,1043.17,85.29,7.6,12.4,0,FALSE,0,83.2,90.7,transport_issue,2023-24,3441.8,1033,1043.17
28-12-2023,Munsar,Maharashtra,1128.46,1114.64,13.82,1.2,2.1,0,FALSE,0,100,97.6,labour_shortage,2023-24,3441.8,1033,1114.64
29-12-2023,Munsar,Maharashtra,1128.46,1103.1,25.36,2.2,1.8,0,FALSE,0,91.7,99.2,transport_issue,2023-24,3441.8,1033,1103.1
30-12-2023,Munsar,Maharashtra,1128.46,1077.28,51.18,4.5,11.2,0,FALSE,0,93.3,89,labour_shortage,2023-24,3441.8,1033,1077.28
31-12-2023,Munsar,Maharashtra,1128.46,1075.74,52.72,4.7,3.1,0,FALSE,0,89.4,97.5,transport_issue,2023-24,3441.8,1033,1075.74
01-01-2024,Munsar,Maharashtra,1128.46,1107.99,20.47,1.8,6.2,0,FALSE,0,83.8,95.7,transport_issue,2023-24,3441.8,1033,1107.99
02-01-2024,Munsar,Maharashtra,1128.46,1085.4,43.06,3.8,1.1,0,FALSE,0,86,90.1,transport_issue,2023-24,3441.8,1033,1085.4
03-01-2024,Munsar,Maharashtra,1128.46,1111.29,17.17,1.5,1.7,0,FALSE,0,86.4,94.7,transport_issue,2023-24,3441.8,1033,1111.29
04-01-2024,Munsar,Maharashtra,1128.46,1069.15,59.31,5.3,6.8,0,FALSE,0,83.3,95,transport_issue,2023-24,3441.8,1033,1069.15
05-01-2024,Munsar,Maharashtra,1128.46,1127.62,0.84,0.1,1.9,0,FALSE,0,100,97.9,labour_shortage,2023-24,3441.8,1033,1127.62
06-01-2024,Munsar,Maharashtra,1128.46,1125.53,2.93,0.3,6.4,0,FALSE,0,87.7,96.5,transport_issue,2023-24,3441.8,1033,1125.53
07-01-2024,Munsar,Maharashtra,1128.46,1141,-12.54,-1.1,1.8,0,FALSE,0,97.9,93.8,none,2023-24,3441.8,1033,1141
08-01-2024,Munsar,Maharashtra,1128.46,1104.32,24.14,2.1,2.9,0,FALSE,0,94.3,92.1,labour_shortage,2023-24,3441.8,1033,1104.32
09-01-2024,Munsar,Maharashtra,1128.46,1070.5,57.96,5.1,2.4,0,FALSE,0,90.9,85,labour_shortage,2023-24,3441.8,1033,1070.5
10-01-2024,Munsar,Maharashtra,1128.46,1093.18,35.28,3.1,2.7,0,FALSE,0,93.4,96.5,transport_issue,2023-24,3441.8,1033,1093.18
11-01-2024,Munsar,Maharashtra,1128.46,1085.76,42.7,3.8,1.3,0,TRUE,1.5,93.8,89.2,labour_shortage,2023-24,3441.8,1033,1085.76
12-01-2024,Munsar,Maharashtra,1128.46,1102.95,25.51,2.3,4.3,0,FALSE,0,97.7,97.2,labour_shortage,2023-24,3441.8,1033,1102.95
13-01-2024,Munsar,Maharashtra,1128.46,1137.05,-8.59,-0.8,2.7,0,FALSE,0,97.2,91.8,none,2023-24,3441.8,1033,1137.05
14-01-2024,Munsar,Maharashtra,1128.46,1039.33,89.13,7.9,3.7,0,TRUE,4.5,99.6,96.5,blasting_delay,2023-24,3441.8,1033,1039.33
15-01-2024,Munsar,Maharashtra,1128.46,1111.66,16.8,1.5,2.8,0,FALSE,0,95.2,92.4,labour_shortage,2023-24,3441.8,1033,1111.66
16-01-2024,Munsar,Maharashtra,1128.46,1092.68,35.78,3.2,2.8,0,FALSE,0,85.1,89.9,transport_issue,2023-24,3441.8,1033,1092.68
17-01-2024,Munsar,Maharashtra,1128.46,1127.2,1.26,0.1,5.4,0,FALSE,0,87.9,97,transport_issue,2023-24,3441.8,1033,1127.2
18-01-2024,Munsar,Maharashtra,1128.46,1023.31,105.15,9.3,5,4.5,FALSE,0,96.2,95.7,equipment_failure,2023-24,3441.8,1033,1023.31
19-01-2024,Munsar,Maharashtra,1128.46,987.26,141.2,12.5,3.6,4.9,FALSE,0,76.9,93.6,transport_issue,2023-24,3441.8,1033,987.26
20-01-2024,Munsar,Maharashtra,1128.46,999.01,129.45,11.5,3.3,5.1,FALSE,0,94,90.8,equipment_failure,2023-24,3441.8,1033,999.01
21-01-2024,Munsar,Maharashtra,1128.46,1146.14,-17.68,-1.6,3.6,0,FALSE,0,100,96.3,none,2023-24,3441.8,1033,1146.14
22-01-2024,Munsar,Maharashtra,1128.46,1050.96,77.5,6.9,3.5,0,FALSE,0,86.3,87.2,transport_issue,2023-24,3441.8,1033,1050.96
23-01-2024,Munsar,Maharashtra,1128.46,1114.25,14.21,1.3,4,0,FALSE,0,85.1,95,transport_issue,2023-24,3441.8,1033,1114.25
24-01-2024,Munsar,Maharashtra,1128.46,1102.26,26.2,2.3,2,0,FALSE,0,96.5,100,transport_issue,2023-24,3441.8,1033,1102.26
25-01-2024,Munsar,Maharashtra,1128.46,1096.92,31.54,2.8,4.9,0,FALSE,0,96.4,96.4,labour_shortage,2023-24,3441.8,1033,1096.92
26-01-2024,Munsar,Maharashtra,1128.46,1057.54,70.92,6.3,1.8,0,TRUE,1.8,94.9,96.5,transport_issue,2023-24,3441.8,1033,1057.54
27-01-2024,Munsar,Maharashtra,1128.46,1099.61,28.85,2.6,3.7,0,FALSE,0,86,93.4,transport_issue,2023-24,3441.8,1033,1099.61
28-01-2024,Munsar,Maharashtra,1128.46,1126.87,1.59,0.1,1.4,0,FALSE,0,91.7,95.7,transport_issue,2023-24,3441.8,1033,1126.87
29-01-2024,Munsar,Maharashtra,1128.46,1108.73,19.73,1.7,2.8,0,FALSE,0,84,100,transport_issue,2023-24,3441.8,1033,1108.73
30-01-2024,Munsar,Maharashtra,1128.46,1099.69,28.77,2.5,14.3,0,FALSE,0,91.8,97.1,transport_issue,2023-24,3441.8,1033,1099.69
31-01-2024,Munsar,Maharashtra,1128.46,1136.08,-7.62,-0.7,3.4,0,FALSE,0,93.2,97.2,none,2023-24,3441.8,1033,1136.08
01-02-2024,Munsar,Maharashtra,1128.46,1144.87,-16.41,-1.5,0.9,0,FALSE,0,100,95.7,none,2023-24,3441.8,1033,1144.87
02-02-2024,Munsar,Maharashtra,1128.46,1119.31,9.15,0.8,0.4,0,FALSE,0,87.1,93.9,transport_issue,2023-24,3441.8,1033,1119.31
03-02-2024,Munsar,Maharashtra,1128.46,1051.47,76.99,6.8,4.8,3.5,FALSE,0,86.7,92.9,transport_issue,2023-24,3441.8,1033,1051.47
04-02-2024,Munsar,Maharashtra,1128.46,1090.3,38.16,3.4,4.8,0,FALSE,0,91.5,95.6,transport_issue,2023-24,3441.8,1033,1090.3
05-02-2024,Munsar,Maharashtra,1128.46,966.02,162.44,14.4,11.4,5.1,FALSE,0,80.4,95.9,transport_issue,2023-24,3441.8,1033,966.02
06-02-2024,Munsar,Maharashtra,1128.46,1121.48,6.98,0.6,9.6,0,FALSE,0,90.2,100,transport_issue,2023-24,3441.8,1033,1121.48
07-02-2024,Munsar,Maharashtra,1128.46,1096.38,32.08,2.8,3.3,0,FALSE,0,99.2,97.4,labour_shortage,2023-24,3441.8,1033,1096.38
08-02-2024,Munsar,Maharashtra,1128.46,1099.55,28.91,2.6,5.1,0,FALSE,0,92.2,90.3,labour_shortage,2023-24,3441.8,1033,1099.55
09-02-2024,Munsar,Maharashtra,1128.46,1071.1,57.36,5.1,3.9,0,FALSE,0,91.9,86.7,labour_shortage,2023-24,3441.8,1033,1071.1
10-02-2024,Munsar,Maharashtra,1128.46,1130,-1.54,-0.1,5.5,0,FALSE,0,97.7,96.4,none,2023-24,3441.8,1033,1130
11-02-2024,Munsar,Maharashtra,1128.46,1009.67,118.79,10.5,3.1,0,TRUE,5.8,89.7,87.6,labour_shortage,2023-24,3441.8,1033,1009.67
12-02-2024,Munsar,Maharashtra,1128.46,1005.17,123.29,10.9,1.5,5.3,FALSE,0,98.6,92.5,equipment_failure,2023-24,3441.8,1033,1005.17
13-02-2024,Munsar,Maharashtra,1128.46,1107.75,20.71,1.8,5.9,0,FALSE,0,87.5,95.4,transport_issue,2023-24,3441.8,1033,1107.75
14-02-2024,Munsar,Maharashtra,1128.46,1096.65,31.81,2.8,6.9,2.9,FALSE,0,100,92.9,labour_shortage,2023-24,3441.8,1033,1096.65
15-02-2024,Munsar,Maharashtra,1128.46,1078.36,50.1,4.4,9,0,FALSE,0,96,93.7,labour_shortage,2023-24,3441.8,1033,1078.36
16-02-2024,Munsar,Maharashtra,1128.46,1080.34,48.12,4.3,5.6,0,FALSE,0,92.5,100,transport_issue,2023-24,3441.8,1033,1080.34
17-02-2024,Munsar,Maharashtra,1128.46,1092.95,35.51,3.1,4.4,0,FALSE,0,88.6,97.2,transport_issue,2023-24,3441.8,1033,1092.95
18-02-2024,Munsar,Maharashtra,1128.46,1046.47,81.99,7.3,4.1,0,FALSE,0,68.2,91.5,transport_issue,2023-24,3441.8,1033,1046.47
19-02-2024,Munsar,Maharashtra,1128.46,1117.67,10.79,1,4.7,0,FALSE,0,88.8,89.9,transport_issue,2023-24,3441.8,1033,1117.67
20-02-2024,Munsar,Maharashtra,1128.46,1121.66,6.8,0.6,1.4,0,FALSE,0,98.4,100,none,2023-24,3441.8,1033,1121.66
21-02-2024,Munsar,Maharashtra,1128.46,1097.67,30.79,2.7,4.5,0,FALSE,0,95.3,96.7,transport_issue,2023-24,3441.8,1033,1097.67
22-02-2024,Munsar,Maharashtra,1128.46,1088.17,40.29,3.6,10.4,0,FALSE,0,80.7,92.4,transport_issue,2023-24,3441.8,1033,1088.17
23-02-2024,Munsar,Maharashtra,1128.46,947.17,181.29,16.1,1.1,7.2,FALSE,0,91.9,88.4,equipment_failure,2023-24,3441.8,1033,947.17
24-02-2024,Munsar,Maharashtra,1128.46,961.03,167.43,14.8,0.7,7.9,FALSE,0,84.5,95.1,equipment_failure,2023-24,3441.8,1033,961.03
25-02-2024,Munsar,Maharashtra,1128.46,1098.51,29.95,2.7,0.9,2.2,FALSE,0,94.1,97.5,transport_issue,2023-24,3441.8,1033,1098.51
26-02-2024,Munsar,Maharashtra,1128.46,1031.74,96.72,8.6,2.6,2.7,FALSE,0,92.7,92.5,labour_shortage,2023-24,3441.8,1033,1031.74
27-02-2024,Munsar,Maharashtra,1128.46,1123.14,5.32,0.5,8.3,0,FALSE,0,92.9,98.9,transport_issue,2023-24,3441.8,1033,1123.14
28-02-2024,Munsar,Maharashtra,1128.46,1149.76,-21.3,-1.9,5.3,0,FALSE,0,100,96.2,none,2023-24,3441.8,1033,1149.76
29-02-2024,Munsar,Maharashtra,1128.46,1003.64,124.82,11.1,7.6,6.3,FALSE,0,86.6,98.6,transport_issue,2023-24,3441.8,1033,1003.64
01-03-2024,Munsar,Maharashtra,1128.46,1122.88,5.58,0.5,7.4,0,FALSE,0,90.1,100,transport_issue,2023-24,3441.8,1033,1122.88
02-03-2024,Munsar,Maharashtra,1128.46,1075.14,53.32,4.7,10.6,0,FALSE,0,89.7,97.7,transport_issue,2023-24,3441.8,1033,1075.14
03-03-2024,Munsar,Maharashtra,1128.46,1071.1,57.36,5.1,0.2,0,FALSE,0,85.4,91.2,transport_issue,2023-24,3441.8,1033,1071.1
04-03-2024,Munsar,Maharashtra,1128.46,1121.3,7.16,0.6,3.8,0,FALSE,0,91.5,89.9,labour_shortage,2023-24,3441.8,1033,1121.3
05-03-2024,Munsar,Maharashtra,1128.46,1118.82,9.64,0.9,7.4,0,FALSE,0,84.3,97.3,transport_issue,2023-24,3441.8,1033,1118.82
06-03-2024,Munsar,Maharashtra,1128.46,1117,11.46,1,1.5,0,FALSE,0,94,91.7,labour_shortage,2023-24,3441.8,1033,1117
07-03-2024,Munsar,Maharashtra,1128.46,1126.82,1.64,0.1,4.9,0,FALSE,0,93.3,94.8,transport_issue,2023-24,3441.8,1033,1126.82
08-03-2024,Munsar,Maharashtra,1128.46,1120.32,8.14,0.7,1.2,0,FALSE,0,86.7,94,transport_issue,2023-24,3441.8,1033,1120.32
09-03-2024,Munsar,Maharashtra,1128.46,1061.19,67.27,6,0.2,2.1,FALSE,0,89.7,89.4,labour_shortage,2023-24,3441.8,1033,1061.19
10-03-2024,Munsar,Maharashtra,1128.46,1109.95,18.51,1.6,1.8,0,FALSE,0,90.3,93.5,transport_issue,2023-24,3441.8,1033,1109.95
11-03-2024,Munsar,Maharashtra,1128.46,1100.02,28.44,2.5,1.5,0,FALSE,0,89,98.5,transport_issue,2023-24,3441.8,1033,1100.02
12-03-2024,Munsar,Maharashtra,1128.46,1111.33,17.13,1.5,6.2,0,FALSE,0,86.3,100,transport_issue,2023-24,3441.8,1033,1111.33
13-03-2024,Munsar,Maharashtra,1128.46,1111.99,16.47,1.5,1.6,0,FALSE,0,85,95.8,transport_issue,2023-24,3441.8,1033,1111.99
14-03-2024,Munsar,Maharashtra,1128.46,1016.59,111.87,9.9,3.3,4.2,FALSE,0,85.4,97.2,transport_issue,2023-24,3441.8,1033,1016.59
15-03-2024,Munsar,Maharashtra,1128.46,1091.35,37.11,3.3,2.9,0,FALSE,0,92.9,87.3,labour_shortage,2023-24,3441.8,1033,1091.35
16-03-2024,Munsar,Maharashtra,1128.46,973.4,155.06,13.7,3.4,6.5,FALSE,0,82.3,94.8,transport_issue,2023-24,3441.8,1033,973.4
17-03-2024,Munsar,Maharashtra,1128.46,1149.82,-21.36,-1.9,2.3,0,FALSE,0,100,100,none,2023-24,3441.8,1033,1149.82
18-03-2024,Munsar,Maharashtra,1128.46,1050.48,77.98,6.9,1.7,0,FALSE,0,83.5,89.9,transport_issue,2023-24,3441.8,1033,1050.48
19-03-2024,Munsar,Maharashtra,1128.46,1118.45,10.01,0.9,4.3,0,FALSE,0,91.7,90.6,labour_shortage,2023-24,3441.8,1033,1118.45
20-03-2024,Munsar,Maharashtra,1128.46,1054.14,74.32,6.6,10.5,0,TRUE,2.1,91.7,93.9,transport_issue,2023-24,3441.8,1033,1054.14
21-03-2024,Munsar,Maharashtra,1128.46,1090.37,38.09,3.4,4.6,0,FALSE,0,95.7,99.9,transport_issue,2023-24,3441.8,1033,1090.37
22-03-2024,Munsar,Maharashtra,1128.46,1111.76,16.7,1.5,5.2,0,FALSE,0,93.3,100,transport_issue,2023-24,3441.8,1033,1111.76
23-03-2024,Munsar,Maharashtra,1128.46,1110.88,17.58,1.6,1.4,0,FALSE,0,91.4,91.9,transport_issue,2023-24,3441.8,1033,1110.88
24-03-2024,Munsar,Maharashtra,1128.46,1101.99,26.47,2.3,1.9,0,FALSE,0,83.2,98.5,transport_issue,2023-24,3441.8,1033,1101.99
25-03-2024,Munsar,Maharashtra,1128.46,1081.89,46.57,4.1,6.6,0,FALSE,0,81.3,86.7,transport_issue,2023-24,3441.8,1033,1081.89
26-03-2024,Munsar,Maharashtra,1128.46,1107.27,21.19,1.9,12.2,0,FALSE,0,90.4,93.3,transport_issue,2023-24,3441.8,1033,1107.27
27-03-2024,Munsar,Maharashtra,1128.46,1116.03,12.43,1.1,2.9,0,FALSE,0,97.5,93,labour_shortage,2023-24,3441.8,1033,1116.03
28-03-2024,Munsar,Maharashtra,1128.46,1139.15,-10.69,-0.9,4.8,0,FALSE,0,92,100,none,2023-24,3441.8,1033,1139.15
29-03-2024,Munsar,Maharashtra,1128.46,1065.18,63.28,5.6,2.1,0,FALSE,0,84.7,94.4,transport_issue,2023-24,3441.8,1033,1065.18
30-03-2024,Munsar,Maharashtra,1128.46,1085.72,42.74,3.8,5.1,0,FALSE,0,82.9,93,transport_issue,2023-24,3441.8,1033,1085.72
31-03-2024,Munsar,Maharashtra,1128.46,1127.1,1.36,0.1,2.7,0,FALSE,0,99.4,100,none,2023-24,3441.8,1033,1127.1
01-04-2023,Ukwa,Madhya Pradesh,940.38,910.94,29.44,3.1,3.4,0,FALSE,0,96.4,98.1,transport_issue,2023-24,3441.8,1040.4,910.94
02-04-2023,Ukwa,Madhya Pradesh,940.38,898.93,41.45,4.4,4.6,0,FALSE,0,95.6,87.2,labour_shortage,2023-24,3441.8,1040.4,898.93
03-04-2023,Ukwa,Madhya Pradesh,940.38,862.75,77.63,8.3,4.1,2.8,FALSE,0,87.7,92.9,transport_issue,2023-24,3441.8,1040.4,862.75
04-04-2023,Ukwa,Madhya Pradesh,940.38,904.17,36.21,3.9,1.5,0,FALSE,0,92.4,94,transport_issue,2023-24,3441.8,1040.4,904.17
05-04-2023,Ukwa,Madhya Pradesh,940.38,852.37,88.01,9.4,10,4.8,FALSE,0,85.2,88.1,transport_issue,2023-24,3441.8,1040.4,852.37
06-04-2023,Ukwa,Madhya Pradesh,940.38,831.33,109.05,11.6,3.2,0,TRUE,5.8,81.8,94.1,transport_issue,2023-24,3441.8,1040.4,831.33
07-04-2023,Ukwa,Madhya Pradesh,940.38,927.98,12.4,1.3,1,0,FALSE,0,86.6,96.5,transport_issue,2023-24,3441.8,1040.4,927.98
08-04-2023,Ukwa,Madhya Pradesh,940.38,901.53,38.85,4.1,4.4,0,FALSE,0,92.2,99.6,transport_issue,2023-24,3441.8,1040.4,901.53
09-04-2023,Ukwa,Madhya Pradesh,940.38,890.25,50.13,5.3,5.4,2.6,FALSE,0,98.6,89.9,labour_shortage,2023-24,3441.8,1040.4,890.25
10-04-2023,Ukwa,Madhya Pradesh,940.38,817.48,122.9,13.1,1.2,6.7,FALSE,0,97.2,93.8,equipment_failure,2023-24,3441.8,1040.4,817.48
11-04-2023,Ukwa,Madhya Pradesh,940.38,927.29,13.09,1.4,1.8,0,FALSE,0,94.3,97.9,transport_issue,2023-24,3441.8,1040.4,927.29
12-04-2023,Ukwa,Madhya Pradesh,940.38,888.59,51.79,5.5,5.5,0,FALSE,0,90,95,transport_issue,2023-24,3441.8,1040.4,888.59
13-04-2023,Ukwa,Madhya Pradesh,940.38,792.06,148.32,15.8,1.8,7.7,FALSE,0,80.2,96.4,transport_issue,2023-24,3441.8,1040.4,792.06
14-04-2023,Ukwa,Madhya Pradesh,940.38,893.2,47.18,5,2.2,0,FALSE,0,92.4,92.4,transport_issue,2023-24,3441.8,1040.4,893.2
15-04-2023,Ukwa,Madhya Pradesh,940.38,847.24,93.14,9.9,0.7,3,FALSE,0,87.1,98.7,transport_issue,2023-24,3441.8,1040.4,847.24
16-04-2023,Ukwa,Madhya Pradesh,940.38,904.51,35.87,3.8,2.5,0,FALSE,0,100,88.8,labour_shortage,2023-24,3441.8,1040.4,904.51
17-04-2023,Ukwa,Madhya Pradesh,940.38,919.75,20.63,2.2,2.6,0,FALSE,0,88.8,90.8,transport_issue,2023-24,3441.8,1040.4,919.75
18-04-2023,Ukwa,Madhya Pradesh,940.38,926.48,13.9,1.5,1,0,TRUE,1.6,97.2,93.7,labour_shortage,2023-24,3441.8,1040.4,926.48
19-04-2023,Ukwa,Madhya Pradesh,940.38,902.1,38.28,4.1,0.7,0,FALSE,0,89,92.7,transport_issue,2023-24,3441.8,1040.4,902.1
20-04-2023,Ukwa,Madhya Pradesh,940.38,930.63,9.75,1,5.8,0,FALSE,0,97.1,89.4,labour_shortage,2023-24,3441.8,1040.4,930.63
21-04-2023,Ukwa,Madhya Pradesh,940.38,918.93,21.45,2.3,7.9,0,FALSE,0,91.2,92,transport_issue,2023-24,3441.8,1040.4,918.93
22-04-2023,Ukwa,Madhya Pradesh,940.38,897.2,43.18,4.6,5.1,0,FALSE,0,95.3,92.5,labour_shortage,2023-24,3441.8,1040.4,897.2
23-04-2023,Ukwa,Madhya Pradesh,940.38,675.55,264.83,28.2,5.9,14.5,TRUE,2.6,86.6,97.9,equipment_failure,2023-24,3441.8,1040.4,675.55
24-04-2023,Ukwa,Madhya Pradesh,940.38,919.45,20.93,2.2,4.2,0,FALSE,0,98,93.6,labour_shortage,2023-24,3441.8,1040.4,919.45
25-04-2023,Ukwa,Madhya Pradesh,940.38,852.27,88.11,9.4,4.9,0,TRUE,3.2,84.9,93.4,transport_issue,2023-24,3441.8,1040.4,852.27
26-04-2023,Ukwa,Madhya Pradesh,940.38,915.28,25.1,2.7,2.7,0,FALSE,0,89.7,89.1,labour_shortage,2023-24,3441.8,1040.4,915.28
27-04-2023,Ukwa,Madhya Pradesh,940.38,912.22,28.16,3,1.5,0,FALSE,0,87.2,96.6,transport_issue,2023-24,3441.8,1040.4,912.22
28-04-2023,Ukwa,Madhya Pradesh,940.38,911.32,29.06,3.1,1.2,0,FALSE,0,94.2,100,transport_issue,2023-24,3441.8,1040.4,911.32
29-04-2023,Ukwa,Madhya Pradesh,940.38,922.73,17.65,1.9,3.9,0,FALSE,0,90.9,98.9,transport_issue,2023-24,3441.8,1040.4,922.73
30-04-2023,Ukwa,Madhya Pradesh,940.38,928.52,11.86,1.3,4,0,FALSE,0,88.9,96,transport_issue,2023-24,3441.8,1040.4,928.52
01-05-2023,Ukwa,Madhya Pradesh,940.38,907.6,32.78,3.5,1.8,0,FALSE,0,91.3,98.4,transport_issue,2023-24,3441.8,1040.4,907.6
02-05-2023,Ukwa,Madhya Pradesh,940.38,893.35,47.03,5,0.8,0,FALSE,0,88.5,98.7,transport_issue,2023-24,3441.8,1040.4,893.35
03-05-2023,Ukwa,Madhya Pradesh,940.38,830.55,109.83,11.7,7.6,4.5,FALSE,0,85.2,97.8,transport_issue,2023-24,3441.8,1040.4,830.55
04-05-2023,Ukwa,Madhya Pradesh,940.38,816.64,123.74,13.2,5.4,6.9,FALSE,0,93,95.1,equipment_failure,2023-24,3441.8,1040.4,816.64
05-05-2023,Ukwa,Madhya Pradesh,940.38,781.78,158.6,16.9,2.3,7.4,FALSE,0,83.3,92.5,transport_issue,2023-24,3441.8,1040.4,781.78
06-05-2023,Ukwa,Madhya Pradesh,940.38,899.41,40.97,4.4,14.6,0,FALSE,0,94.1,94.5,transport_issue,2023-24,3441.8,1040.4,899.41
07-05-2023,Ukwa,Madhya Pradesh,940.38,896.37,44.01,4.7,2.2,0,FALSE,0,97,91.2,labour_shortage,2023-24,3441.8,1040.4,896.37
08-05-2023,Ukwa,Madhya Pradesh,940.38,913.54,26.84,2.9,3.3,0,TRUE,2.2,85.4,100,transport_issue,2023-24,3441.8,1040.4,913.54
09-05-2023,Ukwa,Madhya Pradesh,940.38,895.27,45.11,4.8,0.5,0,FALSE,0,92.1,94.7,transport_issue,2023-24,3441.8,1040.4,895.27
10-05-2023,Ukwa,Madhya Pradesh,940.38,886.75,53.63,5.7,10.2,0,FALSE,0,84.8,95.3,transport_issue,2023-24,3441.8,1040.4,886.75
11-05-2023,Ukwa,Madhya Pradesh,940.38,877.94,62.44,6.6,3.6,3.7,FALSE,0,99.7,90.4,labour_shortage,2023-24,3441.8,1040.4,877.94
12-05-2023,Ukwa,Madhya Pradesh,940.38,951.55,-11.17,-1.2,3.8,0,FALSE,0,95.9,94.9,none,2023-24,3441.8,1040.4,951.55
13-05-2023,Ukwa,Madhya Pradesh,940.38,929.52,10.86,1.2,3.3,0,FALSE,0,80.6,100,transport_issue,2023-24,3441.8,1040.4,929.52
14-05-2023,Ukwa,Madhya Pradesh,940.38,921.83,18.55,2,12.5,0,FALSE,0,91.5,98.7,transport_issue,2023-24,3441.8,1040.4,921.83
15-05-2023,Ukwa,Madhya Pradesh,940.38,900.64,39.74,4.2,3.6,0,FALSE,0,94.3,94.6,transport_issue,2023-24,3441.8,1040.4,900.64
16-05-2023,Ukwa,Madhya Pradesh,940.38,879.22,61.16,6.5,1.5,0,FALSE,0,82.2,95.3,transport_issue,2023-24,3441.8,1040.4,879.22
17-05-2023,Ukwa,Madhya Pradesh,940.38,926.79,13.59,1.4,4.1,0,FALSE,0,97.1,91.7,labour_shortage,2023-24,3441.8,1040.4,926.79
18-05-2023,Ukwa,Madhya Pradesh,940.38,929.01,11.37,1.2,0.9,0,FALSE,0,94.4,100,transport_issue,2023-24,3441.8,1040.4,929.01
19-05-2023,Ukwa,Madhya Pradesh,940.38,819.74,120.64,12.8,5.8,5.6,FALSE,0,92.3,96,equipment_failure,2023-24,3441.8,1040.4,819.74
20-05-2023,Ukwa,Madhya Pradesh,940.38,829.22,111.16,11.8,5.3,5.4,FALSE,0,91.1,89.7,equipment_failure,2023-24,3441.8,1040.4,829.22
21-05-2023,Ukwa,Madhya Pradesh,940.38,886.7,53.68,5.7,5.1,0,FALSE,0,88,93.2,transport_issue,2023-24,3441.8,1040.4,886.7
22-05-2023,Ukwa,Madhya Pradesh,940.38,911.92,28.46,3,3.1,0,FALSE,0,91.2,96.2,transport_issue,2023-24,3441.8,1040.4,911.92
23-05-2023,Ukwa,Madhya Pradesh,940.38,906.2,34.18,3.6,13.4,0,FALSE,0,83.4,93.8,transport_issue,2023-24,3441.8,1040.4,906.2
24-05-2023,Ukwa,Madhya Pradesh,940.38,921.63,18.75,2,4,0,FALSE,0,97.6,100,transport_issue,2023-24,3441.8,1040.4,921.63
25-05-2023,Ukwa,Madhya Pradesh,940.38,930.15,10.23,1.1,5.4,0,FALSE,0,91.5,89.9,labour_shortage,2023-24,3441.8,1040.4,930.15
26-05-2023,Ukwa,Madhya Pradesh,940.38,842.48,97.9,10.4,7.7,0,TRUE,5.6,88,96.3,transport_issue,2023-24,3441.8,1040.4,842.48
27-05-2023,Ukwa,Madhya Pradesh,940.38,936.53,3.85,0.4,4,0,FALSE,0,93.4,95.7,transport_issue,2023-24,3441.8,1040.4,936.53
28-05-2023,Ukwa,Madhya Pradesh,940.38,939.21,1.17,0.1,4.3,0,FALSE,0,99.2,97.1,labour_shortage,2023-24,3441.8,1040.4,939.21
29-05-2023,Ukwa,Madhya Pradesh,940.38,922.42,17.96,1.9,7.2,0,FALSE,0,89.6,92.5,transport_issue,2023-24,3441.8,1040.4,922.42
30-05-2023,Ukwa,Madhya Pradesh,940.38,902.72,37.66,4,9.5,0,FALSE,0,91.1,91.8,transport_issue,2023-24,3441.8,1040.4,902.72
31-05-2023,Ukwa,Madhya Pradesh,940.38,883.43,56.95,6.1,6.9,0,FALSE,0,88.1,92.9,transport_issue,2023-24,3441.8,1040.4,883.43
01-06-2023,Ukwa,Madhya Pradesh,940.38,898.23,42.15,4.5,27.6,0,FALSE,0,76.5,89.8,transport_issue,2023-24,3441.8,1040.4,898.23
02-06-2023,Ukwa,Madhya Pradesh,940.38,876.07,64.31,6.8,43.9,0,FALSE,0,85.1,94,heavy_rainfall,2023-24,3441.8,1040.4,876.07
03-06-2023,Ukwa,Madhya Pradesh,940.38,923.07,17.31,1.8,16.6,0,FALSE,0,79.8,100,transport_issue,2023-24,3441.8,1040.4,923.07
04-06-2023,Ukwa,Madhya Pradesh,940.38,915.96,24.42,2.6,46.7,0,FALSE,0,84.9,96.1,heavy_rainfall,2023-24,3441.8,1040.4,915.96
05-06-2023,Ukwa,Madhya Pradesh,940.38,887.46,52.92,5.6,30.8,0,FALSE,0,70.7,100,transport_issue,2023-24,3441.8,1040.4,887.46
06-06-2023,Ukwa,Madhya Pradesh,940.38,904.25,36.13,3.8,56.8,0,FALSE,0,82.3,98.8,heavy_rainfall,2023-24,3441.8,1040.4,904.25
07-06-2023,Ukwa,Madhya Pradesh,940.38,894.84,45.54,4.8,30.8,0,FALSE,0,81.5,96.7,transport_issue,2023-24,3441.8,1040.4,894.84
08-06-2023,Ukwa,Madhya Pradesh,940.38,855.47,84.91,9,64.6,0,TRUE,1.5,79.6,89.1,heavy_rainfall,2023-24,3441.8,1040.4,855.47
09-06-2023,Ukwa,Madhya Pradesh,940.38,884.2,56.18,6,28.2,3,FALSE,0,82,100,transport_issue,2023-24,3441.8,1040.4,884.2
10-06-2023,Ukwa,Madhya Pradesh,940.38,895.94,44.44,4.7,25.1,0,FALSE,0,78.3,94.6,transport_issue,2023-24,3441.8,1040.4,895.94
11-06-2023,Ukwa,Madhya Pradesh,940.38,869.2,71.18,7.6,12.8,0,FALSE,0,75.4,88,transport_issue,2023-24,3441.8,1040.4,869.2
12-06-2023,Ukwa,Madhya Pradesh,940.38,865.04,75.34,8,9.1,0,FALSE,0,75,96.2,transport_issue,2023-24,3441.8,1040.4,865.04
13-06-2023,Ukwa,Madhya Pradesh,940.38,833.12,107.26,11.4,18.8,6.5,FALSE,0,86.7,94.3,transport_issue,2023-24,3441.8,1040.4,833.12
14-06-2023,Ukwa,Madhya Pradesh,940.38,880.23,60.15,6.4,30.7,0,FALSE,0,82.6,90.7,transport_issue,2023-24,3441.8,1040.4,880.23
15-06-2023,Ukwa,Madhya Pradesh,940.38,860.38,80,8.5,86,0,FALSE,0,78.6,95.2,heavy_rainfall,2023-24,3441.8,1040.4,860.38
16-06-2023,Ukwa,Madhya Pradesh,940.38,858.75,81.63,8.7,56.9,0,FALSE,0,79.1,99.9,heavy_rainfall,2023-24,3441.8,1040.4,858.75
17-06-2023,Ukwa,Madhya Pradesh,940.38,864.29,76.09,8.1,34.3,4.1,FALSE,0,80.6,99.5,transport_issue,2023-24,3441.8,1040.4,864.29
18-06-2023,Ukwa,Madhya Pradesh,940.38,882.7,57.68,6.1,75.9,0,FALSE,0,83.3,95.9,heavy_rainfall,2023-24,3441.8,1040.4,882.7
19-06-2023,Ukwa,Madhya Pradesh,940.38,873.35,67.03,7.1,27.7,0,FALSE,0,77.8,93.4,transport_issue,2023-24,3441.8,1040.4,873.35
20-06-2023,Ukwa,Madhya Pradesh,940.38,872.95,67.43,7.2,3.1,0,FALSE,0,78.4,95.1,transport_issue,2023-24,3441.8,1040.4,872.95
21-06-2023,Ukwa,Madhya Pradesh,940.38,889.05,51.33,5.5,7.3,0,FALSE,0,74.2,91.6,transport_issue,2023-24,3441.8,1040.4,889.05
22-06-2023,Ukwa,Madhya Pradesh,940.38,899.63,40.75,4.3,31.7,0,TRUE,1.9,86.4,98.4,transport_issue,2023-24,3441.8,1040.4,899.63
23-06-2023,Ukwa,Madhya Pradesh,940.38,894.37,46.01,4.9,31.1,0,FALSE,0,74,99.6,transport_issue,2023-24,3441.8,1040.4,894.37
24-06-2023,Ukwa,Madhya Pradesh,940.38,850.07,90.31,9.6,69.4,0,FALSE,0,69.8,97.1,heavy_rainfall,2023-24,3441.8,1040.4,850.07
25-06-2023,Ukwa,Madhya Pradesh,940.38,877.42,62.96,6.7,30.5,0,FALSE,0,78.5,96.6,transport_issue,2023-24,3441.8,1040.4,877.42
26-06-2023,Ukwa,Madhya Pradesh,940.38,902.9,37.48,4,43.3,0,FALSE,0,86.5,97.1,heavy_rainfall,2023-24,3441.8,1040.4,902.9
27-06-2023,Ukwa,Madhya Pradesh,940.38,900.28,40.1,4.3,44.7,0,FALSE,0,84.1,100,heavy_rainfall,2023-24,3441.8,1040.4,900.28
28-06-2023,Ukwa,Madhya Pradesh,940.38,862.33,78.05,8.3,11.7,0,TRUE,6,80.2,97.5,transport_issue,2023-24,3441.8,1040.4,862.33
29-06-2023,Ukwa,Madhya Pradesh,940.38,880.5,59.88,6.4,8.8,0,FALSE,0,69.8,98.5,transport_issue,2023-24,3441.8,1040.4,880.5
30-06-2023,Ukwa,Madhya Pradesh,940.38,914.78,25.6,2.7,28.8,0,FALSE,0,83.1,91.3,transport_issue,2023-24,3441.8,1040.4,914.78
01-07-2023,Ukwa,Madhya Pradesh,940.38,813.64,126.74,13.5,8.1,7.6,FALSE,0,83.8,92.2,transport_issue,2023-24,3441.8,1040.4,813.64
02-07-2023,Ukwa,Madhya Pradesh,940.38,858.56,81.82,8.7,15.3,0,FALSE,0,79.4,88.1,transport_issue,2023-24,3441.8,1040.4,858.56
03-07-2023,Ukwa,Madhya Pradesh,940.38,863.21,77.17,8.2,16.4,0,FALSE,0,71.1,94.5,transport_issue,2023-24,3441.8,1040.4,863.21
04-07-2023,Ukwa,Madhya Pradesh,940.38,895.03,45.35,4.8,37.5,0,FALSE,0,82.2,100,transport_issue,2023-24,3441.8,1040.4,895.03
05-07-2023,Ukwa,Madhya Pradesh,940.38,866.31,74.07,7.9,5.3,0,TRUE,4,88.9,91.4,transport_issue,2023-24,3441.8,1040.4,866.31
06-07-2023,Ukwa,Madhya Pradesh,940.38,820.93,119.45,12.7,18.3,5.8,FALSE,0,82.3,100,transport_issue,2023-24,3441.8,1040.4,820.93
07-07-2023,Ukwa,Madhya Pradesh,940.38,847.64,92.74,9.9,47.1,0,FALSE,0,81.3,88.8,heavy_rainfall,2023-24,3441.8,1040.4,847.64
08-07-2023,Ukwa,Madhya Pradesh,940.38,898.09,42.29,4.5,25,0,FALSE,0,82.1,91.5,transport_issue,2023-24,3441.8,1040.4,898.09
09-07-2023,Ukwa,Madhya Pradesh,940.38,879.12,61.26,6.5,3.3,0,FALSE,0,69.1,96.7,transport_issue,2023-24,3441.8,1040.4,879.12
10-07-2023,Ukwa,Madhya Pradesh,940.38,910.21,30.17,3.2,12.5,0,FALSE,0,82.8,94.1,transport_issue,2023-24,3441.8,1040.4,910.21
11-07-2023,Ukwa,Madhya Pradesh,940.38,909.18,31.2,3.3,29.8,0,FALSE,0,83.1,86.6,transport_issue,2023-24,3441.8,1040.4,909.18
12-07-2023,Ukwa,Madhya Pradesh,940.38,879.63,60.75,6.5,43,0,TRUE,2.9,78.3,98.7,transport_issue,2023-24,3441.8,1040.4,879.63
13-07-2023,Ukwa,Madhya Pradesh,940.38,923.65,16.73,1.8,25.4,0,FALSE,0,83.8,100,transport_issue,2023-24,3441.8,1040.4,923.65
14-07-2023,Ukwa,Madhya Pradesh,940.38,853.84,86.54,9.2,54.3,0,FALSE,0,84,93.3,heavy_rainfall,2023-24,3441.8,1040.4,853.84
15-07-2023,Ukwa,Madhya Pradesh,940.38,911.05,29.33,3.1,28,0,FALSE,0,82.3,92.3,transport_issue,2023-24,3441.8,1040.4,911.05
16-07-2023,Ukwa,Madhya Pradesh,940.38,898.8,41.58,4.4,2.1,0,FALSE,0,77,91.5,transport_issue,2023-24,3441.8,1040.4,898.8
17-07-2023,Ukwa,Madhya Pradesh,940.38,884.45,55.93,5.9,17.7,0,FALSE,0,81.1,93.2,transport_issue,2023-24,3441.8,1040.4,884.45
18-07-2023,Ukwa,Madhya Pradesh,940.38,837.93,102.45,10.9,69.4,0,FALSE,0,77.5,90.5,heavy_rainfall,2023-24,3441.8,1040.4,837.93
19-07-2023,Ukwa,Madhya Pradesh,940.38,876.04,64.34,6.8,16.3,0,TRUE,1.9,84.8,93.7,transport_issue,2023-24,3441.8,1040.4,876.04
20-07-2023,Ukwa,Madhya Pradesh,940.38,898.05,42.33,4.5,12.5,0,FALSE,0,75.2,99.1,transport_issue,2023-24,3441.8,1040.4,898.05
21-07-2023,Ukwa,Madhya Pradesh,940.38,932.63,7.75,0.8,14.3,0,FALSE,0,89.1,90.7,transport_issue,2023-24,3441.8,1040.4,932.63
22-07-2023,Ukwa,Madhya Pradesh,940.38,854.23,86.15,9.2,10.6,0,FALSE,0,72.1,92.2,transport_issue,2023-24,3441.8,1040.4,854.23
23-07-2023,Ukwa,Madhya Pradesh,940.38,866.03,74.35,7.9,77.6,0,FALSE,0,74,96.2,heavy_rainfall,2023-24,3441.8,1040.4,866.03
24-07-2023,Ukwa,Madhya Pradesh,940.38,891.14,49.24,5.2,33.4,0,FALSE,0,82,100,transport_issue,2023-24,3441.8,1040.4,891.14
25-07-2023,Ukwa,Madhya Pradesh,940.38,885.42,54.96,5.8,31.4,0,FALSE,0,84.5,98.9,transport_issue,2023-24,3441.8,1040.4,885.42
26-07-2023,Ukwa,Madhya Pradesh,940.38,899.65,40.73,4.3,8.8,0,FALSE,0,84.1,86.7,transport_issue,2023-24,3441.8,1040.4,899.65
27-07-2023,Ukwa,Madhya Pradesh,940.38,882.1,58.28,6.2,18.4,0,FALSE,0,86.2,95.4,transport_issue,2023-24,3441.8,1040.4,882.1
28-07-2023,Ukwa,Madhya Pradesh,940.38,900.42,39.96,4.2,25.4,0,FALSE,0,82.3,99.1,transport_issue,2023-24,3441.8,1040.4,900.42
29-07-2023,Ukwa,Madhya Pradesh,940.38,831.98,108.4,11.5,93.2,0,FALSE,0,79.7,100,heavy_rainfall,2023-24,3441.8,1040.4,831.98
30-07-2023,Ukwa,Madhya Pradesh,940.38,840.58,99.8,10.6,43.7,0,TRUE,2.9,83.4,89.8,heavy_rainfall,2023-24,3441.8,1040.4,840.58
31-07-2023,Ukwa,Madhya Pradesh,940.38,884.49,55.89,5.9,37.3,0,FALSE,0,84.1,89.2,transport_issue,2023-24,3441.8,1040.4,884.49
01-08-2023,Ukwa,Madhya Pradesh,940.38,876.14,64.24,6.8,19,0,FALSE,0,82.4,87.1,transport_issue,2023-24,3441.8,1040.4,876.14
02-08-2023,Ukwa,Madhya Pradesh,940.38,856.78,83.6,8.9,25.7,0,TRUE,3.6,86.5,96,transport_issue,2023-24,3441.8,1040.4,856.78
03-08-2023,Ukwa,Madhya Pradesh,940.38,922.73,17.65,1.9,23.4,0,FALSE,0,85.1,99.7,transport_issue,2023-24,3441.8,1040.4,922.73
04-08-2023,Ukwa,Madhya Pradesh,940.38,912.49,27.89,3,56.6,0,FALSE,0,89.7,93.8,heavy_rainfall,2023-24,3441.8,1040.4,912.49
05-08-2023,Ukwa,Madhya Pradesh,940.38,890.04,50.34,5.4,26.8,0,FALSE,0,79.1,89.1,transport_issue,2023-24,3441.8,1040.4,890.04
06-08-2023,Ukwa,Madhya Pradesh,940.38,920.12,20.26,2.2,10.5,0,FALSE,0,86,92.8,transport_issue,2023-24,3441.8,1040.4,920.12
07-08-2023,Ukwa,Madhya Pradesh,940.38,879.36,61.02,6.5,39.3,0,TRUE,3.6,86.1,97.6,transport_issue,2023-24,3441.8,1040.4,879.36
08-08-2023,Ukwa,Madhya Pradesh,940.38,822.58,117.8,12.5,93.2,0,FALSE,0,84.5,96,heavy_rainfall,2023-24,3441.8,1040.4,822.58
09-08-2023,Ukwa,Madhya Pradesh,940.38,892.8,47.58,5.1,3,0,FALSE,0,81.9,93.3,transport_issue,2023-24,3441.8,1040.4,892.8
10-08-2023,Ukwa,Madhya Pradesh,940.38,921.1,19.28,2.1,6.7,0,FALSE,0,79.9,94.6,transport_issue,2023-24,3441.8,1040.4,921.1
11-08-2023,Ukwa,Madhya Pradesh,940.38,882.84,57.54,6.1,7.4,0,FALSE,0,80.5,92.8,transport_issue,2023-24,3441.8,1040.4,882.84
12-08-2023,Ukwa,Madhya Pradesh,940.38,916,24.38,2.6,25.1,0,FALSE,0,82.3,94.6,transport_issue,2023-24,3441.8,1040.4,916
13-08-2023,Ukwa,Madhya Pradesh,940.38,826.44,113.94,12.1,45.7,0,TRUE,3.1,75,95.7,transport_issue,2023-24,3441.8,1040.4,826.44
14-08-2023,Ukwa,Madhya Pradesh,940.38,901.75,38.63,4.1,2.5,0,FALSE,0,79.2,94,transport_issue,2023-24,3441.8,1040.4,901.75
15-08-2023,Ukwa,Madhya Pradesh,940.38,773.2,167.18,17.8,30.2,7,FALSE,0,71.9,91.7,transport_issue,2023-24,3441.8,1040.4,773.2
16-08-2023,Ukwa,Madhya Pradesh,940.38,886.36,54.02,5.7,20.8,0,FALSE,0,86.1,94.4,transport_issue,2023-24,3441.8,1040.4,886.36
17-08-2023,Ukwa,Madhya Pradesh,940.38,867.52,72.86,7.7,82,0,FALSE,0,89.6,87.6,heavy_rainfall,2023-24,3441.8,1040.4,867.52
18-08-2023,Ukwa,Madhya Pradesh,940.38,801.9,138.48,14.7,71.2,2.9,FALSE,0,87.7,86,heavy_rainfall,2023-24,3441.8,1040.4,801.9
19-08-2023,Ukwa,Madhya Pradesh,940.38,803.53,136.85,14.6,25.7,4.5,TRUE,4.6,76.7,94.2,transport_issue,2023-24,3441.8,1040.4,803.53
20-08-2023,Ukwa,Madhya Pradesh,940.38,871.16,69.22,7.4,42,0,FALSE,0,87.4,94.2,heavy_rainfall,2023-24,3441.8,1040.4,871.16
21-08-2023,Ukwa,Madhya Pradesh,940.38,906.07,34.31,3.6,10,0,FALSE,0,84.5,90.3,transport_issue,2023-24,3441.8,1040.4,906.07
22-08-2023,Ukwa,Madhya Pradesh,940.38,889.08,51.3,5.5,25.7,0,FALSE,0,79.3,97.7,transport_issue,2023-24,3441.8,1040.4,889.08
23-08-2023,Ukwa,Madhya Pradesh,940.38,871.34,69.04,7.3,19.6,0,FALSE,0,78.7,95.7,transport_issue,2023-24,3441.8,1040.4,871.34
24-08-2023,Ukwa,Madhya Pradesh,940.38,910.22,30.16,3.2,4,0,FALSE,0,84.2,100,transport_issue,2023-24,3441.8,1040.4,910.22
25-08-2023,Ukwa,Madhya Pradesh,940.38,853.28,87.1,9.3,33.6,0,FALSE,0,75.1,89.2,transport_issue,2023-24,3441.8,1040.4,853.28
26-08-2023,Ukwa,Madhya Pradesh,940.38,919.64,20.74,2.2,42.8,0,FALSE,0,94.3,86.8,heavy_rainfall,2023-24,3441.8,1040.4,919.64
27-08-2023,Ukwa,Madhya Pradesh,940.38,841.03,99.35,10.6,86.1,0,FALSE,0,77.8,84.3,heavy_rainfall,2023-24,3441.8,1040.4,841.03
28-08-2023,Ukwa,Madhya Pradesh,940.38,881.86,58.52,6.2,4.9,0,FALSE,0,78.2,97.7,transport_issue,2023-24,3441.8,1040.4,881.86
29-08-2023,Ukwa,Madhya Pradesh,940.38,804.77,135.61,14.4,14.3,2.4,TRUE,4.1,77.5,95.3,transport_issue,2023-24,3441.8,1040.4,804.77
30-08-2023,Ukwa,Madhya Pradesh,940.38,909.36,31.02,3.3,27.5,0,FALSE,0,86.4,92.9,transport_issue,2023-24,3441.8,1040.4,909.36
31-08-2023,Ukwa,Madhya Pradesh,940.38,885.38,55,5.8,23,0,FALSE,0,76,95.4,transport_issue,2023-24,3441.8,1040.4,885.38
01-09-2023,Ukwa,Madhya Pradesh,940.38,880.24,60.14,6.4,17.4,2,FALSE,0,84.2,100,transport_issue,2023-24,3441.8,1040.4,880.24
02-09-2023,Ukwa,Madhya Pradesh,940.38,889.09,51.29,5.5,22.4,0,FALSE,0,79.9,96.9,transport_issue,2023-24,3441.8,1040.4,889.09
03-09-2023,Ukwa,Madhya Pradesh,940.38,909.77,30.61,3.3,5.8,0,FALSE,0,85.1,94.8,transport_issue,2023-24,3441.8,1040.4,909.77
04-09-2023,Ukwa,Madhya Pradesh,940.38,912.47,27.91,3,14.9,0,FALSE,0,77.1,96.1,transport_issue,2023-24,3441.8,1040.4,912.47
05-09-2023,Ukwa,Madhya Pradesh,940.38,928.16,12.22,1.3,20.6,0,FALSE,0,85.5,99.7,transport_issue,2023-24,3441.8,1040.4,928.16
06-09-2023,Ukwa,Madhya Pradesh,940.38,860.22,80.16,8.5,14.5,0,FALSE,0,70.7,85.6,transport_issue,2023-24,3441.8,1040.4,860.22
07-09-2023,Ukwa,Madhya Pradesh,940.38,889.84,50.54,5.4,7,0,TRUE,1.5,92.3,88.4,labour_shortage,2023-24,3441.8,1040.4,889.84
08-09-2023,Ukwa,Madhya Pradesh,940.38,904.76,35.62,3.8,18.3,0,FALSE,0,83.8,92.1,transport_issue,2023-24,3441.8,1040.4,904.76
09-09-2023,Ukwa,Madhya Pradesh,940.38,925.78,14.6,1.6,21,0,FALSE,0,92.9,100,transport_issue,2023-24,3441.8,1040.4,925.78
10-09-2023,Ukwa,Madhya Pradesh,940.38,882.42,57.96,6.2,16.5,0,FALSE,0,90.4,88.8,labour_shortage,2023-24,3441.8,1040.4,882.42
11-09-2023,Ukwa,Madhya Pradesh,940.38,880.95,59.43,6.3,50.5,0,FALSE,0,86.2,93.9,heavy_rainfall,2023-24,3441.8,1040.4,880.95
12-09-2023,Ukwa,Madhya Pradesh,940.38,903.28,37.1,3.9,4.3,0,FALSE,0,77.2,92.2,transport_issue,2023-24,3441.8,1040.4,903.28
13-09-2023,Ukwa,Madhya Pradesh,940.38,881.24,59.14,6.3,49.8,0,FALSE,0,86.5,99.2,heavy_rainfall,2023-24,3441.8,1040.4,881.24
14-09-2023,Ukwa,Madhya Pradesh,940.38,805.54,134.84,14.3,1.4,7.6,FALSE,0,92.4,91.2,equipment_failure,2023-24,3441.8,1040.4,805.54
15-09-2023,Ukwa,Madhya Pradesh,940.38,888.1,52.28,5.6,19,0,FALSE,0,72.3,93.2,transport_issue,2023-24,3441.8,1040.4,888.1
16-09-2023,Ukwa,Madhya Pradesh,940.38,852.53,87.85,9.3,42.9,0,TRUE,2.7,72.7,95.5,transport_issue,2023-24,3441.8,1040.4,852.53
17-09-2023,Ukwa,Madhya Pradesh,940.38,906.02,34.36,3.7,24.6,0,FALSE,0,78,95.6,transport_issue,2023-24,3441.8,1040.4,906.02
18-09-2023,Ukwa,Madhya Pradesh,940.38,866.15,74.23,7.9,39,0,FALSE,0,74.9,100,transport_issue,2023-24,3441.8,1040.4,866.15
19-09-2023,Ukwa,Madhya Pradesh,940.38,867.49,72.89,7.8,33.5,0,FALSE,0,82.3,93,transport_issue,2023-24,3441.8,1040.4,867.49
20-09-2023,Ukwa,Madhya Pradesh,940.38,877.2,63.18,6.7,15.1,0,FALSE,0,74.5,91,transport_issue,2023-24,3441.8,1040.4,877.2
21-09-2023,Ukwa,Madhya Pradesh,940.38,896.41,43.97,4.7,12,0,FALSE,0,74.6,99.1,transport_issue,2023-24,3441.8,1040.4,896.41
22-09-2023,Ukwa,Madhya Pradesh,940.38,867.49,72.89,7.8,16.1,0,FALSE,0,75.5,93.9,transport_issue,2023-24,3441.8,1040.4,867.49
23-09-2023,Ukwa,Madhya Pradesh,940.38,896.17,44.21,4.7,36.3,0,FALSE,0,84.8,99.3,transport_issue,2023-24,3441.8,1040.4,896.17
24-09-2023,Ukwa,Madhya Pradesh,940.38,926.55,13.83,1.5,22.3,0,FALSE,0,84,92.8,transport_issue,2023-24,3441.8,1040.4,926.55
25-09-2023,Ukwa,Madhya Pradesh,940.38,836.79,103.59,11,86.9,0,FALSE,0,84.4,88.2,heavy_rainfall,2023-24,3441.8,1040.4,836.79
26-09-2023,Ukwa,Madhya Pradesh,940.38,812.09,128.29,13.6,23.6,6.7,FALSE,0,90.4,96.7,equipment_failure,2023-24,3441.8,1040.4,812.09
27-09-2023,Ukwa,Madhya Pradesh,940.38,909.03,31.35,3.3,2.9,0,FALSE,0,84,95.7,transport_issue,2023-24,3441.8,1040.4,909.03
28-09-2023,Ukwa,Madhya Pradesh,940.38,853.73,86.65,9.2,11,0,TRUE,4.5,91,88.9,labour_shortage,2023-24,3441.8,1040.4,853.73
29-09-2023,Ukwa,Madhya Pradesh,940.38,875.73,64.65,6.9,35.9,0,FALSE,0,77.5,94.2,transport_issue,2023-24,3441.8,1040.4,875.73
30-09-2023,Ukwa,Madhya Pradesh,940.38,891.29,49.09,5.2,8.8,0,FALSE,0,83.1,89.7,transport_issue,2023-24,3441.8,1040.4,891.29
01-10-2023,Ukwa,Madhya Pradesh,940.38,920.87,19.51,2.1,3.3,0,FALSE,0,93.7,99.9,transport_issue,2023-24,3441.8,1040.4,920.87
02-10-2023,Ukwa,Madhya Pradesh,940.38,911.97,28.41,3,8.1,0,FALSE,0,82.3,99.8,transport_issue,2023-24,3441.8,1040.4,911.97
03-10-2023,Ukwa,Madhya Pradesh,940.38,900.72,39.66,4.2,8.2,0,FALSE,0,97.7,93.5,labour_shortage,2023-24,3441.8,1040.4,900.72
04-10-2023,Ukwa,Madhya Pradesh,940.38,915.1,25.28,2.7,4.7,0,FALSE,0,94.4,89.4,labour_shortage,2023-24,3441.8,1040.4,915.1
05-10-2023,Ukwa,Madhya Pradesh,940.38,910.76,29.62,3.1,1.9,0,FALSE,0,90.5,95,transport_issue,2023-24,3441.8,1040.4,910.76
06-10-2023,Ukwa,Madhya Pradesh,940.38,907.18,33.2,3.5,6.7,0,FALSE,0,92.6,94,transport_issue,2023-24,3441.8,1040.4,907.18
07-10-2023,Ukwa,Madhya Pradesh,940.38,934.3,6.08,0.6,5.2,0,FALSE,0,93.5,94,transport_issue,2023-24,3441.8,1040.4,934.3
08-10-2023,Ukwa,Madhya Pradesh,940.38,891.65,48.73,5.2,2,0,FALSE,0,83.8,100,transport_issue,2023-24,3441.8,1040.4,891.65
09-10-2023,Ukwa,Madhya Pradesh,940.38,938.04,2.34,0.2,3.5,0,FALSE,0,88.3,100,transport_issue,2023-24,3441.8,1040.4,938.04
10-10-2023,Ukwa,Madhya Pradesh,940.38,898.29,42.09,4.5,11.8,0,FALSE,0,91.3,82.6,labour_shortage,2023-24,3441.8,1040.4,898.29
11-10-2023,Ukwa,Madhya Pradesh,940.38,912.19,28.19,3,4.1,0,FALSE,0,100,99.2,none,2023-24,3441.8,1040.4,912.19
12-10-2023,Ukwa,Madhya Pradesh,940.38,906.45,33.93,3.6,0.2,0,FALSE,0,90.3,100,transport_issue,2023-24,3441.8,1040.4,906.45
13-10-2023,Ukwa,Madhya Pradesh,940.38,722.75,217.63,23.1,2.3,16,FALSE,0,97.7,90.8,equipment_failure,2023-24,3441.8,1040.4,722.75
14-10-2023,Ukwa,Madhya Pradesh,940.38,836.1,104.28,11.1,6.8,0,TRUE,5.8,82.8,96.8,transport_issue,2023-24,3441.8,1040.4,836.1
15-10-2023,Ukwa,Madhya Pradesh,940.38,872.25,68.13,7.2,3.5,0,TRUE,4,93.2,86,labour_shortage,2023-24,3441.8,1040.4,872.25
16-10-2023,Ukwa,Madhya Pradesh,940.38,885.08,55.3,5.9,3.9,2.4,FALSE,0,100,92.8,labour_shortage,2023-24,3441.8,1040.4,885.08
17-10-2023,Ukwa,Madhya Pradesh,940.38,930.23,10.15,1.1,5.7,0,FALSE,0,91.3,88.8,labour_shortage,2023-24,3441.8,1040.4,930.23
18-10-2023,Ukwa,Madhya Pradesh,940.38,903.28,37.1,3.9,2.7,0,TRUE,4.7,100,94,blasting_delay,2023-24,3441.8,1040.4,903.28
19-10-2023,Ukwa,Madhya Pradesh,940.38,867.53,72.85,7.7,2.9,0,FALSE,0,79.8,93.9,transport_issue,2023-24,3441.8,1040.4,867.53
20-10-2023,Ukwa,Madhya Pradesh,940.38,910.5,29.88,3.2,3.2,0,TRUE,1.2,95.9,96.1,transport_issue,2023-24,3441.8,1040.4,910.5
21-10-2023,Ukwa,Madhya Pradesh,940.38,932.46,7.92,0.8,5.1,0,FALSE,0,95.1,95,labour_shortage,2023-24,3441.8,1040.4,932.46
22-10-2023,Ukwa,Madhya Pradesh,940.38,944.76,-4.38,-0.5,2.9,0,FALSE,0,95,94.7,none,2023-24,3441.8,1040.4,944.76
23-10-2023,Ukwa,Madhya Pradesh,940.38,906.34,34.04,3.6,0.5,0,FALSE,0,85.7,91.3,transport_issue,2023-24,3441.8,1040.4,906.34
24-10-2023,Ukwa,Madhya Pradesh,940.38,941.67,-1.29,-0.1,2.4,0,FALSE,0,92.1,100,none,2023-24,3441.8,1040.4,941.67
25-10-2023,Ukwa,Madhya Pradesh,940.38,901.43,38.95,4.1,1.7,0,FALSE,0,86.6,96.1,transport_issue,2023-24,3441.8,1040.4,901.43
26-10-2023,Ukwa,Madhya Pradesh,940.38,913.04,27.34,2.9,0.9,0,FALSE,0,81.1,97.9,transport_issue,2023-24,3441.8,1040.4,913.04
27-10-2023,Ukwa,Madhya Pradesh,940.38,935.9,4.48,0.5,1.2,0,FALSE,0,100,95.8,labour_shortage,2023-24,3441.8,1040.4,935.9
28-10-2023,Ukwa,Madhya Pradesh,940.38,945.02,-4.64,-0.5,8.4,0,FALSE,0,97,90.7,none,2023-24,3441.8,1040.4,945.02
29-10-2023,Ukwa,Madhya Pradesh,940.38,940.48,-0.1,0,2.4,0,FALSE,0,94.7,98,none,2023-24,3441.8,1040.4,940.48
30-10-2023,Ukwa,Madhya Pradesh,940.38,845.28,95.1,10.1,1.7,7.2,FALSE,0,97.5,90.8,equipment_failure,2023-24,3441.8,1040.4,845.28
31-10-2023,Ukwa,Madhya Pradesh,940.38,934.32,6.06,0.6,5,0,FALSE,0,96.7,93.8,labour_shortage,2023-24,3441.8,1040.4,934.32
01-11-2023,Ukwa,Madhya Pradesh,940.38,843.63,96.75,10.3,3.7,5.6,FALSE,0,90.4,93.1,equipment_failure,2023-24,3441.8,1040.4,843.63
02-11-2023,Ukwa,Madhya Pradesh,940.38,886.31,54.07,5.7,1.2,0,FALSE,0,84.1,95.4,transport_issue,2023-24,3441.8,1040.4,886.31
03-11-2023,Ukwa,Madhya Pradesh,940.38,907.65,32.73,3.5,1.7,0,FALSE,0,82.7,99.4,transport_issue,2023-24,3441.8,1040.4,907.65
04-11-2023,Ukwa,Madhya Pradesh,940.38,889.37,51.01,5.4,2.7,0,TRUE,1.9,96.2,96.2,labour_shortage,2023-24,3441.8,1040.4,889.37
05-11-2023,Ukwa,Madhya Pradesh,940.38,926.59,13.79,1.5,0.8,0,FALSE,0,87.7,93.7,transport_issue,2023-24,3441.8,1040.4,926.59
06-11-2023,Ukwa,Madhya Pradesh,940.38,879.19,61.19,6.5,5.7,0,TRUE,2.6,98.6,95.3,blasting_delay,2023-24,3441.8,1040.4,879.19
07-11-2023,Ukwa,Madhya Pradesh,940.38,922.63,17.75,1.9,1.6,0,FALSE,0,84,90,transport_issue,2023-24,3441.8,1040.4,922.63
08-11-2023,Ukwa,Madhya Pradesh,940.38,901.39,38.99,4.1,3.6,0,FALSE,0,100,89.9,labour_shortage,2023-24,3441.8,1040.4,901.39
09-11-2023,Ukwa,Madhya Pradesh,940.38,917.85,22.53,2.4,8.5,0,FALSE,0,94.1,91,labour_shortage,2023-24,3441.8,1040.4,917.85
10-11-2023,Ukwa,Madhya Pradesh,940.38,901.5,38.88,4.1,0.6,0,FALSE,0,100,91.4,labour_shortage,2023-24,3441.8,1040.4,901.5
11-11-2023,Ukwa,Madhya Pradesh,940.38,947.61,-7.23,-0.8,2,0,FALSE,0,89.6,100,none,2023-24,3441.8,1040.4,947.61
12-11-2023,Ukwa,Madhya Pradesh,940.38,923.08,17.3,1.8,7.2,0,FALSE,0,97,99.4,transport_issue,2023-24,3441.8,1040.4,923.08
13-11-2023,Ukwa,Madhya Pradesh,940.38,892.63,47.75,5.1,6,0,TRUE,3.8,96.3,95.9,blasting_delay,2023-24,3441.8,1040.4,892.63
14-11-2023,Ukwa,Madhya Pradesh,940.38,934.85,5.53,0.6,3.2,0,FALSE,0,98.1,86.7,labour_shortage,2023-24,3441.8,1040.4,934.85
15-11-2023,Ukwa,Madhya Pradesh,940.38,906.61,33.77,3.6,3.8,0,FALSE,0,94.5,96.7,transport_issue,2023-24,3441.8,1040.4,906.61
16-11-2023,Ukwa,Madhya Pradesh,940.38,934.73,5.65,0.6,2.1,0,FALSE,0,91.8,100,transport_issue,2023-24,3441.8,1040.4,934.73
17-11-2023,Ukwa,Madhya Pradesh,940.38,926.94,13.44,1.4,5.2,0,FALSE,0,80.4,98.8,transport_issue,2023-24,3441.8,1040.4,926.94
18-11-2023,Ukwa,Madhya Pradesh,940.38,929.02,11.36,1.2,4.9,0,FALSE,0,91.6,87.6,labour_shortage,2023-24,3441.8,1040.4,929.02
19-11-2023,Ukwa,Madhya Pradesh,940.38,898.85,41.53,4.4,4,0,TRUE,4.4,97.6,93.7,blasting_delay,2023-24,3441.8,1040.4,898.85
20-11-2023,Ukwa,Madhya Pradesh,940.38,884.31,56.07,6,4.2,0,FALSE,0,85.6,98,transport_issue,2023-24,3441.8,1040.4,884.31
21-11-2023,Ukwa,Madhya Pradesh,940.38,913.34,27.04,2.9,1.8,0,FALSE,0,86.3,100,transport_issue,2023-24,3441.8,1040.4,913.34
22-11-2023,Ukwa,Madhya Pradesh,940.38,902.39,37.99,4,3.1,0,FALSE,0,91.6,98.5,transport_issue,2023-24,3441.8,1040.4,902.39
23-11-2023,Ukwa,Madhya Pradesh,940.38,834.74,105.64,11.2,3.6,5.9,FALSE,0,88.2,85.8,labour_shortage,2023-24,3441.8,1040.4,834.74
24-11-2023,Ukwa,Madhya Pradesh,940.38,900.11,40.27,4.3,2.2,0,FALSE,0,88.3,94.7,transport_issue,2023-24,3441.8,1040.4,900.11
25-11-2023,Ukwa,Madhya Pradesh,940.38,839.1,101.28,10.8,3.7,4.7,FALSE,0,85.7,95.1,transport_issue,2023-24,3441.8,1040.4,839.1
26-11-2023,Ukwa,Madhya Pradesh,940.38,931.12,9.26,1,8.5,0,FALSE,0,97,95.5,labour_shortage,2023-24,3441.8,1040.4,931.12
27-11-2023,Ukwa,Madhya Pradesh,940.38,915.42,24.96,2.7,2.4,0,FALSE,0,99.6,94.2,labour_shortage,2023-24,3441.8,1040.4,915.42
28-11-2023,Ukwa,Madhya Pradesh,940.38,857.13,83.25,8.9,5.9,2.3,FALSE,0,77.1,92.8,transport_issue,2023-24,3441.8,1040.4,857.13
29-11-2023,Ukwa,Madhya Pradesh,940.38,939.4,0.98,0.1,1,0,FALSE,0,94.7,93.1,labour_shortage,2023-24,3441.8,1040.4,939.4
30-11-2023,Ukwa,Madhya Pradesh,940.38,947.51,-7.13,-0.8,6.9,0,FALSE,0,99.8,91.9,none,2023-24,3441.8,1040.4,947.51
01-12-2023,Ukwa,Madhya Pradesh,940.38,917.41,22.97,2.4,2,0,FALSE,0,100,95.3,labour_shortage,2023-24,3441.8,1040.4,917.41
02-12-2023,Ukwa,Madhya Pradesh,940.38,883.03,57.35,6.1,1.6,0,FALSE,0,81.3,97.7,transport_issue,2023-24,3441.8,1040.4,883.03
03-12-2023,Ukwa,Madhya Pradesh,940.38,843.75,96.63,10.3,0.5,5.8,FALSE,0,98.9,89.5,equipment_failure,2023-24,3441.8,1040.4,843.75
04-12-2023,Ukwa,Madhya Pradesh,940.38,939.99,0.39,0,5.7,0,FALSE,0,98.1,98.3,none,2023-24,3441.8,1040.4,939.99
05-12-2023,Ukwa,Madhya Pradesh,940.38,926.28,14.1,1.5,3.9,0,FALSE,0,100,87.9,labour_shortage,2023-24,3441.8,1040.4,926.28
06-12-2023,Ukwa,Madhya Pradesh,940.38,950.11,-9.73,-1,3.6,0,FALSE,0,100,98.4,none,2023-24,3441.8,1040.4,950.11
07-12-2023,Ukwa,Madhya Pradesh,940.38,940.35,0.03,0,0.9,0,FALSE,0,96.1,100,transport_issue,2023-24,3441.8,1040.4,940.35
08-12-2023,Ukwa,Madhya Pradesh,940.38,913.17,27.21,2.9,4.8,0,FALSE,0,86.5,99.3,transport_issue,2023-24,3441.8,1040.4,913.17
09-12-2023,Ukwa,Madhya Pradesh,940.38,910.61,29.77,3.2,4.4,0,FALSE,0,100,87,labour_shortage,2023-24,3441.8,1040.4,910.61
10-12-2023,Ukwa,Madhya Pradesh,940.38,913.39,26.99,2.9,2.3,0,FALSE,0,89.9,89.3,labour_shortage,2023-24,3441.8,1040.4,913.39
11-12-2023,Ukwa,Madhya Pradesh,940.38,890.23,50.15,5.3,1.7,0,FALSE,0,93.4,88.2,labour_shortage,2023-24,3441.8,1040.4,890.23
12-12-2023,Ukwa,Madhya Pradesh,940.38,885.82,54.56,5.8,4.3,0,TRUE,1.4,94.5,96.2,transport_issue,2023-24,3441.8,1040.4,885.82
13-12-2023,Ukwa,Madhya Pradesh,940.38,893.04,47.34,5,4.5,0,FALSE,0,86.4,88.8,transport_issue,2023-24,3441.8,1040.4,893.04
14-12-2023,Ukwa,Madhya Pradesh,940.38,890.71,49.67,5.3,1.6,0,TRUE,5,99.5,93.7,blasting_delay,2023-24,3441.8,1040.4,890.71
15-12-2023,Ukwa,Madhya Pradesh,940.38,939.77,0.61,0.1,15.8,0,FALSE,0,98.7,100,none,2023-24,3441.8,1040.4,939.77
16-12-2023,Ukwa,Madhya Pradesh,940.38,885.22,55.16,5.9,2.2,0,FALSE,0,86,85.6,labour_shortage,2023-24,3441.8,1040.4,885.22
17-12-2023,Ukwa,Madhya Pradesh,940.38,935.72,4.66,0.5,2.8,0,FALSE,0,88.8,100,transport_issue,2023-24,3441.8,1040.4,935.72
18-12-2023,Ukwa,Madhya Pradesh,940.38,950.39,-10.01,-1.1,1.2,0,FALSE,0,95.1,95.6,none,2023-24,3441.8,1040.4,950.39
19-12-2023,Ukwa,Madhya Pradesh,940.38,933.54,6.84,0.7,1.6,0,FALSE,0,97.1,97.9,transport_issue,2023-24,3441.8,1040.4,933.54
20-12-2023,Ukwa,Madhya Pradesh,940.38,911.68,28.7,3.1,3.1,0,FALSE,0,92.5,96.5,transport_issue,2023-24,3441.8,1040.4,911.68
21-12-2023,Ukwa,Madhya Pradesh,940.38,891.19,49.19,5.2,5.7,0,FALSE,0,80.8,95,transport_issue,2023-24,3441.8,1040.4,891.19
22-12-2023,Ukwa,Madhya Pradesh,940.38,927.77,12.61,1.3,5.2,0,FALSE,0,92.6,89.3,labour_shortage,2023-24,3441.8,1040.4,927.77
23-12-2023,Ukwa,Madhya Pradesh,940.38,950.62,-10.24,-1.1,1.3,0,FALSE,0,93.9,95.8,none,2023-24,3441.8,1040.4,950.62
24-12-2023,Ukwa,Madhya Pradesh,940.38,902.57,37.81,4,8,0,FALSE,0,92.3,94.2,transport_issue,2023-24,3441.8,1040.4,902.57
25-12-2023,Ukwa,Madhya Pradesh,940.38,934.54,5.84,0.6,4.6,0,FALSE,0,87.9,100,transport_issue,2023-24,3441.8,1040.4,934.54
26-12-2023,Ukwa,Madhya Pradesh,940.38,933.01,7.37,0.8,3.2,0,FALSE,0,96.9,94.5,labour_shortage,2023-24,3441.8,1040.4,933.01
27-12-2023,Ukwa,Madhya Pradesh,940.38,928.54,11.84,1.3,1.5,0,FALSE,0,100,99.8,none,2023-24,3441.8,1040.4,928.54
28-12-2023,Ukwa,Madhya Pradesh,940.38,853.93,86.45,9.2,3.1,4.5,FALSE,0,83,95.6,transport_issue,2023-24,3441.8,1040.4,853.93
29-12-2023,Ukwa,Madhya Pradesh,940.38,807.94,132.44,14.1,2.8,6.2,FALSE,0,87.4,100,transport_issue,2023-24,3441.8,1040.4,807.94
30-12-2023,Ukwa,Madhya Pradesh,940.38,893.8,46.58,5,0.3,0,FALSE,0,89.7,95.4,transport_issue,2023-24,3441.8,1040.4,893.8
31-12-2023,Ukwa,Madhya Pradesh,940.38,921.68,18.7,2,6.6,0,FALSE,0,81.8,98.3,transport_issue,2023-24,3441.8,1040.4,921.68
01-01-2024,Ukwa,Madhya Pradesh,940.38,895.46,44.92,4.8,1.6,0,TRUE,3.2,91.3,88.1,labour_shortage,2023-24,3441.8,1040.4,895.46
02-01-2024,Ukwa,Madhya Pradesh,940.38,929.93,10.45,1.1,3.9,0,FALSE,0,89.8,97.5,transport_issue,2023-24,3441.8,1040.4,929.93
03-01-2024,Ukwa,Madhya Pradesh,940.38,904.52,35.86,3.8,11.1,0,FALSE,0,85.9,86.8,transport_issue,2023-24,3441.8,1040.4,904.52
04-01-2024,Ukwa,Madhya Pradesh,940.38,929.71,10.67,1.1,1.9,0,FALSE,0,97.6,93.8,labour_shortage,2023-24,3441.8,1040.4,929.71
05-01-2024,Ukwa,Madhya Pradesh,940.38,923.5,16.88,1.8,3.4,0,FALSE,0,87.4,95.9,transport_issue,2023-24,3441.8,1040.4,923.5
06-01-2024,Ukwa,Madhya Pradesh,940.38,927.7,12.68,1.3,5.1,0,FALSE,0,90,93.4,transport_issue,2023-24,3441.8,1040.4,927.7
07-01-2024,Ukwa,Madhya Pradesh,940.38,923.86,16.52,1.8,2.2,0,FALSE,0,86.7,97.7,transport_issue,2023-24,3441.8,1040.4,923.86
08-01-2024,Ukwa,Madhya Pradesh,940.38,891.87,48.51,5.2,9.3,0,FALSE,0,87.7,97.8,transport_issue,2023-24,3441.8,1040.4,891.87
09-01-2024,Ukwa,Madhya Pradesh,940.38,940.26,0.12,0,7,0,FALSE,0,100,95.3,labour_shortage,2023-24,3441.8,1040.4,940.26
10-01-2024,Ukwa,Madhya Pradesh,940.38,844.8,95.58,10.2,5.9,5.3,FALSE,0,82.1,99.9,transport_issue,2023-24,3441.8,1040.4,844.8
11-01-2024,Ukwa,Madhya Pradesh,940.38,902.09,38.29,4.1,3.2,0,FALSE,0,90.2,95.6,transport_issue,2023-24,3441.8,1040.4,902.09
12-01-2024,Ukwa,Madhya Pradesh,940.38,955.06,-14.68,-1.6,1.8,0,FALSE,0,97.5,95,none,2023-24,3441.8,1040.4,955.06
13-01-2024,Ukwa,Madhya Pradesh,940.38,896.74,43.64,4.6,15.7,0,FALSE,0,89.2,96.3,transport_issue,2023-24,3441.8,1040.4,896.74
14-01-2024,Ukwa,Madhya Pradesh,940.38,922.27,18.11,1.9,7.2,0,FALSE,0,97.3,93,labour_shortage,2023-24,3441.8,1040.4,922.27
15-01-2024,Ukwa,Madhya Pradesh,940.38,926.76,13.62,1.4,1,0,FALSE,0,99.3,93.7,labour_shortage,2023-24,3441.8,1040.4,926.76
16-01-2024,Ukwa,Madhya Pradesh,940.38,872.24,68.14,7.2,0.8,0,TRUE,5,85.8,100,transport_issue,2023-24,3441.8,1040.4,872.24
17-01-2024,Ukwa,Madhya Pradesh,940.38,890.39,49.99,5.3,1.7,0,FALSE,0,86.7,92.4,transport_issue,2023-24,3441.8,1040.4,890.39
18-01-2024,Ukwa,Madhya Pradesh,940.38,901.44,38.94,4.1,1.5,0,FALSE,0,90.1,93.1,transport_issue,2023-24,3441.8,1040.4,901.44
19-01-2024,Ukwa,Madhya Pradesh,940.38,944.05,-3.67,-0.4,5.5,0,FALSE,0,100,98.2,none,2023-24,3441.8,1040.4,944.05
20-01-2024,Ukwa,Madhya Pradesh,940.38,909.43,30.95,3.3,1.2,0,FALSE,0,88.4,91.9,transport_issue,2023-24,3441.8,1040.4,909.43
21-01-2024,Ukwa,Madhya Pradesh,940.38,897.71,42.67,4.5,2.4,0,FALSE,0,88.9,94.8,transport_issue,2023-24,3441.8,1040.4,897.71
22-01-2024,Ukwa,Madhya Pradesh,940.38,816.81,123.57,13.1,3.2,7,FALSE,0,89.4,92.5,equipment_failure,2023-24,3441.8,1040.4,816.81
23-01-2024,Ukwa,Madhya Pradesh,940.38,941.76,-1.38,-0.1,5.9,0,FALSE,0,93.7,92.9,none,2023-24,3441.8,1040.4,941.76
24-01-2024,Ukwa,Madhya Pradesh,940.38,907.33,33.05,3.5,3.1,0,FALSE,0,84.6,92.6,transport_issue,2023-24,3441.8,1040.4,907.33
25-01-2024,Ukwa,Madhya Pradesh,940.38,808.05,132.33,14.1,3.1,5.9,FALSE,0,85.6,99.1,transport_issue,2023-24,3441.8,1040.4,808.05
26-01-2024,Ukwa,Madhya Pradesh,940.38,927.86,12.52,1.3,13.2,0,FALSE,0,98.9,91.7,labour_shortage,2023-24,3441.8,1040.4,927.86
27-01-2024,Ukwa,Madhya Pradesh,940.38,945.22,-4.84,-0.5,4,0,FALSE,0,96,90,none,2023-24,3441.8,1040.4,945.22
28-01-2024,Ukwa,Madhya Pradesh,940.38,898.96,41.42,4.4,2.5,0,FALSE,0,86.4,88.9,transport_issue,2023-24,3441.8,1040.4,898.96
29-01-2024,Ukwa,Madhya Pradesh,940.38,934.79,5.59,0.6,8.8,0,FALSE,0,100,95.3,labour_shortage,2023-24,3441.8,1040.4,934.79
30-01-2024,Ukwa,Madhya Pradesh,940.38,900.06,40.32,4.3,3.8,0,FALSE,0,84.9,97,transport_issue,2023-24,3441.8,1040.4,900.06
31-01-2024,Ukwa,Madhya Pradesh,940.38,950.59,-10.21,-1.1,7.7,0,FALSE,0,96,100,none,2023-24,3441.8,1040.4,950.59
01-02-2024,Ukwa,Madhya Pradesh,940.38,936.66,3.72,0.4,1.5,0,FALSE,0,100,100,none,2023-24,3441.8,1040.4,936.66
02-02-2024,Ukwa,Madhya Pradesh,940.38,892.76,47.62,5.1,2.5,0,FALSE,0,78.2,91.9,transport_issue,2023-24,3441.8,1040.4,892.76
03-02-2024,Ukwa,Madhya Pradesh,940.38,915.8,24.58,2.6,1,0,FALSE,0,91.5,95.5,transport_issue,2023-24,3441.8,1040.4,915.8
04-02-2024,Ukwa,Madhya Pradesh,940.38,912.09,28.29,3,0.8,0,FALSE,0,83.2,90.8,transport_issue,2023-24,3441.8,1040.4,912.09
05-02-2024,Ukwa,Madhya Pradesh,940.38,867.75,72.63,7.7,0.9,4.9,FALSE,0,99.1,98.6,equipment_failure,2023-24,3441.8,1040.4,867.75
06-02-2024,Ukwa,Madhya Pradesh,940.38,859.71,80.67,8.6,4.2,3.8,FALSE,0,83,99,transport_issue,2023-24,3441.8,1040.4,859.71
07-02-2024,Ukwa,Madhya Pradesh,940.38,905.33,35.05,3.7,6.8,0,FALSE,0,89.6,94.9,transport_issue,2023-24,3441.8,1040.4,905.33
08-02-2024,Ukwa,Madhya Pradesh,940.38,900.24,40.14,4.3,2.5,0,FALSE,0,86.5,90.8,transport_issue,2023-24,3441.8,1040.4,900.24
09-02-2024,Ukwa,Madhya Pradesh,940.38,917.46,22.92,2.4,1.2,0,FALSE,0,89.4,97.7,transport_issue,2023-24,3441.8,1040.4,917.46
10-02-2024,Ukwa,Madhya Pradesh,940.38,889.47,50.91,5.4,2.1,0,FALSE,0,94.2,91,labour_shortage,2023-24,3441.8,1040.4,889.47
11-02-2024,Ukwa,Madhya Pradesh,940.38,945.18,-4.8,-0.5,1.1,0,FALSE,0,94.8,100,none,2023-24,3441.8,1040.4,945.18
12-02-2024,Ukwa,Madhya Pradesh,940.38,916.99,23.39,2.5,1.6,0,FALSE,0,100,96.2,labour_shortage,2023-24,3441.8,1040.4,916.99
13-02-2024,Ukwa,Madhya Pradesh,940.38,933.77,6.61,0.7,2.1,0,FALSE,0,89.9,90.1,transport_issue,2023-24,3441.8,1040.4,933.77
14-02-2024,Ukwa,Madhya Pradesh,940.38,912.19,28.19,3,10.8,0,FALSE,0,94.2,89.8,labour_shortage,2023-24,3441.8,1040.4,912.19
15-02-2024,Ukwa,Madhya Pradesh,940.38,891.76,48.62,5.2,1.3,0,FALSE,0,93.2,92.3,labour_shortage,2023-24,3441.8,1040.4,891.76
16-02-2024,Ukwa,Madhya Pradesh,940.38,814.61,125.77,13.4,3.2,7.1,FALSE,0,95.4,95.5,equipment_failure,2023-24,3441.8,1040.4,814.61
17-02-2024,Ukwa,Madhya Pradesh,940.38,922.64,17.74,1.9,7.1,0,FALSE,0,91.2,95.1,transport_issue,2023-24,3441.8,1040.4,922.64
18-02-2024,Ukwa,Madhya Pradesh,940.38,891.04,49.34,5.2,3.1,0,FALSE,0,89.9,96,transport_issue,2023-24,3441.8,1040.4,891.04
19-02-2024,Ukwa,Madhya Pradesh,940.38,959.73,-19.35,-2.1,3.1,0,FALSE,0,100,97.2,none,2023-24,3441.8,1040.4,959.73
20-02-2024,Ukwa,Madhya Pradesh,940.38,828.22,112.16,11.9,6.4,7.5,FALSE,0,90.6,93.8,equipment_failure,2023-24,3441.8,1040.4,828.22
21-02-2024,Ukwa,Madhya Pradesh,940.38,897.7,42.68,4.5,4.4,0,FALSE,0,92,100,transport_issue,2023-24,3441.8,1040.4,897.7
22-02-2024,Ukwa,Madhya Pradesh,940.38,916.37,24.01,2.6,7.4,0,FALSE,0,87.3,86.6,labour_shortage,2023-24,3441.8,1040.4,916.37
23-02-2024,Ukwa,Madhya Pradesh,940.38,899.42,40.96,4.4,3.5,0,FALSE,0,92.1,85.9,labour_shortage,2023-24,3441.8,1040.4,899.42
24-02-2024,Ukwa,Madhya Pradesh,940.38,886.38,54,5.7,4.8,0,FALSE,0,80,98.3,transport_issue,2023-24,3441.8,1040.4,886.38
25-02-2024,Ukwa,Madhya Pradesh,940.38,832.6,107.78,11.5,2.7,6.5,FALSE,0,97,90.9,equipment_failure,2023-24,3441.8,1040.4,832.6
26-02-2024,Ukwa,Madhya Pradesh,940.38,884.17,56.21,6,7.2,0,FALSE,0,88.6,92.3,transport_issue,2023-24,3441.8,1040.4,884.17
27-02-2024,Ukwa,Madhya Pradesh,940.38,953.97,-13.59,-1.4,10.6,0,FALSE,0,93.1,100,none,2023-24,3441.8,1040.4,953.97
28-02-2024,Ukwa,Madhya Pradesh,940.38,831.99,108.39,11.5,1.9,5.5,FALSE,0,83.3,89.1,transport_issue,2023-24,3441.8,1040.4,831.99
29-02-2024,Ukwa,Madhya Pradesh,940.38,929.02,11.36,1.2,2.4,0,FALSE,0,87.4,100,transport_issue,2023-24,3441.8,1040.4,929.02
01-03-2024,Ukwa,Madhya Pradesh,940.38,929.21,11.17,1.2,3.9,0,FALSE,0,96,93,labour_shortage,2023-24,3441.8,1040.4,929.21
02-03-2024,Ukwa,Madhya Pradesh,940.38,891.54,48.84,5.2,5.5,0,FALSE,0,84.7,95.9,transport_issue,2023-24,3441.8,1040.4,891.54
03-03-2024,Ukwa,Madhya Pradesh,940.38,910.8,29.58,3.1,3,0,FALSE,0,91.8,95.3,transport_issue,2023-24,3441.8,1040.4,910.8
04-03-2024,Ukwa,Madhya Pradesh,940.38,936.88,3.5,0.4,1.5,0,FALSE,0,98.4,92.5,labour_shortage,2023-24,3441.8,1040.4,936.88
05-03-2024,Ukwa,Madhya Pradesh,940.38,910.38,30,3.2,0.3,0,FALSE,0,87.6,95.6,transport_issue,2023-24,3441.8,1040.4,910.38
06-03-2024,Ukwa,Madhya Pradesh,940.38,928.9,11.48,1.2,3.2,0,FALSE,0,83.9,97.3,transport_issue,2023-24,3441.8,1040.4,928.9
07-03-2024,Ukwa,Madhya Pradesh,940.38,799.01,141.37,15,1.2,7.8,FALSE,0,94.7,93.3,equipment_failure,2023-24,3441.8,1040.4,799.01
08-03-2024,Ukwa,Madhya Pradesh,940.38,893.36,47.02,5,3.1,0,FALSE,0,91.6,95.5,transport_issue,2023-24,3441.8,1040.4,893.36
09-03-2024,Ukwa,Madhya Pradesh,940.38,871.79,68.59,7.3,3.2,0,FALSE,0,81.5,94.7,transport_issue,2023-24,3441.8,1040.4,871.79
10-03-2024,Ukwa,Madhya Pradesh,940.38,886.71,53.67,5.7,7.7,0,FALSE,0,85.4,96.1,transport_issue,2023-24,3441.8,1040.4,886.71
11-03-2024,Ukwa,Madhya Pradesh,940.38,905.7,34.68,3.7,5.4,0,FALSE,0,98,93.6,labour_shortage,2023-24,3441.8,1040.4,905.7
12-03-2024,Ukwa,Madhya Pradesh,940.38,942.63,-2.25,-0.2,6.2,0,FALSE,0,98.2,88.7,none,2023-24,3441.8,1040.4,942.63
13-03-2024,Ukwa,Madhya Pradesh,940.38,851.03,89.35,9.5,8.2,0,TRUE,4.5,87.5,92.9,transport_issue,2023-24,3441.8,1040.4,851.03
14-03-2024,Ukwa,Madhya Pradesh,940.38,898.96,41.42,4.4,2.5,0,FALSE,0,90.5,97.3,transport_issue,2023-24,3441.8,1040.4,898.96
15-03-2024,Ukwa,Madhya Pradesh,940.38,911.18,29.2,3.1,8.7,0,FALSE,0,90.7,94.7,transport_issue,2023-24,3441.8,1040.4,911.18
16-03-2024,Ukwa,Madhya Pradesh,940.38,893.59,46.79,5,0.3,0,FALSE,0,89.2,90.6,transport_issue,2023-24,3441.8,1040.4,893.59
17-03-2024,Ukwa,Madhya Pradesh,940.38,931.8,8.58,0.9,4,0,FALSE,0,91.8,92.3,transport_issue,2023-24,3441.8,1040.4,931.8
18-03-2024,Ukwa,Madhya Pradesh,940.38,901.93,38.45,4.1,5.7,0,FALSE,0,89.2,91.3,transport_issue,2023-24,3441.8,1040.4,901.93
19-03-2024,Ukwa,Madhya Pradesh,940.38,912.99,27.39,2.9,4.5,0,FALSE,0,98.8,94.5,labour_shortage,2023-24,3441.8,1040.4,912.99
20-03-2024,Ukwa,Madhya Pradesh,940.38,895.99,44.39,4.7,2.5,0,FALSE,0,79.2,91.5,transport_issue,2023-24,3441.8,1040.4,895.99
21-03-2024,Ukwa,Madhya Pradesh,940.38,905.51,34.87,3.7,3.4,0,FALSE,0,84.2,93.4,transport_issue,2023-24,3441.8,1040.4,905.51
22-03-2024,Ukwa,Madhya Pradesh,940.38,897.69,42.69,4.5,5.6,0,FALSE,0,94.7,91.5,labour_shortage,2023-24,3441.8,1040.4,897.69
23-03-2024,Ukwa,Madhya Pradesh,940.38,938.07,2.31,0.2,1.5,0,FALSE,0,88.1,100,transport_issue,2023-24,3441.8,1040.4,938.07
24-03-2024,Ukwa,Madhya Pradesh,940.38,880.17,60.21,6.4,1.1,3.8,FALSE,0,95.3,94.5,equipment_failure,2023-24,3441.8,1040.4,880.17
25-03-2024,Ukwa,Madhya Pradesh,940.38,937.56,2.82,0.3,6.8,0,FALSE,0,91.4,94.2,transport_issue,2023-24,3441.8,1040.4,937.56
26-03-2024,Ukwa,Madhya Pradesh,940.38,918.38,22,2.3,14.7,0,FALSE,0,89,92,transport_issue,2023-24,3441.8,1040.4,918.38
27-03-2024,Ukwa,Madhya Pradesh,940.38,922.65,17.73,1.9,0.8,0,FALSE,0,86.7,92.4,transport_issue,2023-24,3441.8,1040.4,922.65
28-03-2024,Ukwa,Madhya Pradesh,940.38,917.98,22.4,2.4,1.5,0,FALSE,0,81.6,92.3,transport_issue,2023-24,3441.8,1040.4,917.98
29-03-2024,Ukwa,Madhya Pradesh,940.38,880.45,59.93,6.4,5,0,FALSE,0,83.8,93.1,transport_issue,2023-24,3441.8,1040.4,880.45
30-03-2024,Ukwa,Madhya Pradesh,940.38,822.21,118.17,12.6,4.9,5.9,FALSE,0,89.8,92.4,equipment_failure,2023-24,3441.8,1040.4,822.21
31-03-2024,Ukwa,Madhya Pradesh,940.38,938.11,2.27,0.2,4.2,0,FALSE,0,98.3,98,none,2023-24,3441.8,1040.4,938.11
01-04-2023,Chikla,Maharashtra,752.31,738.86,13.45,1.8,6,0,FALSE,0,99.7,90.5,labour_shortage,2023-24,3441.8,1033,738.86
02-04-2023,Chikla,Maharashtra,752.31,738.28,14.03,1.9,5,0,FALSE,0,87.9,97.6,transport_issue,2023-24,3441.8,1033,738.28
03-04-2023,Chikla,Maharashtra,752.31,736,16.31,2.2,0.6,0,FALSE,0,99.5,96.3,labour_shortage,2023-24,3441.8,1033,736
04-04-2023,Chikla,Maharashtra,752.31,752,0.31,0,1.7,0,FALSE,0,91.7,100,transport_issue,2023-24,3441.8,1033,752
05-04-2023,Chikla,Maharashtra,752.31,750.28,2.03,0.3,7,0,FALSE,0,91.4,100,transport_issue,2023-24,3441.8,1033,750.28
06-04-2023,Chikla,Maharashtra,752.31,732.17,20.14,2.7,5.2,0,FALSE,0,89.3,97.6,transport_issue,2023-24,3441.8,1033,732.17
07-04-2023,Chikla,Maharashtra,752.31,731.68,20.63,2.7,2.6,0,FALSE,0,93.2,97.3,transport_issue,2023-24,3441.8,1033,731.68
08-04-2023,Chikla,Maharashtra,752.31,690.17,62.14,8.3,2.3,0,TRUE,2.6,84.4,100,transport_issue,2023-24,3441.8,1033,690.17
09-04-2023,Chikla,Maharashtra,752.31,748.94,3.37,0.4,6.7,0,FALSE,0,88.8,94.1,transport_issue,2023-24,3441.8,1033,748.94
10-04-2023,Chikla,Maharashtra,752.31,752.64,-0.33,0,2.3,0,FALSE,0,96.7,94.6,none,2023-24,3441.8,1033,752.64
11-04-2023,Chikla,Maharashtra,752.31,728.77,23.54,3.1,1.7,0,FALSE,0,97.4,94.3,labour_shortage,2023-24,3441.8,1033,728.77
12-04-2023,Chikla,Maharashtra,752.31,741.05,11.26,1.5,2.8,0,FALSE,0,95.5,93.9,labour_shortage,2023-24,3441.8,1033,741.05
13-04-2023,Chikla,Maharashtra,752.31,710.72,41.59,5.5,2.7,0,FALSE,0,84.8,96.7,transport_issue,2023-24,3441.8,1033,710.72
14-04-2023,Chikla,Maharashtra,752.31,731.65,20.66,2.7,8.6,0,FALSE,0,86.7,86.4,labour_shortage,2023-24,3441.8,1033,731.65
15-04-2023,Chikla,Maharashtra,752.31,717.03,35.28,4.7,3.8,0,FALSE,0,87.2,85.7,labour_shortage,2023-24,3441.8,1033,717.03
16-04-2023,Chikla,Maharashtra,752.31,704.54,47.77,6.3,0.5,0,TRUE,5.7,96.6,89.7,blasting_delay,2023-24,3441.8,1033,704.54
17-04-2023,Chikla,Maharashtra,752.31,667.49,84.82,11.3,6.5,4.6,FALSE,0,83.5,93.6,transport_issue,2023-24,3441.8,1033,667.49
18-04-2023,Chikla,Maharashtra,752.31,686.49,65.82,8.7,4.1,0,TRUE,4.7,83.1,99.5,transport_issue,2023-24,3441.8,1033,686.49
19-04-2023,Chikla,Maharashtra,752.31,664.54,87.77,11.7,5.4,7.1,FALSE,0,91.7,92.2,equipment_failure,2023-24,3441.8,1033,664.54
20-04-2023,Chikla,Maharashtra,752.31,657.47,94.84,12.6,0.4,4.2,TRUE,3.3,86.3,99.3,transport_issue,2023-24,3441.8,1033,657.47
21-04-2023,Chikla,Maharashtra,752.31,701.97,50.34,6.7,5.5,0,TRUE,5.3,87.7,100,transport_issue,2023-24,3441.8,1033,701.97
22-04-2023,Chikla,Maharashtra,752.31,737.12,15.19,2,2.6,0,FALSE,0,84.1,92.3,transport_issue,2023-24,3441.8,1033,737.12
23-04-2023,Chikla,Maharashtra,752.31,745.06,7.25,1,3.1,0,FALSE,0,93.5,94.4,transport_issue,2023-24,3441.8,1033,745.06
24-04-2023,Chikla,Maharashtra,752.31,740.91,11.4,1.5,1.7,0,FALSE,0,87.7,90.7,transport_issue,2023-24,3441.8,1033,740.91
25-04-2023,Chikla,Maharashtra,752.31,755.86,-3.55,-0.5,2.8,0,FALSE,0,93.7,99.2,none,2023-24,3441.8,1033,755.86
26-04-2023,Chikla,Maharashtra,752.31,716.14,36.17,4.8,3.2,0,TRUE,2.1,95.2,95.9,transport_issue,2023-24,3441.8,1033,716.14
27-04-2023,Chikla,Maharashtra,752.31,750.41,1.9,0.3,2.7,0,FALSE,0,97.8,87.9,labour_shortage,2023-24,3441.8,1033,750.41
28-04-2023,Chikla,Maharashtra,752.31,761.66,-9.35,-1.2,2.7,0,FALSE,0,100,94.4,none,2023-24,3441.8,1033,761.66
29-04-2023,Chikla,Maharashtra,752.31,709.58,42.73,5.7,2.8,0,FALSE,0,84.5,94.8,transport_issue,2023-24,3441.8,1033,709.58
30-04-2023,Chikla,Maharashtra,752.31,722.84,29.47,3.9,2.7,0,FALSE,0,89.9,100,transport_issue,2023-24,3441.8,1033,722.84
01-05-2023,Chikla,Maharashtra,752.31,749.59,2.72,0.4,5.8,0,FALSE,0,96.6,90.8,labour_shortage,2023-24,3441.8,1033,749.59
02-05-2023,Chikla,Maharashtra,752.31,680.51,71.8,9.5,3,5.1,TRUE,1.7,99.7,93.6,equipment_failure,2023-24,3441.8,1033,680.51
03-05-2023,Chikla,Maharashtra,752.31,754.73,-2.42,-0.3,0.2,0,FALSE,0,98.7,95.7,none,2023-24,3441.8,1033,754.73
04-05-2023,Chikla,Maharashtra,752.31,713.92,38.39,5.1,2.6,0,FALSE,0,94.2,91.3,labour_shortage,2023-24,3441.8,1033,713.92
05-05-2023,Chikla,Maharashtra,752.31,637.3,115.01,15.3,1.8,6.9,FALSE,0,90.7,91.9,equipment_failure,2023-24,3441.8,1033,637.3
06-05-2023,Chikla,Maharashtra,752.31,704.86,47.45,6.3,3.5,4,FALSE,0,95.7,98.3,equipment_failure,2023-24,3441.8,1033,704.86
07-05-2023,Chikla,Maharashtra,752.31,725.19,27.12,3.6,1.7,0,FALSE,0,86.8,91.1,transport_issue,2023-24,3441.8,1033,725.19
08-05-2023,Chikla,Maharashtra,752.31,740.58,11.73,1.6,9.3,0,FALSE,0,85.7,95.5,transport_issue,2023-24,3441.8,1033,740.58
09-05-2023,Chikla,Maharashtra,752.31,752.36,-0.05,0,2.2,0,FALSE,0,96.9,99.6,none,2023-24,3441.8,1033,752.36
10-05-2023,Chikla,Maharashtra,752.31,706.55,45.76,6.1,7.4,0,TRUE,1.6,100,88.6,labour_shortage,2023-24,3441.8,1033,706.55
11-05-2023,Chikla,Maharashtra,752.31,737.64,14.67,2,0.5,0,FALSE,0,95.8,93.6,labour_shortage,2023-24,3441.8,1033,737.64
12-05-2023,Chikla,Maharashtra,752.31,715.63,36.68,4.9,9,0,FALSE,0,87.7,98.3,transport_issue,2023-24,3441.8,1033,715.63
13-05-2023,Chikla,Maharashtra,752.31,748.29,4.02,0.5,5.4,0,FALSE,0,85.6,98.3,transport_issue,2023-24,3441.8,1033,748.29
14-05-2023,Chikla,Maharashtra,752.31,747.54,4.77,0.6,4.6,0,FALSE,0,93,90.3,labour_shortage,2023-24,3441.8,1033,747.54
15-05-2023,Chikla,Maharashtra,752.31,758.27,-5.96,-0.8,12,0,FALSE,0,94.5,99.6,none,2023-24,3441.8,1033,758.27
16-05-2023,Chikla,Maharashtra,752.31,605.55,146.76,19.5,6.7,9.4,FALSE,0,79.3,88,transport_issue,2023-24,3441.8,1033,605.55
17-05-2023,Chikla,Maharashtra,752.31,658.33,93.98,12.5,2.1,7.6,FALSE,0,86.2,92.1,equipment_failure,2023-24,3441.8,1033,658.33
18-05-2023,Chikla,Maharashtra,752.31,745.07,7.24,1,1.8,0,FALSE,0,96.9,98.5,transport_issue,2023-24,3441.8,1033,745.07
19-05-2023,Chikla,Maharashtra,752.31,719.18,33.13,4.4,7.3,0,FALSE,0,88.3,93.7,transport_issue,2023-24,3441.8,1033,719.18
20-05-2023,Chikla,Maharashtra,752.31,726.65,25.66,3.4,3.7,0,FALSE,0,100,88.9,labour_shortage,2023-24,3441.8,1033,726.65
21-05-2023,Chikla,Maharashtra,752.31,726.57,25.74,3.4,5.3,0,FALSE,0,80.8,91.1,transport_issue,2023-24,3441.8,1033,726.57
22-05-2023,Chikla,Maharashtra,752.31,709.26,43.05,5.7,3.6,0,FALSE,0,83,98.2,transport_issue,2023-24,3441.8,1033,709.26
23-05-2023,Chikla,Maharashtra,752.31,732.26,20.05,2.7,2.9,0,FALSE,0,90.4,90.3,labour_shortage,2023-24,3441.8,1033,732.26
24-05-2023,Chikla,Maharashtra,752.31,758.54,-6.23,-0.8,5.5,0,FALSE,0,96.7,99.3,none,2023-24,3441.8,1033,758.54
25-05-2023,Chikla,Maharashtra,752.31,574.89,177.42,23.6,7.5,13.4,FALSE,0,82.6,96.9,equipment_failure,2023-24,3441.8,1033,574.89
26-05-2023,Chikla,Maharashtra,752.31,731.64,20.67,2.7,0.8,0,FALSE,0,100,96.5,labour_shortage,2023-24,3441.8,1033,731.64
27-05-2023,Chikla,Maharashtra,752.31,754.34,-2.03,-0.3,8.7,0,TRUE,1.7,100,100,none,2023-24,3441.8,1033,754.34
28-05-2023,Chikla,Maharashtra,752.31,729.6,22.71,3,2,0,FALSE,0,80.2,90.9,transport_issue,2023-24,3441.8,1033,729.6
29-05-2023,Chikla,Maharashtra,752.31,740.95,11.36,1.5,1.4,0,FALSE,0,100,91.6,labour_shortage,2023-24,3441.8,1033,740.95
30-05-2023,Chikla,Maharashtra,752.31,708.72,43.59,5.8,5.7,4.6,FALSE,0,96.5,96.5,equipment_failure,2023-24,3441.8,1033,708.72
31-05-2023,Chikla,Maharashtra,752.31,672.03,80.28,10.7,4.6,5.1,FALSE,0,88.2,95.1,transport_issue,2023-24,3441.8,1033,672.03
01-06-2023,Chikla,Maharashtra,752.31,681.36,70.95,9.4,21.7,2.3,FALSE,0,84.5,93.9,transport_issue,2023-24,3441.8,1033,681.36
02-06-2023,Chikla,Maharashtra,752.31,713.89,38.42,5.1,27.1,0,FALSE,0,78.4,97.5,transport_issue,2023-24,3441.8,1033,713.89
03-06-2023,Chikla,Maharashtra,752.31,721.66,30.65,4.1,23.3,0,FALSE,0,78.6,86.5,transport_issue,2023-24,3441.8,1033,721.66
04-06-2023,Chikla,Maharashtra,752.31,727.96,24.35,3.2,2.1,0,FALSE,0,77.2,100,transport_issue,2023-24,3441.8,1033,727.96
05-06-2023,Chikla,Maharashtra,752.31,669.86,82.45,11,24.4,0,TRUE,3,74.9,91.8,transport_issue,2023-24,3441.8,1033,669.86
06-06-2023,Chikla,Maharashtra,752.31,713.96,38.35,5.1,7.7,0,FALSE,0,79.6,91.8,transport_issue,2023-24,3441.8,1033,713.96
07-06-2023,Chikla,Maharashtra,752.31,735.02,17.29,2.3,15,0,FALSE,0,80.4,92.8,transport_issue,2023-24,3441.8,1033,735.02
08-06-2023,Chikla,Maharashtra,752.31,727.26,25.05,3.3,24.7,0,FALSE,0,74.3,95.7,transport_issue,2023-24,3441.8,1033,727.26
09-06-2023,Chikla,Maharashtra,752.31,727.14,25.17,3.3,10.5,0,FALSE,0,81.1,99.6,transport_issue,2023-24,3441.8,1033,727.14
10-06-2023,Chikla,Maharashtra,752.31,706.39,45.92,6.1,12.3,0,FALSE,0,81.3,96.8,transport_issue,2023-24,3441.8,1033,706.39
11-06-2023,Chikla,Maharashtra,752.31,690.98,61.33,8.2,27.9,0,FALSE,0,75.5,93.8,transport_issue,2023-24,3441.8,1033,690.98
12-06-2023,Chikla,Maharashtra,752.31,743.59,8.72,1.2,11.9,0,FALSE,0,86.7,97.9,transport_issue,2023-24,3441.8,1033,743.59
13-06-2023,Chikla,Maharashtra,752.31,705.42,46.89,6.2,5,0,FALSE,0,74.1,100,transport_issue,2023-24,3441.8,1033,705.42
14-06-2023,Chikla,Maharashtra,752.31,711.9,40.41,5.4,2,0,FALSE,0,83.6,89.1,transport_issue,2023-24,3441.8,1033,711.9
15-06-2023,Chikla,Maharashtra,752.31,690.58,61.73,8.2,18.6,0,FALSE,0,79.8,89.4,transport_issue,2023-24,3441.8,1033,690.58
16-06-2023,Chikla,Maharashtra,752.31,627.03,125.28,16.7,42.3,7,FALSE,0,80,98.8,transport_issue,2023-24,3441.8,1033,627.03
17-06-2023,Chikla,Maharashtra,752.31,725.31,27,3.6,16.5,0,FALSE,0,86.8,93.1,transport_issue,2023-24,3441.8,1033,725.31
18-06-2023,Chikla,Maharashtra,752.31,711.65,40.66,5.4,11.5,0,FALSE,0,84.1,100,transport_issue,2023-24,3441.8,1033,711.65
19-06-2023,Chikla,Maharashtra,752.31,653.87,98.44,13.1,135.5,0,FALSE,0,76.9,100,heavy_rainfall,2023-24,3441.8,1033,653.87
20-06-2023,Chikla,Maharashtra,752.31,719.42,32.89,4.4,17.9,0,FALSE,0,79,90,transport_issue,2023-24,3441.8,1033,719.42
21-06-2023,Chikla,Maharashtra,752.31,728.85,23.46,3.1,26.7,0,FALSE,0,85.6,95.9,transport_issue,2023-24,3441.8,1033,728.85
22-06-2023,Chikla,Maharashtra,752.31,690.51,61.8,8.2,19.1,3.5,FALSE,0,89.2,90,transport_issue,2023-24,3441.8,1033,690.51
23-06-2023,Chikla,Maharashtra,752.31,727.27,25.04,3.3,46.6,0,FALSE,0,84,93.4,heavy_rainfall,2023-24,3441.8,1033,727.27
24-06-2023,Chikla,Maharashtra,752.31,590.7,161.61,21.5,4.5,11,FALSE,0,77.9,99.2,transport_issue,2023-24,3441.8,1033,590.7
25-06-2023,Chikla,Maharashtra,752.31,682.38,69.93,9.3,27.8,0,FALSE,0,76.4,85.3,transport_issue,2023-24,3441.8,1033,682.38
26-06-2023,Chikla,Maharashtra,752.31,751.58,0.73,0.1,26.7,0,FALSE,0,100,98.6,none,2023-24,3441.8,1033,751.58
27-06-2023,Chikla,Maharashtra,752.31,691.37,60.94,8.1,8.3,0,FALSE,0,74.9,90.2,transport_issue,2023-24,3441.8,1033,691.37
28-06-2023,Chikla,Maharashtra,752.31,679.82,72.49,9.6,14.9,0,TRUE,2.3,81.7,89,transport_issue,2023-24,3441.8,1033,679.82
29-06-2023,Chikla,Maharashtra,752.31,723.74,28.57,3.8,1,0,FALSE,0,82.6,96.4,transport_issue,2023-24,3441.8,1033,723.74
30-06-2023,Chikla,Maharashtra,752.31,683.37,68.94,9.2,20.4,6.4,FALSE,0,96.5,94.1,equipment_failure,2023-24,3441.8,1033,683.37
01-07-2023,Chikla,Maharashtra,752.31,733.59,18.72,2.5,8.1,0,FALSE,0,90.6,99.1,transport_issue,2023-24,3441.8,1033,733.59
02-07-2023,Chikla,Maharashtra,752.31,720.77,31.54,4.2,29.5,0,FALSE,0,77.7,100,transport_issue,2023-24,3441.8,1033,720.77
03-07-2023,Chikla,Maharashtra,752.31,728.23,24.08,3.2,9.2,0,FALSE,0,83.8,90.5,transport_issue,2023-24,3441.8,1033,728.23
04-07-2023,Chikla,Maharashtra,752.31,669.4,82.91,11,29.8,2.9,FALSE,0,70.1,99.7,transport_issue,2023-24,3441.8,1033,669.4
05-07-2023,Chikla,Maharashtra,752.31,715.7,36.61,4.9,17.6,0,FALSE,0,76.4,89.6,transport_issue,2023-24,3441.8,1033,715.7
06-07-2023,Chikla,Maharashtra,752.31,718.55,33.76,4.5,21.2,0,FALSE,0,82.5,94.5,transport_issue,2023-24,3441.8,1033,718.55
07-07-2023,Chikla,Maharashtra,752.31,712.31,40,5.3,24.4,0,FALSE,0,90.1,90.1,transport_issue,2023-24,3441.8,1033,712.31
08-07-2023,Chikla,Maharashtra,752.31,673.05,79.26,10.5,104.1,0,FALSE,0,85.2,93,heavy_rainfall,2023-24,3441.8,1033,673.05
09-07-2023,Chikla,Maharashtra,752.31,654.44,97.87,13,79.1,0,FALSE,0,69.5,92.5,heavy_rainfall,2023-24,3441.8,1033,654.44
10-07-2023,Chikla,Maharashtra,752.31,714.26,38.05,5.1,11.2,0,FALSE,0,80.1,92.5,transport_issue,2023-24,3441.8,1033,714.26
11-07-2023,Chikla,Maharashtra,752.31,694.99,57.32,7.6,10.3,0,FALSE,0,78.1,89.1,transport_issue,2023-24,3441.8,1033,694.99
12-07-2023,Chikla,Maharashtra,752.31,633.34,118.97,15.8,11.9,7.1,FALSE,0,87.8,95,equipment_failure,2023-24,3441.8,1033,633.34
13-07-2023,Chikla,Maharashtra,752.31,661.53,90.78,12.1,22,0,TRUE,5.9,86.7,90.7,transport_issue,2023-24,3441.8,1033,661.53
14-07-2023,Chikla,Maharashtra,752.31,686.48,65.83,8.8,55.4,0,FALSE,0,77.4,100,heavy_rainfall,2023-24,3441.8,1033,686.48
15-07-2023,Chikla,Maharashtra,752.31,583.46,168.85,22.4,46,9,FALSE,0,74,85.4,transport_issue,2023-24,3441.8,1033,583.46
16-07-2023,Chikla,Maharashtra,752.31,719.79,32.52,4.3,15.5,0,FALSE,0,78.4,93.5,transport_issue,2023-24,3441.8,1033,719.79
17-07-2023,Chikla,Maharashtra,752.31,716.6,35.71,4.7,18.6,0,FALSE,0,84.4,93.1,transport_issue,2023-24,3441.8,1033,716.6
18-07-2023,Chikla,Maharashtra,752.31,702.55,49.76,6.6,25.4,0,FALSE,0,77.3,91.7,transport_issue,2023-24,3441.8,1033,702.55
19-07-2023,Chikla,Maharashtra,752.31,684.49,67.82,9,25.4,3,FALSE,0,87.8,91.7,transport_issue,2023-24,3441.8,1033,684.49
20-07-2023,Chikla,Maharashtra,752.31,733.65,18.66,2.5,42.9,0,FALSE,0,94.8,90.7,heavy_rainfall,2023-24,3441.8,1033,733.65
21-07-2023,Chikla,Maharashtra,752.31,718.81,33.5,4.5,2.8,0,FALSE,0,87.1,95.4,transport_issue,2023-24,3441.8,1033,718.81
22-07-2023,Chikla,Maharashtra,752.31,702.81,49.5,6.6,11.3,0,TRUE,3.4,83,89.5,transport_issue,2023-24,3441.8,1033,702.81
23-07-2023,Chikla,Maharashtra,752.31,702.76,49.55,6.6,21.4,0,FALSE,0,86.7,90,transport_issue,2023-24,3441.8,1033,702.76
24-07-2023,Chikla,Maharashtra,752.31,752.07,0.24,0,5.6,0,FALSE,0,91.5,95.3,transport_issue,2023-24,3441.8,1033,752.07
25-07-2023,Chikla,Maharashtra,752.31,739.39,12.92,1.7,23.7,0,FALSE,0,84.6,95.8,transport_issue,2023-24,3441.8,1033,739.39
26-07-2023,Chikla,Maharashtra,752.31,736.85,15.46,2.1,19.7,0,FALSE,0,88.3,100,transport_issue,2023-24,3441.8,1033,736.85
27-07-2023,Chikla,Maharashtra,752.31,720.52,31.79,4.2,28.4,0,FALSE,0,82,91.4,transport_issue,2023-24,3441.8,1033,720.52
28-07-2023,Chikla,Maharashtra,752.31,706.01,46.3,6.2,26.5,0,FALSE,0,78.4,87.8,transport_issue,2023-24,3441.8,1033,706.01
29-07-2023,Chikla,Maharashtra,752.31,661.11,91.2,12.1,10.4,6.5,FALSE,0,90.4,97.6,equipment_failure,2023-24,3441.8,1033,661.11
30-07-2023,Chikla,Maharashtra,752.31,684.24,68.07,9,36.5,4.7,FALSE,0,83.4,95.2,transport_issue,2023-24,3441.8,1033,684.24
31-07-2023,Chikla,Maharashtra,752.31,692.43,59.88,8,41,0,FALSE,0,75.4,91.4,transport_issue,2023-24,3441.8,1033,692.43
01-08-2023,Chikla,Maharashtra,752.31,713.88,38.43,5.1,6.1,0,FALSE,0,82.6,87,transport_issue,2023-24,3441.8,1033,713.88
02-08-2023,Chikla,Maharashtra,752.31,733.84,18.47,2.5,3.5,0,FALSE,0,89.1,93.5,transport_issue,2023-24,3441.8,1033,733.84
03-08-2023,Chikla,Maharashtra,752.31,713.78,38.53,5.1,21.3,0,FALSE,0,81.7,92.7,transport_issue,2023-24,3441.8,1033,713.78
04-08-2023,Chikla,Maharashtra,752.31,696.28,56.03,7.4,73.3,0,FALSE,0,84,94.8,heavy_rainfall,2023-24,3441.8,1033,696.28
05-08-2023,Chikla,Maharashtra,752.31,665.25,87.06,11.6,49.3,3.9,FALSE,0,73.2,91.6,transport_issue,2023-24,3441.8,1033,665.25
06-08-2023,Chikla,Maharashtra,752.31,706.62,45.69,6.1,12.7,0,FALSE,0,78.6,88.2,transport_issue,2023-24,3441.8,1033,706.62
07-08-2023,Chikla,Maharashtra,752.31,690.18,62.13,8.3,47.8,0,FALSE,0,73.6,86.6,transport_issue,2023-24,3441.8,1033,690.18
08-08-2023,Chikla,Maharashtra,752.31,725.41,26.9,3.6,14,0,FALSE,0,87.2,95.4,transport_issue,2023-24,3441.8,1033,725.41
09-08-2023,Chikla,Maharashtra,752.31,699.09,53.22,7.1,8.3,0,TRUE,3.8,91.3,90.6,labour_shortage,2023-24,3441.8,1033,699.09
10-08-2023,Chikla,Maharashtra,752.31,738.16,14.15,1.9,11.3,0,FALSE,0,78.4,100,transport_issue,2023-24,3441.8,1033,738.16
11-08-2023,Chikla,Maharashtra,752.31,627.9,124.41,16.5,140.3,0,TRUE,4.6,82.7,91.8,heavy_rainfall,2023-24,3441.8,1033,627.9
12-08-2023,Chikla,Maharashtra,752.31,718.77,33.54,4.5,5.6,0,FALSE,0,85.3,100,transport_issue,2023-24,3441.8,1033,718.77
13-08-2023,Chikla,Maharashtra,752.31,724.55,27.76,3.7,20.7,0,FALSE,0,80.1,95.6,transport_issue,2023-24,3441.8,1033,724.55
14-08-2023,Chikla,Maharashtra,752.31,683.76,68.55,9.1,53,0,FALSE,0,82.1,92.6,heavy_rainfall,2023-24,3441.8,1033,683.76
15-08-2023,Chikla,Maharashtra,752.31,648.32,103.99,13.8,94.7,0,FALSE,0,77.6,88.1,heavy_rainfall,2023-24,3441.8,1033,648.32
16-08-2023,Chikla,Maharashtra,752.31,731.88,20.43,2.7,3.5,0,FALSE,0,78.6,95.6,transport_issue,2023-24,3441.8,1033,731.88
17-08-2023,Chikla,Maharashtra,752.31,684.21,68.1,9.1,43.1,0,FALSE,0,75,93.6,transport_issue,2023-24,3441.8,1033,684.21
18-08-2023,Chikla,Maharashtra,752.31,716.36,35.95,4.8,9.3,0,FALSE,0,86.1,90.5,transport_issue,2023-24,3441.8,1033,716.36
19-08-2023,Chikla,Maharashtra,752.31,732.7,19.61,2.6,25.4,0,FALSE,0,89.7,93,transport_issue,2023-24,3441.8,1033,732.7
20-08-2023,Chikla,Maharashtra,752.31,733.06,19.25,2.6,22.3,0,FALSE,0,84.5,90.3,transport_issue,2023-24,3441.8,1033,733.06
21-08-2023,Chikla,Maharashtra,752.31,695.48,56.83,7.6,10.8,3.2,FALSE,0,77.7,100,transport_issue,2023-24,3441.8,1033,695.48
22-08-2023,Chikla,Maharashtra,752.31,745.22,7.09,0.9,11,0,FALSE,0,92.2,91.1,labour_shortage,2023-24,3441.8,1033,745.22
23-08-2023,Chikla,Maharashtra,752.31,703.11,49.2,6.5,7.1,0,FALSE,0,76.1,96.4,transport_issue,2023-24,3441.8,1033,703.11
24-08-2023,Chikla,Maharashtra,752.31,664.49,87.82,11.7,7.1,7.1,FALSE,0,84.1,96.8,transport_issue,2023-24,3441.8,1033,664.49
25-08-2023,Chikla,Maharashtra,752.31,731.88,20.43,2.7,7,0,FALSE,0,93.4,91.9,labour_shortage,2023-24,3441.8,1033,731.88
26-08-2023,Chikla,Maharashtra,752.31,694.56,57.75,7.7,53.4,0,TRUE,1.2,83.4,90.9,heavy_rainfall,2023-24,3441.8,1033,694.56
27-08-2023,Chikla,Maharashtra,752.31,709.19,43.12,5.7,28,0,FALSE,0,84,98.3,transport_issue,2023-24,3441.8,1033,709.19
28-08-2023,Chikla,Maharashtra,752.31,704,48.31,6.4,84.1,0,FALSE,0,83.9,95.3,heavy_rainfall,2023-24,3441.8,1033,704
29-08-2023,Chikla,Maharashtra,752.31,678.18,74.13,9.9,25.6,0,FALSE,0,55.2,91.4,transport_issue,2023-24,3441.8,1033,678.18
30-08-2023,Chikla,Maharashtra,752.31,705.81,46.5,6.2,28.8,0,FALSE,0,83.8,94,transport_issue,2023-24,3441.8,1033,705.81
31-08-2023,Chikla,Maharashtra,752.31,747.15,5.16,0.7,16.6,0,FALSE,0,86.5,98,transport_issue,2023-24,3441.8,1033,747.15
01-09-2023,Chikla,Maharashtra,752.31,728.33,23.98,3.2,9.2,0,FALSE,0,77.5,97.7,transport_issue,2023-24,3441.8,1033,728.33
02-09-2023,Chikla,Maharashtra,752.31,687.74,64.57,8.6,6,0,FALSE,0,76.8,90.8,transport_issue,2023-24,3441.8,1033,687.74
03-09-2023,Chikla,Maharashtra,752.31,713.25,39.06,5.2,9.7,0,FALSE,0,80.1,100,transport_issue,2023-24,3441.8,1033,713.25
04-09-2023,Chikla,Maharashtra,752.31,665.31,87,11.6,36.2,0,TRUE,1.8,71,94.1,transport_issue,2023-24,3441.8,1033,665.31
05-09-2023,Chikla,Maharashtra,752.31,678.93,73.38,9.8,7.4,4.2,FALSE,0,92.2,95.7,equipment_failure,2023-24,3441.8,1033,678.93
06-09-2023,Chikla,Maharashtra,752.31,725.8,26.51,3.5,34.7,0,FALSE,0,86.6,99,transport_issue,2023-24,3441.8,1033,725.8
07-09-2023,Chikla,Maharashtra,752.31,722.85,29.46,3.9,19.7,0,FALSE,0,78.6,98.7,transport_issue,2023-24,3441.8,1033,722.85
08-09-2023,Chikla,Maharashtra,752.31,660.66,91.65,12.2,5.2,6,FALSE,0,86,93.2,transport_issue,2023-24,3441.8,1033,660.66
09-09-2023,Chikla,Maharashtra,752.31,690.63,61.68,8.2,15.9,0,FALSE,0,78.3,89.8,transport_issue,2023-24,3441.8,1033,690.63
10-09-2023,Chikla,Maharashtra,752.31,665.71,86.6,11.5,61.9,0,TRUE,4.8,80.5,97.1,heavy_rainfall,2023-24,3441.8,1033,665.71
11-09-2023,Chikla,Maharashtra,752.31,711.89,40.42,5.4,34.9,0,FALSE,0,80.5,98,transport_issue,2023-24,3441.8,1033,711.89
12-09-2023,Chikla,Maharashtra,752.31,723.2,29.11,3.9,34.8,0,FALSE,0,86.2,99.4,transport_issue,2023-24,3441.8,1033,723.2
13-09-2023,Chikla,Maharashtra,752.31,710.47,41.84,5.6,22.1,0,TRUE,3.3,79.7,100,transport_issue,2023-24,3441.8,1033,710.47
14-09-2023,Chikla,Maharashtra,752.31,712.28,40.03,5.3,41.4,0,FALSE,0,79.9,95.1,transport_issue,2023-24,3441.8,1033,712.28
15-09-2023,Chikla,Maharashtra,752.31,743.06,9.25,1.2,47.8,0,FALSE,0,92.7,96.7,heavy_rainfall,2023-24,3441.8,1033,743.06
16-09-2023,Chikla,Maharashtra,752.31,712.71,39.6,5.3,5.3,0,FALSE,0,80.9,90.6,transport_issue,2023-24,3441.8,1033,712.71
17-09-2023,Chikla,Maharashtra,752.31,680.01,72.3,9.6,100.3,0,FALSE,0,80.1,95.1,heavy_rainfall,2023-24,3441.8,1033,680.01
18-09-2023,Chikla,Maharashtra,752.31,735.31,17,2.3,13.8,0,FALSE,0,83.2,98,transport_issue,2023-24,3441.8,1033,735.31
19-09-2023,Chikla,Maharashtra,752.31,718.85,33.46,4.4,28.5,0,FALSE,0,88.1,98.8,transport_issue,2023-24,3441.8,1033,718.85
20-09-2023,Chikla,Maharashtra,752.31,735.94,16.37,2.2,8,0,FALSE,0,87.6,87.4,labour_shortage,2023-24,3441.8,1033,735.94
21-09-2023,Chikla,Maharashtra,752.31,723.78,28.53,3.8,24.8,0,FALSE,0,83.8,94,transport_issue,2023-24,3441.8,1033,723.78
22-09-2023,Chikla,Maharashtra,752.31,729.29,23.02,3.1,7.2,0,FALSE,0,74.5,100,transport_issue,2023-24,3441.8,1033,729.29
23-09-2023,Chikla,Maharashtra,752.31,730.79,21.52,2.9,46.2,0,FALSE,0,88.7,89.2,heavy_rainfall,2023-24,3441.8,1033,730.79
24-09-2023,Chikla,Maharashtra,752.31,655.16,97.15,12.9,36.1,5.7,FALSE,0,88.8,94.6,equipment_failure,2023-24,3441.8,1033,655.16
25-09-2023,Chikla,Maharashtra,752.31,698.53,53.78,7.1,8.5,0,TRUE,3,77.2,87.9,transport_issue,2023-24,3441.8,1033,698.53
26-09-2023,Chikla,Maharashtra,752.31,741.68,10.63,1.4,10.1,0,FALSE,0,89.2,93.8,transport_issue,2023-24,3441.8,1033,741.68
27-09-2023,Chikla,Maharashtra,752.31,750.72,1.59,0.2,4.5,0,FALSE,0,87.9,98.7,transport_issue,2023-24,3441.8,1033,750.72
28-09-2023,Chikla,Maharashtra,752.31,699.33,52.98,7,24.9,0,FALSE,0,83.9,89,transport_issue,2023-24,3441.8,1033,699.33
29-09-2023,Chikla,Maharashtra,752.31,731.07,21.24,2.8,29.4,0,FALSE,0,86.2,96.6,transport_issue,2023-24,3441.8,1033,731.07
30-09-2023,Chikla,Maharashtra,752.31,713.74,38.57,5.1,11.6,0,FALSE,0,74,100,transport_issue,2023-24,3441.8,1033,713.74
01-10-2023,Chikla,Maharashtra,752.31,745.37,6.94,0.9,1,0,FALSE,0,94.7,93,labour_shortage,2023-24,3441.8,1033,745.37
02-10-2023,Chikla,Maharashtra,752.31,722.39,29.92,4,0.4,0,FALSE,0,92.4,96.9,transport_issue,2023-24,3441.8,1033,722.39
03-10-2023,Chikla,Maharashtra,752.31,743.87,8.44,1.1,1.3,0,FALSE,0,82.9,100,transport_issue,2023-24,3441.8,1033,743.87
04-10-2023,Chikla,Maharashtra,752.31,746.63,5.68,0.8,1.3,0,FALSE,0,100,88.9,labour_shortage,2023-24,3441.8,1033,746.63
05-10-2023,Chikla,Maharashtra,752.31,756.53,-4.22,-0.6,1.1,0,FALSE,0,100,94.3,none,2023-24,3441.8,1033,756.53
06-10-2023,Chikla,Maharashtra,752.31,755.14,-2.83,-0.4,0.9,0,FALSE,0,96.1,90.5,none,2023-24,3441.8,1033,755.14
07-10-2023,Chikla,Maharashtra,752.31,720.37,31.94,4.2,1.4,0,FALSE,0,90.5,98.6,transport_issue,2023-24,3441.8,1033,720.37
08-10-2023,Chikla,Maharashtra,752.31,643.47,108.84,14.5,0.9,7.9,FALSE,0,94.4,99,equipment_failure,2023-24,3441.8,1033,643.47
09-10-2023,Chikla,Maharashtra,752.31,747.83,4.48,0.6,1.7,0,FALSE,0,94.4,96.8,transport_issue,2023-24,3441.8,1033,747.83
10-10-2023,Chikla,Maharashtra,752.31,673.06,79.25,10.5,3.1,5.1,FALSE,0,83.6,89.5,transport_issue,2023-24,3441.8,1033,673.06
11-10-2023,Chikla,Maharashtra,752.31,728.92,23.39,3.1,2.7,0,FALSE,0,92.5,92.1,labour_shortage,2023-24,3441.8,1033,728.92
12-10-2023,Chikla,Maharashtra,752.31,701.97,50.34,6.7,6.1,2.7,FALSE,0,88,89,transport_issue,2023-24,3441.8,1033,701.97
13-10-2023,Chikla,Maharashtra,752.31,730.65,21.66,2.9,3.5,0,FALSE,0,99.2,96.9,labour_shortage,2023-24,3441.8,1033,730.65
14-10-2023,Chikla,Maharashtra,752.31,695.16,57.15,7.6,1.5,0,FALSE,0,84.9,87.2,transport_issue,2023-24,3441.8,1033,695.16
15-10-2023,Chikla,Maharashtra,752.31,713.68,38.63,5.1,2.2,0,FALSE,0,87.6,97,transport_issue,2023-24,3441.8,1033,713.68
16-10-2023,Chikla,Maharashtra,752.31,721.95,30.36,4,2.3,2,FALSE,0,97.8,93.7,labour_shortage,2023-24,3441.8,1033,721.95
17-10-2023,Chikla,Maharashtra,752.31,714.38,37.93,5,0.4,0,FALSE,0,90,96.1,transport_issue,2023-24,3441.8,1033,714.38
18-10-2023,Chikla,Maharashtra,752.31,722.18,30.13,4,3.3,0,FALSE,0,95.6,98.8,transport_issue,2023-24,3441.8,1033,722.18
19-10-2023,Chikla,Maharashtra,752.31,725.61,26.7,3.5,4.2,0,FALSE,0,97.9,96.6,labour_shortage,2023-24,3441.8,1033,725.61
20-10-2023,Chikla,Maharashtra,752.31,724.08,28.23,3.8,2.5,0,FALSE,0,87.6,98.2,transport_issue,2023-24,3441.8,1033,724.08
21-10-2023,Chikla,Maharashtra,752.31,700.68,51.63,6.9,4.2,0,FALSE,0,86.6,87.7,transport_issue,2023-24,3441.8,1033,700.68
22-10-2023,Chikla,Maharashtra,752.31,691.03,61.28,8.1,0.7,0,TRUE,5.4,91.3,97.1,blasting_delay,2023-24,3441.8,1033,691.03
23-10-2023,Chikla,Maharashtra,752.31,751.6,0.71,0.1,4.7,0,FALSE,0,96.4,98.3,transport_issue,2023-24,3441.8,1033,751.6
24-10-2023,Chikla,Maharashtra,752.31,761.75,-9.44,-1.3,3.3,0,FALSE,0,99.1,92.2,none,2023-24,3441.8,1033,761.75
25-10-2023,Chikla,Maharashtra,752.31,729.7,22.61,3,6.2,0,FALSE,0,85.9,88.8,transport_issue,2023-24,3441.8,1033,729.7
26-10-2023,Chikla,Maharashtra,752.31,726.74,25.57,3.4,1.9,0,FALSE,0,99.7,95.8,labour_shortage,2023-24,3441.8,1033,726.74
27-10-2023,Chikla,Maharashtra,752.31,730.1,22.21,3,7.1,0,FALSE,0,87.3,94.9,transport_issue,2023-24,3441.8,1033,730.1
28-10-2023,Chikla,Maharashtra,752.31,683.95,68.36,9.1,0.1,5.8,FALSE,0,91.5,91.8,equipment_failure,2023-24,3441.8,1033,683.95
29-10-2023,Chikla,Maharashtra,752.31,745.36,6.95,0.9,4.6,0,FALSE,0,89.8,97.7,transport_issue,2023-24,3441.8,1033,745.36
30-10-2023,Chikla,Maharashtra,752.31,758.88,-6.57,-0.9,1.8,0,FALSE,0,93,100,none,2023-24,3441.8,1033,758.88
31-10-2023,Chikla,Maharashtra,752.31,724.81,27.5,3.7,2.8,0,FALSE,0,94.2,92.7,labour_shortage,2023-24,3441.8,1033,724.81
01-11-2023,Chikla,Maharashtra,752.31,754.22,-1.91,-0.3,5.8,0,FALSE,0,95.2,97.5,none,2023-24,3441.8,1033,754.22
02-11-2023,Chikla,Maharashtra,752.31,675.34,76.97,10.2,2.4,5.9,FALSE,0,100,91.9,equipment_failure,2023-24,3441.8,1033,675.34
03-11-2023,Chikla,Maharashtra,752.31,747.19,5.12,0.7,3.6,0,FALSE,0,90.9,100,transport_issue,2023-24,3441.8,1033,747.19
04-11-2023,Chikla,Maharashtra,752.31,707.49,44.82,6,7,0,FALSE,0,79.4,99.1,transport_issue,2023-24,3441.8,1033,707.49
05-11-2023,Chikla,Maharashtra,752.31,641.35,110.96,14.7,10.5,6.5,FALSE,0,91.2,90.2,equipment_failure,2023-24,3441.8,1033,641.35
06-11-2023,Chikla,Maharashtra,752.31,740.12,12.19,1.6,2.1,0,FALSE,0,97.3,100,transport_issue,2023-24,3441.8,1033,740.12
07-11-2023,Chikla,Maharashtra,752.31,721.87,30.44,4,8.1,0,FALSE,0,95.1,91.9,labour_shortage,2023-24,3441.8,1033,721.87
08-11-2023,Chikla,Maharashtra,752.31,726.35,25.96,3.5,3.2,0,FALSE,0,93.3,96.9,transport_issue,2023-24,3441.8,1033,726.35
09-11-2023,Chikla,Maharashtra,752.31,741.47,10.84,1.4,6.7,0,FALSE,0,93.8,91.2,labour_shortage,2023-24,3441.8,1033,741.47
10-11-2023,Chikla,Maharashtra,752.31,765.26,-12.95,-1.7,1,0,FALSE,0,98.6,97.5,none,2023-24,3441.8,1033,765.26
11-11-2023,Chikla,Maharashtra,752.31,717.76,34.55,4.6,3.6,0,FALSE,0,92.8,96.6,transport_issue,2023-24,3441.8,1033,717.76
12-11-2023,Chikla,Maharashtra,752.31,716.49,35.82,4.8,2.6,0,FALSE,0,79.5,95.4,transport_issue,2023-24,3441.8,1033,716.49
13-11-2023,Chikla,Maharashtra,752.31,753.03,-0.72,-0.1,1.7,0,FALSE,0,100,93.1,none,2023-24,3441.8,1033,753.03
14-11-2023,Chikla,Maharashtra,752.31,750.77,1.54,0.2,0.3,0,FALSE,0,97,93.5,labour_shortage,2023-24,3441.8,1033,750.77
15-11-2023,Chikla,Maharashtra,752.31,724.72,27.59,3.7,0.9,2.1,FALSE,0,93,90.3,labour_shortage,2023-24,3441.8,1033,724.72
16-11-2023,Chikla,Maharashtra,752.31,660.54,91.77,12.2,1.7,7.5,FALSE,0,94.5,100,equipment_failure,2023-24,3441.8,1033,660.54
17-11-2023,Chikla,Maharashtra,752.31,748.51,3.8,0.5,2.2,0,FALSE,0,92,89.7,labour_shortage,2023-24,3441.8,1033,748.51
18-11-2023,Chikla,Maharashtra,752.31,760.91,-8.6,-1.1,0.5,0,FALSE,0,100,99.4,none,2023-24,3441.8,1033,760.91
19-11-2023,Chikla,Maharashtra,752.31,742.04,10.27,1.4,0.3,0,FALSE,0,85.1,98.6,transport_issue,2023-24,3441.8,1033,742.04
20-11-2023,Chikla,Maharashtra,752.31,676.32,75.99,10.1,4.4,6.9,FALSE,0,90.8,96.4,equipment_failure,2023-24,3441.8,1033,676.32
21-11-2023,Chikla,Maharashtra,752.31,760.72,-8.41,-1.1,4.7,0,FALSE,0,96.2,98.7,none,2023-24,3441.8,1033,760.72
22-11-2023,Chikla,Maharashtra,752.31,704.66,47.65,6.3,7.4,0,FALSE,0,78.4,92.5,transport_issue,2023-24,3441.8,1033,704.66
23-11-2023,Chikla,Maharashtra,752.31,720.36,31.95,4.2,1.8,0,FALSE,0,97.1,90.3,labour_shortage,2023-24,3441.8,1033,720.36
24-11-2023,Chikla,Maharashtra,752.31,722.17,30.14,4,4.1,0,FALSE,0,100,89.9,labour_shortage,2023-24,3441.8,1033,722.17
25-11-2023,Chikla,Maharashtra,752.31,707.1,45.21,6,6,0,FALSE,0,91.2,89,labour_shortage,2023-24,3441.8,1033,707.1
26-11-2023,Chikla,Maharashtra,752.31,714.38,37.93,5,3.3,0,FALSE,0,93.1,92,labour_shortage,2023-24,3441.8,1033,714.38
27-11-2023,Chikla,Maharashtra,752.31,734.36,17.95,2.4,3.6,0,FALSE,0,91.1,98.4,transport_issue,2023-24,3441.8,1033,734.36
28-11-2023,Chikla,Maharashtra,752.31,732.01,20.3,2.7,7.1,0,FALSE,0,93.4,97.6,transport_issue,2023-24,3441.8,1033,732.01
29-11-2023,Chikla,Maharashtra,752.31,725.91,26.4,3.5,2.7,0,FALSE,0,100,94.5,labour_shortage,2023-24,3441.8,1033,725.91
30-11-2023,Chikla,Maharashtra,752.31,731.05,21.26,2.8,0.7,0,FALSE,0,94.8,99.9,transport_issue,2023-24,3441.8,1033,731.05
01-12-2023,Chikla,Maharashtra,752.31,645.42,106.89,14.2,1.4,7,FALSE,0,94.4,97.4,equipment_failure,2023-24,3441.8,1033,645.42
02-12-2023,Chikla,Maharashtra,752.31,643.1,109.21,14.5,7.4,6.4,FALSE,0,88.7,93,equipment_failure,2023-24,3441.8,1033,643.1
03-12-2023,Chikla,Maharashtra,752.31,718.59,33.72,4.5,4.1,0,FALSE,0,83.1,93.5,transport_issue,2023-24,3441.8,1033,718.59
04-12-2023,Chikla,Maharashtra,752.31,719.09,33.22,4.4,3.8,0,TRUE,2.5,96.2,92.1,labour_shortage,2023-24,3441.8,1033,719.09
05-12-2023,Chikla,Maharashtra,752.31,697.78,54.53,7.2,2.4,2.9,FALSE,0,87.7,97.5,transport_issue,2023-24,3441.8,1033,697.78
06-12-2023,Chikla,Maharashtra,752.31,662.39,89.92,12,0.5,6.9,FALSE,0,86.8,93.9,equipment_failure,2023-24,3441.8,1033,662.39
07-12-2023,Chikla,Maharashtra,752.31,746.92,5.39,0.7,1.4,0,FALSE,0,96.1,97.8,transport_issue,2023-24,3441.8,1033,746.92
08-12-2023,Chikla,Maharashtra,752.31,757.41,-5.1,-0.7,4.3,0,FALSE,0,97.8,96.8,none,2023-24,3441.8,1033,757.41
09-12-2023,Chikla,Maharashtra,752.31,722.96,29.35,3.9,1.3,0,FALSE,0,94.5,97.5,transport_issue,2023-24,3441.8,1033,722.96
10-12-2023,Chikla,Maharashtra,752.31,729.56,22.75,3,5.3,0,FALSE,0,86.9,96.5,transport_issue,2023-24,3441.8,1033,729.56
11-12-2023,Chikla,Maharashtra,752.31,750.07,2.24,0.3,5.8,0,FALSE,0,93.6,95.2,transport_issue,2023-24,3441.8,1033,750.07
12-12-2023,Chikla,Maharashtra,752.31,748.4,3.91,0.5,2.6,0,FALSE,0,97.5,98.2,transport_issue,2023-24,3441.8,1033,748.4
13-12-2023,Chikla,Maharashtra,752.31,744.12,8.19,1.1,10.2,0,FALSE,0,100,100,none,2023-24,3441.8,1033,744.12
14-12-2023,Chikla,Maharashtra,752.31,733,19.31,2.6,4.4,0,FALSE,0,86,94.9,transport_issue,2023-24,3441.8,1033,733
15-12-2023,Chikla,Maharashtra,752.31,749.18,3.13,0.4,3.3,0,FALSE,0,100,99.5,none,2023-24,3441.8,1033,749.18
16-12-2023,Chikla,Maharashtra,752.31,733.75,18.56,2.5,0.4,0,FALSE,0,87.3,92.4,transport_issue,2023-24,3441.8,1033,733.75
17-12-2023,Chikla,Maharashtra,752.31,742.7,9.61,1.3,5,0,FALSE,0,97,95,labour_shortage,2023-24,3441.8,1033,742.7
18-12-2023,Chikla,Maharashtra,752.31,687.19,65.12,8.7,1.6,5.4,FALSE,0,91.8,91.5,equipment_failure,2023-24,3441.8,1033,687.19
19-12-2023,Chikla,Maharashtra,752.31,710.47,41.84,5.6,1.7,0,FALSE,0,91.5,90.1,labour_shortage,2023-24,3441.8,1033,710.47
20-12-2023,Chikla,Maharashtra,752.31,762.8,-10.49,-1.4,1.2,0,FALSE,0,99.1,93.5,none,2023-24,3441.8,1033,762.8
21-12-2023,Chikla,Maharashtra,752.31,754.72,-2.41,-0.3,1.2,0,FALSE,0,96.5,91.8,none,2023-24,3441.8,1033,754.72
22-12-2023,Chikla,Maharashtra,752.31,631.28,121.03,16.1,4.6,6.5,TRUE,3.2,88.2,95.8,equipment_failure,2023-24,3441.8,1033,631.28
23-12-2023,Chikla,Maharashtra,752.31,736.71,15.6,2.1,3.3,0,FALSE,0,80.4,98.7,transport_issue,2023-24,3441.8,1033,736.71
24-12-2023,Chikla,Maharashtra,752.31,686.58,65.73,8.7,2.8,3.7,FALSE,0,85.9,92,transport_issue,2023-24,3441.8,1033,686.58
25-12-2023,Chikla,Maharashtra,752.31,769.48,-17.17,-2.3,10.2,0,FALSE,0,100,100,none,2023-24,3441.8,1033,769.48
26-12-2023,Chikla,Maharashtra,752.31,726.93,25.38,3.4,1.4,0,FALSE,0,97.9,90.3,labour_shortage,2023-24,3441.8,1033,726.93
27-12-2023,Chikla,Maharashtra,752.31,749.64,2.67,0.4,6,0,FALSE,0,90.5,100,transport_issue,2023-24,3441.8,1033,749.64
28-12-2023,Chikla,Maharashtra,752.31,643.29,109.02,14.5,2.7,7.2,FALSE,0,88.6,91.2,equipment_failure,2023-24,3441.8,1033,643.29
29-12-2023,Chikla,Maharashtra,752.31,673.08,79.23,10.5,2.8,5.7,FALSE,0,90.7,88.6,equipment_failure,2023-24,3441.8,1033,673.08
30-12-2023,Chikla,Maharashtra,752.31,752.37,-0.06,0,3.1,0,FALSE,0,95.6,94.7,none,2023-24,3441.8,1033,752.37
31-12-2023,Chikla,Maharashtra,752.31,621.76,130.55,17.4,2.1,7.2,FALSE,0,83.7,91.7,transport_issue,2023-24,3441.8,1033,621.76
01-01-2024,Chikla,Maharashtra,752.31,658.78,93.53,12.4,2.3,6.2,FALSE,0,90.4,93.8,equipment_failure,2023-24,3441.8,1033,658.78
02-01-2024,Chikla,Maharashtra,752.31,715.45,36.86,4.9,4.5,0,FALSE,0,90.1,100,transport_issue,2023-24,3441.8,1033,715.45
03-01-2024,Chikla,Maharashtra,752.31,707.05,45.26,6,4.8,0,FALSE,0,76.4,95.9,transport_issue,2023-24,3441.8,1033,707.05
04-01-2024,Chikla,Maharashtra,752.31,747.32,4.99,0.7,1.3,0,FALSE,0,91.8,90.7,labour_shortage,2023-24,3441.8,1033,747.32
05-01-2024,Chikla,Maharashtra,752.31,760.36,-8.05,-1.1,1.5,0,FALSE,0,97.6,91.4,none,2023-24,3441.8,1033,760.36
06-01-2024,Chikla,Maharashtra,752.31,760.06,-7.75,-1,1.3,0,FALSE,0,100,97,none,2023-24,3441.8,1033,760.06
07-01-2024,Chikla,Maharashtra,752.31,742.79,9.52,1.3,1.5,0,FALSE,0,92.4,96.2,transport_issue,2023-24,3441.8,1033,742.79
08-01-2024,Chikla,Maharashtra,752.31,744.98,7.33,1,4.5,0,FALSE,0,94,93.6,labour_shortage,2023-24,3441.8,1033,744.98
09-01-2024,Chikla,Maharashtra,752.31,731.23,21.08,2.8,3.2,0,TRUE,1.6,94.6,90.9,labour_shortage,2023-24,3441.8,1033,731.23
10-01-2024,Chikla,Maharashtra,752.31,671.09,81.22,10.8,1.5,7.6,FALSE,0,100,94.8,equipment_failure,2023-24,3441.8,1033,671.09
11-01-2024,Chikla,Maharashtra,752.31,601.13,151.18,20.1,4.9,12.5,FALSE,0,87.9,93.4,equipment_failure,2023-24,3441.8,1033,601.13
12-01-2024,Chikla,Maharashtra,752.31,752,0.31,0,4.1,0,FALSE,0,96.9,93.2,labour_shortage,2023-24,3441.8,1033,752
13-01-2024,Chikla,Maharashtra,752.31,713.76,38.55,5.1,4.2,0,FALSE,0,88.1,93.7,transport_issue,2023-24,3441.8,1033,713.76
14-01-2024,Chikla,Maharashtra,752.31,748.31,4,0.5,10.9,0,FALSE,0,86.4,97,transport_issue,2023-24,3441.8,1033,748.31
15-01-2024,Chikla,Maharashtra,752.31,758.28,-5.97,-0.8,5.7,0,FALSE,0,97.4,95.4,none,2023-24,3441.8,1033,758.28
16-01-2024,Chikla,Maharashtra,752.31,683.35,68.96,9.2,3.6,4.8,FALSE,0,82.6,93.4,transport_issue,2023-24,3441.8,1033,683.35
17-01-2024,Chikla,Maharashtra,752.31,735.51,16.8,2.2,5.9,0,FALSE,0,89.4,86.4,labour_shortage,2023-24,3441.8,1033,735.51
18-01-2024,Chikla,Maharashtra,752.31,742.87,9.44,1.3,4.1,0,FALSE,0,87.2,100,transport_issue,2023-24,3441.8,1033,742.87
19-01-2024,Chikla,Maharashtra,752.31,679.37,72.94,9.7,9.8,5.8,FALSE,0,89.5,92.3,equipment_failure,2023-24,3441.8,1033,679.37
20-01-2024,Chikla,Maharashtra,752.31,666.52,85.79,11.4,5.2,6.4,FALSE,0,90,93.4,equipment_failure,2023-24,3441.8,1033,666.52
21-01-2024,Chikla,Maharashtra,752.31,699.8,52.51,7,2,0,FALSE,0,76.3,96.5,transport_issue,2023-24,3441.8,1033,699.8
22-01-2024,Chikla,Maharashtra,752.31,699.3,53.01,7,2.5,0,TRUE,1.7,87.4,92.5,transport_issue,2023-24,3441.8,1033,699.3
23-01-2024,Chikla,Maharashtra,752.31,711.67,40.64,5.4,1.7,0,FALSE,0,85.9,99.9,transport_issue,2023-24,3441.8,1033,711.67
24-01-2024,Chikla,Maharashtra,752.31,761.63,-9.32,-1.2,3.3,0,FALSE,0,100,90.4,none,2023-24,3441.8,1033,761.63
25-01-2024,Chikla,Maharashtra,752.31,750.73,1.58,0.2,2.2,0,FALSE,0,94.8,91.6,labour_shortage,2023-24,3441.8,1033,750.73
26-01-2024,Chikla,Maharashtra,752.31,711.86,40.45,5.4,4,0,FALSE,0,91.2,94.6,transport_issue,2023-24,3441.8,1033,711.86
27-01-2024,Chikla,Maharashtra,752.31,749.86,2.45,0.3,2.7,0,FALSE,0,96,100,transport_issue,2023-24,3441.8,1033,749.86
28-01-2024,Chikla,Maharashtra,752.31,722.73,29.58,3.9,1.8,0,FALSE,0,100,90.4,labour_shortage,2023-24,3441.8,1033,722.73
29-01-2024,Chikla,Maharashtra,752.31,747.16,5.15,0.7,1.7,0,FALSE,0,97.8,95.6,labour_shortage,2023-24,3441.8,1033,747.16
30-01-2024,Chikla,Maharashtra,752.31,714.54,37.77,5,3.1,0,TRUE,4.2,98.1,90.6,labour_shortage,2023-24,3441.8,1033,714.54
31-01-2024,Chikla,Maharashtra,752.31,744.82,7.49,1,4.8,0,FALSE,0,100,96.8,labour_shortage,2023-24,3441.8,1033,744.82
01-02-2024,Chikla,Maharashtra,752.31,737.99,14.32,1.9,0.3,0,FALSE,0,94.4,95.7,transport_issue,2023-24,3441.8,1033,737.99
02-02-2024,Chikla,Maharashtra,752.31,732.9,19.41,2.6,1.9,0,FALSE,0,95.8,94.5,labour_shortage,2023-24,3441.8,1033,732.9
03-02-2024,Chikla,Maharashtra,752.31,734.97,17.34,2.3,5.7,0,FALSE,0,92.3,94.6,transport_issue,2023-24,3441.8,1033,734.97
04-02-2024,Chikla,Maharashtra,752.31,720.37,31.94,4.2,9.2,0,TRUE,3.3,100,94,blasting_delay,2023-24,3441.8,1033,720.37
05-02-2024,Chikla,Maharashtra,752.31,757.69,-5.38,-0.7,2.5,0,FALSE,0,97.8,91.8,none,2023-24,3441.8,1033,757.69
06-02-2024,Chikla,Maharashtra,752.31,754.66,-2.35,-0.3,9.9,0,FALSE,0,97,96.2,none,2023-24,3441.8,1033,754.66
07-02-2024,Chikla,Maharashtra,752.31,746.61,5.7,0.8,1.1,0,FALSE,0,96.2,91.2,labour_shortage,2023-24,3441.8,1033,746.61
08-02-2024,Chikla,Maharashtra,752.31,746.6,5.71,0.8,4.4,0,FALSE,0,87.7,95.1,transport_issue,2023-24,3441.8,1033,746.6
09-02-2024,Chikla,Maharashtra,752.31,676.36,75.95,10.1,4.7,5.2,FALSE,0,100,91.5,equipment_failure,2023-24,3441.8,1033,676.36
10-02-2024,Chikla,Maharashtra,752.31,706.94,45.37,6,2,0,FALSE,0,77.9,96.9,transport_issue,2023-24,3441.8,1033,706.94
11-02-2024,Chikla,Maharashtra,752.31,726.6,25.71,3.4,0.4,0,FALSE,0,92.9,98.5,transport_issue,2023-24,3441.8,1033,726.6
12-02-2024,Chikla,Maharashtra,752.31,708.57,43.74,5.8,5.1,0,FALSE,0,89.7,89.4,labour_shortage,2023-24,3441.8,1033,708.57
13-02-2024,Chikla,Maharashtra,752.31,654.76,97.55,13,5,4.6,FALSE,0,86.8,91.1,transport_issue,2023-24,3441.8,1033,654.76
14-02-2024,Chikla,Maharashtra,752.31,729.55,22.76,3,7.7,0,FALSE,0,98.1,95,labour_shortage,2023-24,3441.8,1033,729.55
15-02-2024,Chikla,Maharashtra,752.31,730.77,21.54,2.9,10.4,0,FALSE,0,89.6,100,transport_issue,2023-24,3441.8,1033,730.77
16-02-2024,Chikla,Maharashtra,752.31,743.26,9.05,1.2,2.3,0,FALSE,0,98.2,93.1,labour_shortage,2023-24,3441.8,1033,743.26
17-02-2024,Chikla,Maharashtra,752.31,696.83,55.48,7.4,4.4,0,TRUE,2.6,85.5,99.6,transport_issue,2023-24,3441.8,1033,696.83
18-02-2024,Chikla,Maharashtra,752.31,726.25,26.06,3.5,0.8,0,FALSE,0,86.6,85.2,labour_shortage,2023-24,3441.8,1033,726.25
19-02-2024,Chikla,Maharashtra,752.31,716.92,35.39,4.7,1.5,0,TRUE,2.4,91.7,88.5,labour_shortage,2023-24,3441.8,1033,716.92
20-02-2024,Chikla,Maharashtra,752.31,570.02,182.29,24.2,7.5,15.5,FALSE,0,87.2,99.5,equipment_failure,2023-24,3441.8,1033,570.02
21-02-2024,Chikla,Maharashtra,752.31,709.48,42.83,5.7,0.8,0,FALSE,0,86.8,93.4,transport_issue,2023-24,3441.8,1033,709.48
22-02-2024,Chikla,Maharashtra,752.31,731.91,20.4,2.7,0.7,0,FALSE,0,85.6,90.5,transport_issue,2023-24,3441.8,1033,731.91
23-02-2024,Chikla,Maharashtra,752.31,710.81,41.5,5.5,1.8,0,FALSE,0,84.8,95.8,transport_issue,2023-24,3441.8,1033,710.81
24-02-2024,Chikla,Maharashtra,752.31,734.46,17.85,2.4,2.5,0,FALSE,0,92.4,96.3,transport_issue,2023-24,3441.8,1033,734.46
25-02-2024,Chikla,Maharashtra,752.31,697.46,54.85,7.3,6.1,0,FALSE,0,81.8,91.7,transport_issue,2023-24,3441.8,1033,697.46
26-02-2024,Chikla,Maharashtra,752.31,690.86,61.45,8.2,4.7,4.4,FALSE,0,90.2,98.6,transport_issue,2023-24,3441.8,1033,690.86
27-02-2024,Chikla,Maharashtra,752.31,715.9,36.41,4.8,15,0,FALSE,0,91.4,97.4,transport_issue,2023-24,3441.8,1033,715.9
28-02-2024,Chikla,Maharashtra,752.31,744.12,8.19,1.1,2.8,0,FALSE,0,88,92.9,transport_issue,2023-24,3441.8,1033,744.12
29-02-2024,Chikla,Maharashtra,752.31,730.19,22.12,2.9,8,0,FALSE,0,93.8,99.1,transport_issue,2023-24,3441.8,1033,730.19
01-03-2024,Chikla,Maharashtra,752.31,671.67,80.64,10.7,1.4,4.2,FALSE,0,91.9,88.3,labour_shortage,2023-24,3441.8,1033,671.67
02-03-2024,Chikla,Maharashtra,752.31,761.45,-9.14,-1.2,1.3,0,FALSE,0,95.1,100,none,2023-24,3441.8,1033,761.45
03-03-2024,Chikla,Maharashtra,752.31,737.06,15.25,2,1.6,0,FALSE,0,88.3,92.2,transport_issue,2023-24,3441.8,1033,737.06
04-03-2024,Chikla,Maharashtra,752.31,723.14,29.17,3.9,2.4,0,FALSE,0,81.3,95.7,transport_issue,2023-24,3441.8,1033,723.14
05-03-2024,Chikla,Maharashtra,752.31,744.79,7.52,1,1.5,0,FALSE,0,86,95.2,transport_issue,2023-24,3441.8,1033,744.79
06-03-2024,Chikla,Maharashtra,752.31,714.43,37.88,5,3.5,0,FALSE,0,86.3,87.5,transport_issue,2023-24,3441.8,1033,714.43
07-03-2024,Chikla,Maharashtra,752.31,708.83,43.48,5.8,4.6,2.2,FALSE,0,84.6,95,transport_issue,2023-24,3441.8,1033,708.83
08-03-2024,Chikla,Maharashtra,752.31,766.06,-13.75,-1.8,6,0,FALSE,0,100,99.2,none,2023-24,3441.8,1033,766.06
09-03-2024,Chikla,Maharashtra,752.31,737.68,14.63,1.9,5.2,0,FALSE,0,92.3,93.3,transport_issue,2023-24,3441.8,1033,737.68
10-03-2024,Chikla,Maharashtra,752.31,740.29,12.02,1.6,0.6,0,FALSE,0,89.2,96.8,transport_issue,2023-24,3441.8,1033,740.29
11-03-2024,Chikla,Maharashtra,752.31,720.98,31.33,4.2,5.3,0,FALSE,0,93.6,94.7,transport_issue,2023-24,3441.8,1033,720.98
12-03-2024,Chikla,Maharashtra,752.31,762.77,-10.46,-1.4,0.7,0,FALSE,0,100,92.8,none,2023-24,3441.8,1033,762.77
13-03-2024,Chikla,Maharashtra,752.31,744.51,7.8,1,3.9,0,FALSE,0,94.7,99.8,transport_issue,2023-24,3441.8,1033,744.51
14-03-2024,Chikla,Maharashtra,752.31,727.42,24.89,3.3,1.3,0,FALSE,0,92.9,100,transport_issue,2023-24,3441.8,1033,727.42
15-03-2024,Chikla,Maharashtra,752.31,715.33,36.98,4.9,6.8,0,FALSE,0,90.8,93.8,transport_issue,2023-24,3441.8,1033,715.33
16-03-2024,Chikla,Maharashtra,752.31,728.19,24.12,3.2,1.3,0,FALSE,0,100,96.7,labour_shortage,2023-24,3441.8,1033,728.19
17-03-2024,Chikla,Maharashtra,752.31,690.79,61.52,8.2,4,3.2,FALSE,0,87.3,96.4,transport_issue,2023-24,3441.8,1033,690.79
18-03-2024,Chikla,Maharashtra,752.31,641.63,110.68,14.7,11.3,7.2,FALSE,0,92.3,90.3,equipment_failure,2023-24,3441.8,1033,641.63
19-03-2024,Chikla,Maharashtra,752.31,746.26,6.05,0.8,3.6,0,FALSE,0,98.2,98.2,none,2023-24,3441.8,1033,746.26
20-03-2024,Chikla,Maharashtra,752.31,684.76,67.55,9,1.4,0,TRUE,3,85.3,96.5,transport_issue,2023-24,3441.8,1033,684.76
21-03-2024,Chikla,Maharashtra,752.31,725.29,27.02,3.6,5.4,0,FALSE,0,90.6,98.8,transport_issue,2023-24,3441.8,1033,725.29
22-03-2024,Chikla,Maharashtra,752.31,707.48,44.83,6,6,0,FALSE,0,87.4,89.1,transport_issue,2023-24,3441.8,1033,707.48
23-03-2024,Chikla,Maharashtra,752.31,573.17,179.14,23.8,1.7,15.6,FALSE,0,89.7,96.9,equipment_failure,2023-24,3441.8,1033,573.17
24-03-2024,Chikla,Maharashtra,752.31,704.3,48.01,6.4,1.2,0,FALSE,0,88.7,88.5,labour_shortage,2023-24,3441.8,1033,704.3
25-03-2024,Chikla,Maharashtra,752.31,745.37,6.94,0.9,10.4,0,FALSE,0,94.2,95.5,transport_issue,2023-24,3441.8,1033,745.37
26-03-2024,Chikla,Maharashtra,752.31,729.01,23.3,3.1,1,0,FALSE,0,84.8,96.4,transport_issue,2023-24,3441.8,1033,729.01
27-03-2024,Chikla,Maharashtra,752.31,715.85,36.46,4.8,6.6,0,FALSE,0,88.9,96.1,transport_issue,2023-24,3441.8,1033,715.85
28-03-2024,Chikla,Maharashtra,752.31,768.45,-16.14,-2.1,4.1,0,FALSE,0,100,100,none,2023-24,3441.8,1033,768.45
29-03-2024,Chikla,Maharashtra,752.31,757.21,-4.9,-0.7,0.6,0,FALSE,0,93.7,99.4,none,2023-24,3441.8,1033,757.21
30-03-2024,Chikla,Maharashtra,752.31,715.56,36.75,4.9,2.4,0,FALSE,0,93.5,93.3,labour_shortage,2023-24,3441.8,1033,715.56
31-03-2024,Chikla,Maharashtra,752.31,732.26,20.05,2.7,2.2,0,FALSE,0,90.4,96.7,transport_issue,2023-24,3441.8,1033,732.26
01-04-2023,Dongri Buzurg,Maharashtra,470.19,443.86,26.33,5.6,0.5,0,FALSE,0,88.3,96.7,transport_issue,2023-24,3441.8,1033,443.86
02-04-2023,Dongri Buzurg,Maharashtra,470.19,436.77,33.42,7.1,15.6,0,TRUE,4.6,95.6,97.5,blasting_delay,2023-24,3441.8,1033,436.77
03-04-2023,Dongri Buzurg,Maharashtra,470.19,410.19,60,12.8,2,6.7,FALSE,0,92.7,92.9,equipment_failure,2023-24,3441.8,1033,410.19
04-04-2023,Dongri Buzurg,Maharashtra,470.19,472.72,-2.53,-0.5,2.7,0,FALSE,0,96.2,95.2,none,2023-24,3441.8,1033,472.72
05-04-2023,Dongri Buzurg,Maharashtra,470.19,437.15,33.04,7,5.4,0,FALSE,0,76,100,transport_issue,2023-24,3441.8,1033,437.15
06-04-2023,Dongri Buzurg,Maharashtra,470.19,454.38,15.81,3.4,2,0,FALSE,0,94.3,92.2,labour_shortage,2023-24,3441.8,1033,454.38
07-04-2023,Dongri Buzurg,Maharashtra,470.19,452.29,17.9,3.8,2.3,0,FALSE,0,99.5,93.9,labour_shortage,2023-24,3441.8,1033,452.29
08-04-2023,Dongri Buzurg,Maharashtra,470.19,460.47,9.72,2.1,2.5,0,FALSE,0,95.3,93.9,labour_shortage,2023-24,3441.8,1033,460.47
09-04-2023,Dongri Buzurg,Maharashtra,470.19,433.17,37.02,7.9,9,4.4,FALSE,0,98.7,91.4,equipment_failure,2023-24,3441.8,1033,433.17
10-04-2023,Dongri Buzurg,Maharashtra,470.19,470.04,0.15,0,1.9,0,FALSE,0,91.6,97.4,transport_issue,2023-24,3441.8,1033,470.04
11-04-2023,Dongri Buzurg,Maharashtra,470.19,463.14,7.05,1.5,5.5,0,FALSE,0,83.1,98,transport_issue,2023-24,3441.8,1033,463.14
12-04-2023,Dongri Buzurg,Maharashtra,470.19,467.16,3.03,0.6,4.5,0,FALSE,0,84.6,100,transport_issue,2023-24,3441.8,1033,467.16
13-04-2023,Dongri Buzurg,Maharashtra,470.19,471.77,-1.58,-0.3,2.8,0,FALSE,0,96.9,87.9,none,2023-24,3441.8,1033,471.77
14-04-2023,Dongri Buzurg,Maharashtra,470.19,439.2,30.99,6.6,2.8,4.3,FALSE,0,86.8,97.8,transport_issue,2023-24,3441.8,1033,439.2
15-04-2023,Dongri Buzurg,Maharashtra,470.19,474.77,-4.58,-1,5.8,0,FALSE,0,96.1,94.8,none,2023-24,3441.8,1033,474.77
16-04-2023,Dongri Buzurg,Maharashtra,470.19,452.6,17.59,3.7,1.1,0,FALSE,0,85.9,92,transport_issue,2023-24,3441.8,1033,452.6
17-04-2023,Dongri Buzurg,Maharashtra,470.19,461.74,8.45,1.8,1.5,0,FALSE,0,81.8,100,transport_issue,2023-24,3441.8,1033,461.74
18-04-2023,Dongri Buzurg,Maharashtra,470.19,473.39,-3.2,-0.7,4.3,0,FALSE,0,96.7,90.4,none,2023-24,3441.8,1033,473.39
19-04-2023,Dongri Buzurg,Maharashtra,470.19,444.15,26.04,5.5,1,0,TRUE,1.1,88.4,100,transport_issue,2023-24,3441.8,1033,444.15
20-04-2023,Dongri Buzurg,Maharashtra,470.19,453,17.19,3.7,2,0,FALSE,0,96.5,97.5,transport_issue,2023-24,3441.8,1033,453
21-04-2023,Dongri Buzurg,Maharashtra,470.19,459.85,10.34,2.2,3.5,0,FALSE,0,91.6,99.2,transport_issue,2023-24,3441.8,1033,459.85
22-04-2023,Dongri Buzurg,Maharashtra,470.19,453.07,17.12,3.6,3.7,0,FALSE,0,100,85.3,labour_shortage,2023-24,3441.8,1033,453.07
23-04-2023,Dongri Buzurg,Maharashtra,470.19,410.38,59.81,12.7,5.3,6.7,FALSE,0,95.7,93,equipment_failure,2023-24,3441.8,1033,410.38
24-04-2023,Dongri Buzurg,Maharashtra,470.19,462.17,8.02,1.7,2.5,0,FALSE,0,91.5,95.8,transport_issue,2023-24,3441.8,1033,462.17
25-04-2023,Dongri Buzurg,Maharashtra,470.19,453.24,16.95,3.6,2.5,0,FALSE,0,93.7,94.2,transport_issue,2023-24,3441.8,1033,453.24
26-04-2023,Dongri Buzurg,Maharashtra,470.19,441.53,28.66,6.1,1.1,0,TRUE,5.2,86.5,100,transport_issue,2023-24,3441.8,1033,441.53
27-04-2023,Dongri Buzurg,Maharashtra,470.19,442.77,27.42,5.8,2,0,FALSE,0,87.3,96.9,transport_issue,2023-24,3441.8,1033,442.77
28-04-2023,Dongri Buzurg,Maharashtra,470.19,413.91,56.28,12,6.7,6.6,FALSE,0,82.8,100,transport_issue,2023-24,3441.8,1033,413.91
29-04-2023,Dongri Buzurg,Maharashtra,470.19,406.52,63.67,13.5,2,4.1,TRUE,2.7,95.7,91.8,equipment_failure,2023-24,3441.8,1033,406.52
30-04-2023,Dongri Buzurg,Maharashtra,470.19,463.15,7.04,1.5,2.7,0,FALSE,0,84.8,96.2,transport_issue,2023-24,3441.8,1033,463.15
01-05-2023,Dongri Buzurg,Maharashtra,470.19,441.57,28.62,6.1,1.6,0,FALSE,0,87.5,94.1,transport_issue,2023-24,3441.8,1033,441.57
02-05-2023,Dongri Buzurg,Maharashtra,470.19,455.48,14.71,3.1,6.3,0,FALSE,0,87,94.5,transport_issue,2023-24,3441.8,1033,455.48
03-05-2023,Dongri Buzurg,Maharashtra,470.19,464.55,5.64,1.2,2.9,0,FALSE,0,91.7,100,transport_issue,2023-24,3441.8,1033,464.55
04-05-2023,Dongri Buzurg,Maharashtra,470.19,457.62,12.57,2.7,1.8,0,FALSE,0,93.1,91.7,labour_shortage,2023-24,3441.8,1033,457.62
05-05-2023,Dongri Buzurg,Maharashtra,470.19,447.77,22.42,4.8,11.3,0,TRUE,2.4,94,94.3,transport_issue,2023-24,3441.8,1033,447.77
06-05-2023,Dongri Buzurg,Maharashtra,470.19,451.42,18.77,4,1,0,FALSE,0,91.9,96.5,transport_issue,2023-24,3441.8,1033,451.42
07-05-2023,Dongri Buzurg,Maharashtra,470.19,438.57,31.62,6.7,2.2,0,FALSE,0,86.1,88.1,transport_issue,2023-24,3441.8,1033,438.57
08-05-2023,Dongri Buzurg,Maharashtra,470.19,466.59,3.6,0.8,5.2,0,FALSE,0,91.2,94.3,transport_issue,2023-24,3441.8,1033,466.59
09-05-2023,Dongri Buzurg,Maharashtra,470.19,455.43,14.76,3.1,3.3,0,FALSE,0,94.2,99.9,transport_issue,2023-24,3441.8,1033,455.43
10-05-2023,Dongri Buzurg,Maharashtra,470.19,420.12,50.07,10.6,3.3,3.7,FALSE,0,84.1,90.8,transport_issue,2023-24,3441.8,1033,420.12
11-05-2023,Dongri Buzurg,Maharashtra,470.19,436.62,33.57,7.1,3.2,5.8,FALSE,0,98.3,93.6,equipment_failure,2023-24,3441.8,1033,436.62
12-05-2023,Dongri Buzurg,Maharashtra,470.19,456.56,13.63,2.9,7.5,0,FALSE,0,96.9,95.9,labour_shortage,2023-24,3441.8,1033,456.56
13-05-2023,Dongri Buzurg,Maharashtra,470.19,466.51,3.68,0.8,2.5,0,FALSE,0,84.1,98,transport_issue,2023-24,3441.8,1033,466.51
14-05-2023,Dongri Buzurg,Maharashtra,470.19,453.48,16.71,3.6,1.7,0,FALSE,0,99.7,93.4,labour_shortage,2023-24,3441.8,1033,453.48
15-05-2023,Dongri Buzurg,Maharashtra,470.19,458.68,11.51,2.4,6,0,FALSE,0,88.1,93.7,transport_issue,2023-24,3441.8,1033,458.68
16-05-2023,Dongri Buzurg,Maharashtra,470.19,397.95,72.24,15.4,5.9,6.7,FALSE,0,87.5,94.9,equipment_failure,2023-24,3441.8,1033,397.95
17-05-2023,Dongri Buzurg,Maharashtra,470.19,474.44,-4.25,-0.9,4.4,0,FALSE,0,91.3,98.8,none,2023-24,3441.8,1033,474.44
18-05-2023,Dongri Buzurg,Maharashtra,470.19,459.17,11.02,2.3,4.8,0,FALSE,0,89.1,97.1,transport_issue,2023-24,3441.8,1033,459.17
19-05-2023,Dongri Buzurg,Maharashtra,470.19,470.85,-0.66,-0.1,0.4,0,FALSE,0,88.5,98.5,none,2023-24,3441.8,1033,470.85
20-05-2023,Dongri Buzurg,Maharashtra,470.19,461.22,8.97,1.9,0.9,0,FALSE,0,99.2,90.9,labour_shortage,2023-24,3441.8,1033,461.22
21-05-2023,Dongri Buzurg,Maharashtra,470.19,449.55,20.64,4.4,2.1,0,FALSE,0,97.3,91.2,labour_shortage,2023-24,3441.8,1033,449.55
22-05-2023,Dongri Buzurg,Maharashtra,470.19,426.69,43.5,9.3,2.4,0,TRUE,3.9,89.8,93.2,transport_issue,2023-24,3441.8,1033,426.69
23-05-2023,Dongri Buzurg,Maharashtra,470.19,470.11,0.08,0,1.5,0,FALSE,0,92.3,98.6,transport_issue,2023-24,3441.8,1033,470.11
24-05-2023,Dongri Buzurg,Maharashtra,470.19,456.46,13.73,2.9,2.4,0,FALSE,0,99.1,86.5,labour_shortage,2023-24,3441.8,1033,456.46
25-05-2023,Dongri Buzurg,Maharashtra,470.19,403.43,66.76,14.2,1.6,6.8,FALSE,0,92.5,97.5,equipment_failure,2023-24,3441.8,1033,403.43
26-05-2023,Dongri Buzurg,Maharashtra,470.19,451.33,18.86,4,1.4,0,FALSE,0,93.4,96.8,transport_issue,2023-24,3441.8,1033,451.33
27-05-2023,Dongri Buzurg,Maharashtra,470.19,451.25,18.94,4,5.1,0,FALSE,0,90.8,100,transport_issue,2023-24,3441.8,1033,451.25
28-05-2023,Dongri Buzurg,Maharashtra,470.19,443.38,26.81,5.7,4.6,0,TRUE,3.8,83.7,92.4,transport_issue,2023-24,3441.8,1033,443.38
29-05-2023,Dongri Buzurg,Maharashtra,470.19,445.15,25.04,5.3,0.5,0,FALSE,0,82.6,99.6,transport_issue,2023-24,3441.8,1033,445.15
30-05-2023,Dongri Buzurg,Maharashtra,470.19,452.18,18.01,3.8,3.1,0,FALSE,0,92.5,91.9,labour_shortage,2023-24,3441.8,1033,452.18
31-05-2023,Dongri Buzurg,Maharashtra,470.19,452.8,17.39,3.7,2.4,0,FALSE,0,90.5,93.7,transport_issue,2023-24,3441.8,1033,452.8
01-06-2023,Dongri Buzurg,Maharashtra,470.19,466.06,4.13,0.9,9,0,FALSE,0,91.4,97.4,transport_issue,2023-24,3441.8,1033,466.06
02-06-2023,Dongri Buzurg,Maharashtra,470.19,442.7,27.49,5.8,3.2,0,TRUE,2.5,84.7,100,transport_issue,2023-24,3441.8,1033,442.7
03-06-2023,Dongri Buzurg,Maharashtra,470.19,425.9,44.29,9.4,42.2,0,FALSE,0,73.5,89.9,transport_issue,2023-24,3441.8,1033,425.9
04-06-2023,Dongri Buzurg,Maharashtra,470.19,431.74,38.45,8.2,58.2,0,TRUE,3.4,84.3,95.5,heavy_rainfall,2023-24,3441.8,1033,431.74
05-06-2023,Dongri Buzurg,Maharashtra,470.19,456.55,13.64,2.9,23.7,0,FALSE,0,81.6,100,transport_issue,2023-24,3441.8,1033,456.55
06-06-2023,Dongri Buzurg,Maharashtra,470.19,450.21,19.98,4.2,9.6,0,TRUE,3.2,95.9,87.3,labour_shortage,2023-24,3441.8,1033,450.21
07-06-2023,Dongri Buzurg,Maharashtra,470.19,419.61,50.58,10.8,29.8,4.7,FALSE,0,84.4,95.8,transport_issue,2023-24,3441.8,1033,419.61
08-06-2023,Dongri Buzurg,Maharashtra,470.19,382.65,87.54,18.6,71.2,5.7,FALSE,0,67.1,97,heavy_rainfall,2023-24,3441.8,1033,382.65
09-06-2023,Dongri Buzurg,Maharashtra,470.19,448.51,21.68,4.6,35,0,FALSE,0,86.9,89.2,transport_issue,2023-24,3441.8,1033,448.51
10-06-2023,Dongri Buzurg,Maharashtra,470.19,448.71,21.48,4.6,20.5,0,TRUE,3.6,91,96.7,transport_issue,2023-24,3441.8,1033,448.71
11-06-2023,Dongri Buzurg,Maharashtra,470.19,446.85,23.34,5,13.8,0,FALSE,0,81.2,93.5,transport_issue,2023-24,3441.8,1033,446.85
12-06-2023,Dongri Buzurg,Maharashtra,470.19,422.11,48.08,10.2,14.1,0,FALSE,0,65.6,94.4,transport_issue,2023-24,3441.8,1033,422.11
13-06-2023,Dongri Buzurg,Maharashtra,470.19,383.88,86.31,18.4,71.1,7.2,TRUE,2.6,91.3,99.5,heavy_rainfall,2023-24,3441.8,1033,383.88
14-06-2023,Dongri Buzurg,Maharashtra,470.19,437.86,32.33,6.9,7.4,0,FALSE,0,79,92.9,transport_issue,2023-24,3441.8,1033,437.86
15-06-2023,Dongri Buzurg,Maharashtra,470.19,409.7,60.49,12.9,19.5,7.9,FALSE,0,81.6,99.1,transport_issue,2023-24,3441.8,1033,409.7
16-06-2023,Dongri Buzurg,Maharashtra,470.19,440.24,29.95,6.4,9.5,0,FALSE,0,80.5,92.8,transport_issue,2023-24,3441.8,1033,440.24
17-06-2023,Dongri Buzurg,Maharashtra,470.19,447.38,22.81,4.9,53.3,0,FALSE,0,79.8,89.8,heavy_rainfall,2023-24,3441.8,1033,447.38
18-06-2023,Dongri Buzurg,Maharashtra,470.19,433.17,37.02,7.9,13.7,0,FALSE,0,77.8,91.3,transport_issue,2023-24,3441.8,1033,433.17
19-06-2023,Dongri Buzurg,Maharashtra,470.19,438.59,31.6,6.7,46.5,0,FALSE,0,86,99.7,heavy_rainfall,2023-24,3441.8,1033,438.59
20-06-2023,Dongri Buzurg,Maharashtra,470.19,454.35,15.84,3.4,2.4,0,FALSE,0,82.4,100,transport_issue,2023-24,3441.8,1033,454.35
21-06-2023,Dongri Buzurg,Maharashtra,470.19,440.64,29.55,6.3,44.6,0,FALSE,0,79.1,87,transport_issue,2023-24,3441.8,1033,440.64
22-06-2023,Dongri Buzurg,Maharashtra,470.19,469.14,1.05,0.2,3.7,0,FALSE,0,97.7,99.4,transport_issue,2023-24,3441.8,1033,469.14
23-06-2023,Dongri Buzurg,Maharashtra,470.19,455.94,14.25,3,40.6,0,FALSE,0,81.9,91.9,transport_issue,2023-24,3441.8,1033,455.94
24-06-2023,Dongri Buzurg,Maharashtra,470.19,391.2,78.99,16.8,39.9,9.2,FALSE,0,78.3,97.9,transport_issue,2023-24,3441.8,1033,391.2
25-06-2023,Dongri Buzurg,Maharashtra,470.19,442.95,27.24,5.8,34.9,0,FALSE,0,79.9,91.4,transport_issue,2023-24,3441.8,1033,442.95
26-06-2023,Dongri Buzurg,Maharashtra,470.19,448.21,21.98,4.7,3.4,0,FALSE,0,73.5,98.3,transport_issue,2023-24,3441.8,1033,448.21
27-06-2023,Dongri Buzurg,Maharashtra,470.19,452.2,17.99,3.8,9.3,0,FALSE,0,87.8,98.7,transport_issue,2023-24,3441.8,1033,452.2
28-06-2023,Dongri Buzurg,Maharashtra,470.19,445.28,24.91,5.3,27.6,0,TRUE,2.7,86.1,93.1,transport_issue,2023-24,3441.8,1033,445.28
29-06-2023,Dongri Buzurg,Maharashtra,470.19,460.71,9.48,2,29.5,0,FALSE,0,87.7,97.5,transport_issue,2023-24,3441.8,1033,460.71
30-06-2023,Dongri Buzurg,Maharashtra,470.19,445.99,24.2,5.1,22.1,0,FALSE,0,85,89.4,transport_issue,2023-24,3441.8,1033,445.99
01-07-2023,Dongri Buzurg,Maharashtra,470.19,450.45,19.74,4.2,20,0,FALSE,0,75.3,95.3,transport_issue,2023-24,3441.8,1033,450.45
02-07-2023,Dongri Buzurg,Maharashtra,470.19,441.05,29.14,6.2,2.1,0,FALSE,0,75.4,95.7,transport_issue,2023-24,3441.8,1033,441.05
03-07-2023,Dongri Buzurg,Maharashtra,470.19,435.37,34.82,7.4,16.8,0,TRUE,4.4,82.8,91.2,transport_issue,2023-24,3441.8,1033,435.37
04-07-2023,Dongri Buzurg,Maharashtra,470.19,444.43,25.76,5.5,23,0,FALSE,0,86.9,98.7,transport_issue,2023-24,3441.8,1033,444.43
05-07-2023,Dongri Buzurg,Maharashtra,470.19,399.58,70.61,15,116.9,0,TRUE,4.1,86.7,100,heavy_rainfall,2023-24,3441.8,1033,399.58
06-07-2023,Dongri Buzurg,Maharashtra,470.19,449.05,21.14,4.5,9.8,0,FALSE,0,79.5,93.9,transport_issue,2023-24,3441.8,1033,449.05
07-07-2023,Dongri Buzurg,Maharashtra,470.19,407.36,62.83,13.4,66.2,0,TRUE,4.4,79.3,100,heavy_rainfall,2023-24,3441.8,1033,407.36
08-07-2023,Dongri Buzurg,Maharashtra,470.19,388.06,82.13,17.5,24.1,7.6,FALSE,0,80.7,97,transport_issue,2023-24,3441.8,1033,388.06
09-07-2023,Dongri Buzurg,Maharashtra,470.19,439.1,31.09,6.6,37.4,0,FALSE,0,85.3,92.9,transport_issue,2023-24,3441.8,1033,439.1
10-07-2023,Dongri Buzurg,Maharashtra,470.19,438.52,31.67,6.7,27.7,0,FALSE,0,81.3,93.1,transport_issue,2023-24,3441.8,1033,438.52
11-07-2023,Dongri Buzurg,Maharashtra,470.19,439.41,30.78,6.5,16.9,0,FALSE,0,72.9,96.6,transport_issue,2023-24,3441.8,1033,439.41
12-07-2023,Dongri Buzurg,Maharashtra,470.19,449.94,20.25,4.3,34.6,0,FALSE,0,79.9,94.9,transport_issue,2023-24,3441.8,1033,449.94
13-07-2023,Dongri Buzurg,Maharashtra,470.19,450.63,19.56,4.2,37.5,0,FALSE,0,93.5,97.1,heavy_rainfall,2023-24,3441.8,1033,450.63
14-07-2023,Dongri Buzurg,Maharashtra,470.19,413.26,56.93,12.1,40.2,0,TRUE,4,87.2,87.1,labour_shortage,2023-24,3441.8,1033,413.26
15-07-2023,Dongri Buzurg,Maharashtra,470.19,444.17,26.02,5.5,53,0,FALSE,0,77.6,97.7,heavy_rainfall,2023-24,3441.8,1033,444.17
16-07-2023,Dongri Buzurg,Maharashtra,470.19,445.9,24.29,5.2,26.5,0,FALSE,0,79.4,100,transport_issue,2023-24,3441.8,1033,445.9
17-07-2023,Dongri Buzurg,Maharashtra,470.19,445.52,24.67,5.2,3,0,FALSE,0,77.3,94.4,transport_issue,2023-24,3441.8,1033,445.52
18-07-2023,Dongri Buzurg,Maharashtra,470.19,442.44,27.75,5.9,53.4,0,TRUE,1.9,78,98.5,heavy_rainfall,2023-24,3441.8,1033,442.44
19-07-2023,Dongri Buzurg,Maharashtra,470.19,442.26,27.93,5.9,38.1,0,FALSE,0,87.9,95.4,transport_issue,2023-24,3441.8,1033,442.26
20-07-2023,Dongri Buzurg,Maharashtra,470.19,462.39,7.8,1.7,14.9,0,FALSE,0,87.3,92.4,transport_issue,2023-24,3441.8,1033,462.39
21-07-2023,Dongri Buzurg,Maharashtra,470.19,452.37,17.82,3.8,21.1,0,FALSE,0,81.1,94.1,transport_issue,2023-24,3441.8,1033,452.37
22-07-2023,Dongri Buzurg,Maharashtra,470.19,443.96,26.23,5.6,17.9,0,FALSE,0,64.1,92.5,transport_issue,2023-24,3441.8,1033,443.96
23-07-2023,Dongri Buzurg,Maharashtra,470.19,466.27,3.92,0.8,22.5,0,FALSE,0,88.6,99.3,transport_issue,2023-24,3441.8,1033,466.27
24-07-2023,Dongri Buzurg,Maharashtra,470.19,444.98,25.21,5.4,12.4,0,FALSE,0,84.7,91.3,transport_issue,2023-24,3441.8,1033,444.98
25-07-2023,Dongri Buzurg,Maharashtra,470.19,447.21,22.98,4.9,8.1,0,FALSE,0,86.3,91.7,transport_issue,2023-24,3441.8,1033,447.21
26-07-2023,Dongri Buzurg,Maharashtra,470.19,445.86,24.33,5.2,17.4,0,FALSE,0,78.8,92.6,transport_issue,2023-24,3441.8,1033,445.86
27-07-2023,Dongri Buzurg,Maharashtra,470.19,424.88,45.31,9.6,48.8,0,FALSE,0,74.4,93.2,transport_issue,2023-24,3441.8,1033,424.88
28-07-2023,Dongri Buzurg,Maharashtra,470.19,443.63,26.56,5.6,9.1,0,FALSE,0,85.1,97.5,transport_issue,2023-24,3441.8,1033,443.63
29-07-2023,Dongri Buzurg,Maharashtra,470.19,409.27,60.92,13,34.4,5,FALSE,0,89.4,92.4,transport_issue,2023-24,3441.8,1033,409.27
30-07-2023,Dongri Buzurg,Maharashtra,470.19,447.53,22.66,4.8,23.2,0,FALSE,0,84.4,100,transport_issue,2023-24,3441.8,1033,447.53
31-07-2023,Dongri Buzurg,Maharashtra,470.19,453.54,16.65,3.5,23.7,0,FALSE,0,88.3,86,labour_shortage,2023-24,3441.8,1033,453.54
01-08-2023,Dongri Buzurg,Maharashtra,470.19,446.88,23.31,5,24,0,FALSE,0,66.9,99.3,transport_issue,2023-24,3441.8,1033,446.88
02-08-2023,Dongri Buzurg,Maharashtra,470.19,452.87,17.32,3.7,29.3,0,FALSE,0,87.5,94.2,transport_issue,2023-24,3441.8,1033,452.87
03-08-2023,Dongri Buzurg,Maharashtra,470.19,412.75,57.44,12.2,4.4,6.6,FALSE,0,90.5,91.6,equipment_failure,2023-24,3441.8,1033,412.75
04-08-2023,Dongri Buzurg,Maharashtra,470.19,431.55,38.64,8.2,10.6,4,FALSE,0,83.6,92.6,transport_issue,2023-24,3441.8,1033,431.55
05-08-2023,Dongri Buzurg,Maharashtra,470.19,465.77,4.42,0.9,30.5,0,FALSE,0,84.3,96.3,transport_issue,2023-24,3441.8,1033,465.77
06-08-2023,Dongri Buzurg,Maharashtra,470.19,421.1,49.09,10.4,26.4,0,TRUE,5.5,75.9,96.3,transport_issue,2023-24,3441.8,1033,421.1
07-08-2023,Dongri Buzurg,Maharashtra,470.19,396.68,73.51,15.6,11.1,7.4,FALSE,0,78.8,93.6,transport_issue,2023-24,3441.8,1033,396.68
08-08-2023,Dongri Buzurg,Maharashtra,470.19,441.52,28.67,6.1,51.6,0,FALSE,0,79.3,91.8,heavy_rainfall,2023-24,3441.8,1033,441.52
09-08-2023,Dongri Buzurg,Maharashtra,470.19,442.51,27.68,5.9,27.5,0,FALSE,0,85.7,94.9,transport_issue,2023-24,3441.8,1033,442.51
10-08-2023,Dongri Buzurg,Maharashtra,470.19,437.49,32.7,7,48.2,0,FALSE,0,80.6,94.8,transport_issue,2023-24,3441.8,1033,437.49
11-08-2023,Dongri Buzurg,Maharashtra,470.19,439.18,31.01,6.6,17.9,0,FALSE,0,76.9,91.7,transport_issue,2023-24,3441.8,1033,439.18
12-08-2023,Dongri Buzurg,Maharashtra,470.19,438.98,31.21,6.6,43.4,0,FALSE,0,75.4,93.8,transport_issue,2023-24,3441.8,1033,438.98
13-08-2023,Dongri Buzurg,Maharashtra,470.19,459.84,10.35,2.2,18.2,0,FALSE,0,83.8,92.2,transport_issue,2023-24,3441.8,1033,459.84
14-08-2023,Dongri Buzurg,Maharashtra,470.19,396.45,73.74,15.7,13.4,5.9,FALSE,0,79.5,94.7,transport_issue,2023-24,3441.8,1033,396.45
15-08-2023,Dongri Buzurg,Maharashtra,470.19,452.63,17.56,3.7,15.8,0,FALSE,0,79.8,90.3,transport_issue,2023-24,3441.8,1033,452.63
16-08-2023,Dongri Buzurg,Maharashtra,470.19,442.76,27.43,5.8,16.3,0,FALSE,0,79.5,97,transport_issue,2023-24,3441.8,1033,442.76
17-08-2023,Dongri Buzurg,Maharashtra,470.19,414.3,55.89,11.9,12.7,4.1,FALSE,0,80.2,89.5,transport_issue,2023-24,3441.8,1033,414.3
18-08-2023,Dongri Buzurg,Maharashtra,470.19,450.83,19.36,4.1,43.4,0,FALSE,0,81,97.2,transport_issue,2023-24,3441.8,1033,450.83
19-08-2023,Dongri Buzurg,Maharashtra,470.19,458.29,11.9,2.5,27.2,0,FALSE,0,84.1,90.4,transport_issue,2023-24,3441.8,1033,458.29
20-08-2023,Dongri Buzurg,Maharashtra,470.19,446.65,23.54,5,46.5,0,TRUE,1.7,89.4,94.7,heavy_rainfall,2023-24,3441.8,1033,446.65
21-08-2023,Dongri Buzurg,Maharashtra,470.19,440.44,29.75,6.3,27.1,0,FALSE,0,86.8,94.4,transport_issue,2023-24,3441.8,1033,440.44
22-08-2023,Dongri Buzurg,Maharashtra,470.19,438.11,32.08,6.8,24.8,0,FALSE,0,78,93.8,transport_issue,2023-24,3441.8,1033,438.11
23-08-2023,Dongri Buzurg,Maharashtra,470.19,437.74,32.45,6.9,46.6,0,FALSE,0,81.8,97,transport_issue,2023-24,3441.8,1033,437.74
24-08-2023,Dongri Buzurg,Maharashtra,470.19,454.09,16.1,3.4,31,0,FALSE,0,82.1,88.2,transport_issue,2023-24,3441.8,1033,454.09
25-08-2023,Dongri Buzurg,Maharashtra,470.19,400.92,69.27,14.7,44.2,0,TRUE,5.3,75,93.3,transport_issue,2023-24,3441.8,1033,400.92
26-08-2023,Dongri Buzurg,Maharashtra,470.19,440.9,29.29,6.2,8.3,0,FALSE,0,82.3,94.9,transport_issue,2023-24,3441.8,1033,440.9
27-08-2023,Dongri Buzurg,Maharashtra,470.19,438.16,32.03,6.8,8,3.8,FALSE,0,84.5,98.3,transport_issue,2023-24,3441.8,1033,438.16
28-08-2023,Dongri Buzurg,Maharashtra,470.19,416.07,54.12,11.5,23.8,3.9,FALSE,0,75.8,94.9,transport_issue,2023-24,3441.8,1033,416.07
29-08-2023,Dongri Buzurg,Maharashtra,470.19,466.88,3.31,0.7,14.7,0,FALSE,0,88.2,92.2,transport_issue,2023-24,3441.8,1033,466.88
30-08-2023,Dongri Buzurg,Maharashtra,470.19,464.17,6.02,1.3,36.8,0,FALSE,0,84.6,100,transport_issue,2023-24,3441.8,1033,464.17
31-08-2023,Dongri Buzurg,Maharashtra,470.19,442.53,27.66,5.9,51.7,0,FALSE,0,74.7,94.2,transport_issue,2023-24,3441.8,1033,442.53
01-09-2023,Dongri Buzurg,Maharashtra,470.19,449.86,20.33,4.3,9.2,0,FALSE,0,79,94.4,transport_issue,2023-24,3441.8,1033,449.86
02-09-2023,Dongri Buzurg,Maharashtra,470.19,449.23,20.96,4.5,52.5,0,FALSE,0,74.8,97.4,transport_issue,2023-24,3441.8,1033,449.23
03-09-2023,Dongri Buzurg,Maharashtra,470.19,450.63,19.56,4.2,25.2,0,FALSE,0,77.1,92.1,transport_issue,2023-24,3441.8,1033,450.63
04-09-2023,Dongri Buzurg,Maharashtra,470.19,436.29,33.9,7.2,15.5,0,TRUE,1.8,83.4,98.5,transport_issue,2023-24,3441.8,1033,436.29
05-09-2023,Dongri Buzurg,Maharashtra,470.19,449.59,20.6,4.4,46.1,0,FALSE,0,85.3,100,heavy_rainfall,2023-24,3441.8,1033,449.59
06-09-2023,Dongri Buzurg,Maharashtra,470.19,454.9,15.29,3.3,15.3,0,FALSE,0,78.3,95.6,transport_issue,2023-24,3441.8,1033,454.9
07-09-2023,Dongri Buzurg,Maharashtra,470.19,429.17,41.02,8.7,34.7,0,FALSE,0,75.4,91,transport_issue,2023-24,3441.8,1033,429.17
08-09-2023,Dongri Buzurg,Maharashtra,470.19,445.07,25.12,5.3,37.9,0,FALSE,0,87,94.8,transport_issue,2023-24,3441.8,1033,445.07
09-09-2023,Dongri Buzurg,Maharashtra,470.19,460.87,9.32,2,1.6,0,FALSE,0,88.5,98.1,transport_issue,2023-24,3441.8,1033,460.87
10-09-2023,Dongri Buzurg,Maharashtra,470.19,453.69,16.5,3.5,39.1,0,FALSE,0,85.5,95.2,transport_issue,2023-24,3441.8,1033,453.69
11-09-2023,Dongri Buzurg,Maharashtra,470.19,447.37,22.82,4.9,23.5,0,FALSE,0,74.8,89.4,transport_issue,2023-24,3441.8,1033,447.37
12-09-2023,Dongri Buzurg,Maharashtra,470.19,455.16,15.03,3.2,32.4,0,FALSE,0,80.1,100,transport_issue,2023-24,3441.8,1033,455.16
13-09-2023,Dongri Buzurg,Maharashtra,470.19,457.98,12.21,2.6,7,0,FALSE,0,77.4,97.2,transport_issue,2023-24,3441.8,1033,457.98
14-09-2023,Dongri Buzurg,Maharashtra,470.19,442.05,28.14,6,57.8,0,FALSE,0,96.5,95.5,heavy_rainfall,2023-24,3441.8,1033,442.05
15-09-2023,Dongri Buzurg,Maharashtra,470.19,460.04,10.15,2.2,23.5,0,FALSE,0,79.3,99.2,transport_issue,2023-24,3441.8,1033,460.04
16-09-2023,Dongri Buzurg,Maharashtra,470.19,390.23,79.96,17,15.1,7.8,FALSE,0,84.9,93.7,equipment_failure,2023-24,3441.8,1033,390.23
17-09-2023,Dongri Buzurg,Maharashtra,470.19,450.28,19.91,4.2,11.6,0,FALSE,0,92.4,91.6,labour_shortage,2023-24,3441.8,1033,450.28
18-09-2023,Dongri Buzurg,Maharashtra,470.19,431.37,38.82,8.3,30.6,0,FALSE,0,78.8,90.9,transport_issue,2023-24,3441.8,1033,431.37
19-09-2023,Dongri Buzurg,Maharashtra,470.19,453.87,16.32,3.5,22.2,0,FALSE,0,93.2,87.7,labour_shortage,2023-24,3441.8,1033,453.87
20-09-2023,Dongri Buzurg,Maharashtra,470.19,450.5,19.69,4.2,23.2,0,FALSE,0,87.4,94.6,transport_issue,2023-24,3441.8,1033,450.5
21-09-2023,Dongri Buzurg,Maharashtra,470.19,379.89,90.3,19.2,41.9,6.8,FALSE,0,77.5,89.6,transport_issue,2023-24,3441.8,1033,379.89
22-09-2023,Dongri Buzurg,Maharashtra,470.19,442.83,27.36,5.8,19,0,FALSE,0,75.3,99.2,transport_issue,2023-24,3441.8,1033,442.83
23-09-2023,Dongri Buzurg,Maharashtra,470.19,457.97,12.22,2.6,9.8,0,FALSE,0,80,93,transport_issue,2023-24,3441.8,1033,457.97
24-09-2023,Dongri Buzurg,Maharashtra,470.19,473.07,-2.88,-0.6,15.5,0,FALSE,0,88.6,100,none,2023-24,3441.8,1033,473.07
25-09-2023,Dongri Buzurg,Maharashtra,470.19,459.29,10.9,2.3,57.2,0,FALSE,0,88.4,99.9,heavy_rainfall,2023-24,3441.8,1033,459.29
26-09-2023,Dongri Buzurg,Maharashtra,470.19,461.48,8.71,1.9,28.3,0,FALSE,0,88.1,100,transport_issue,2023-24,3441.8,1033,461.48
27-09-2023,Dongri Buzurg,Maharashtra,470.19,446.59,23.6,5,39.9,0,FALSE,0,75.4,91.6,transport_issue,2023-24,3441.8,1033,446.59
28-09-2023,Dongri Buzurg,Maharashtra,470.19,448.4,21.79,4.6,17.9,0,FALSE,0,86.2,94.5,transport_issue,2023-24,3441.8,1033,448.4
29-09-2023,Dongri Buzurg,Maharashtra,470.19,439.27,30.92,6.6,5.2,0,FALSE,0,78.6,94.5,transport_issue,2023-24,3441.8,1033,439.27
30-09-2023,Dongri Buzurg,Maharashtra,470.19,449.27,20.92,4.4,19.8,0,FALSE,0,77.6,93.6,transport_issue,2023-24,3441.8,1033,449.27
01-10-2023,Dongri Buzurg,Maharashtra,470.19,453.95,16.24,3.5,2.2,0,FALSE,0,92.4,90.1,labour_shortage,2023-24,3441.8,1033,453.95
02-10-2023,Dongri Buzurg,Maharashtra,470.19,457.95,12.24,2.6,2,0,FALSE,0,86,93.2,transport_issue,2023-24,3441.8,1033,457.95
03-10-2023,Dongri Buzurg,Maharashtra,470.19,478.36,-8.17,-1.7,6.6,0,FALSE,0,96.4,98.1,none,2023-24,3441.8,1033,478.36
04-10-2023,Dongri Buzurg,Maharashtra,470.19,464.51,5.68,1.2,2.9,0,FALSE,0,89.1,95.2,transport_issue,2023-24,3441.8,1033,464.51
05-10-2023,Dongri Buzurg,Maharashtra,470.19,447.06,23.13,4.9,0.7,0,FALSE,0,91.8,91.1,labour_shortage,2023-24,3441.8,1033,447.06
06-10-2023,Dongri Buzurg,Maharashtra,470.19,460.45,9.74,2.1,0.9,0,FALSE,0,95.2,88,labour_shortage,2023-24,3441.8,1033,460.45
07-10-2023,Dongri Buzurg,Maharashtra,470.19,450.69,19.5,4.1,3.3,0,FALSE,0,93,95,transport_issue,2023-24,3441.8,1033,450.69
08-10-2023,Dongri Buzurg,Maharashtra,470.19,466.42,3.77,0.8,0.8,0,FALSE,0,93.1,91.8,labour_shortage,2023-24,3441.8,1033,466.42
09-10-2023,Dongri Buzurg,Maharashtra,470.19,450.78,19.41,4.1,2.4,0,FALSE,0,90.2,99.6,transport_issue,2023-24,3441.8,1033,450.78
10-10-2023,Dongri Buzurg,Maharashtra,470.19,424.85,45.34,9.6,4,3.9,FALSE,0,86.7,92,transport_issue,2023-24,3441.8,1033,424.85
11-10-2023,Dongri Buzurg,Maharashtra,470.19,434.69,35.5,7.6,6.3,0,TRUE,4.9,100,96.7,blasting_delay,2023-24,3441.8,1033,434.69
12-10-2023,Dongri Buzurg,Maharashtra,470.19,468.7,1.49,0.3,4.3,0,FALSE,0,94.7,94.3,labour_shortage,2023-24,3441.8,1033,468.7
13-10-2023,Dongri Buzurg,Maharashtra,470.19,434.9,35.29,7.5,2.8,0,FALSE,0,83.6,86,transport_issue,2023-24,3441.8,1033,434.9
14-10-2023,Dongri Buzurg,Maharashtra,470.19,459.24,10.95,2.3,3.2,0,FALSE,0,84.2,95.2,transport_issue,2023-24,3441.8,1033,459.24
15-10-2023,Dongri Buzurg,Maharashtra,470.19,466.7,3.49,0.7,3.6,0,FALSE,0,95.7,93.1,labour_shortage,2023-24,3441.8,1033,466.7
16-10-2023,Dongri Buzurg,Maharashtra,470.19,474.39,-4.2,-0.9,2.3,0,FALSE,0,91.7,98.7,none,2023-24,3441.8,1033,474.39
17-10-2023,Dongri Buzurg,Maharashtra,470.19,458.95,11.24,2.4,0.7,0,FALSE,0,100,96,labour_shortage,2023-24,3441.8,1033,458.95
18-10-2023,Dongri Buzurg,Maharashtra,470.19,481.97,-11.78,-2.5,3,0,FALSE,0,100,97.9,none,2023-24,3441.8,1033,481.97
19-10-2023,Dongri Buzurg,Maharashtra,470.19,467.48,2.71,0.6,10,0,FALSE,0,100,91.4,labour_shortage,2023-24,3441.8,1033,467.48
20-10-2023,Dongri Buzurg,Maharashtra,470.19,460.83,9.36,2,1.2,0,FALSE,0,85.7,97.2,transport_issue,2023-24,3441.8,1033,460.83
21-10-2023,Dongri Buzurg,Maharashtra,470.19,458.72,11.47,2.4,1.2,0,FALSE,0,100,93.9,labour_shortage,2023-24,3441.8,1033,458.72
22-10-2023,Dongri Buzurg,Maharashtra,470.19,474.68,-4.49,-1,3.7,0,FALSE,0,98.8,90.1,none,2023-24,3441.8,1033,474.68
23-10-2023,Dongri Buzurg,Maharashtra,470.19,452.23,17.96,3.8,10.9,0,FALSE,0,97.8,92.1,labour_shortage,2023-24,3441.8,1033,452.23
24-10-2023,Dongri Buzurg,Maharashtra,470.19,451.71,18.48,3.9,4.6,0,FALSE,0,98.8,85.3,labour_shortage,2023-24,3441.8,1033,451.71
25-10-2023,Dongri Buzurg,Maharashtra,470.19,477,-6.81,-1.4,2.5,0,FALSE,0,95.2,96.7,none,2023-24,3441.8,1033,477
26-10-2023,Dongri Buzurg,Maharashtra,470.19,458.58,11.61,2.5,1.9,0,FALSE,0,84.1,88.5,transport_issue,2023-24,3441.8,1033,458.58
27-10-2023,Dongri Buzurg,Maharashtra,470.19,478.05,-7.86,-1.7,6.7,0,FALSE,0,100,99.8,none,2023-24,3441.8,1033,478.05
28-10-2023,Dongri Buzurg,Maharashtra,470.19,450.03,20.16,4.3,4,0,FALSE,0,89.3,91.1,transport_issue,2023-24,3441.8,1033,450.03
29-10-2023,Dongri Buzurg,Maharashtra,470.19,438.69,31.5,6.7,9.2,4.8,FALSE,0,94.6,91.4,equipment_failure,2023-24,3441.8,1033,438.69
30-10-2023,Dongri Buzurg,Maharashtra,470.19,476.35,-6.16,-1.3,1.5,0,FALSE,0,100,97,none,2023-24,3441.8,1033,476.35
31-10-2023,Dongri Buzurg,Maharashtra,470.19,446.49,23.7,5,4.3,0,FALSE,0,91.1,95.1,transport_issue,2023-24,3441.8,1033,446.49
01-11-2023,Dongri Buzurg,Maharashtra,470.19,468.58,1.61,0.3,1,0,FALSE,0,92.6,95.5,transport_issue,2023-24,3441.8,1033,468.58
02-11-2023,Dongri Buzurg,Maharashtra,470.19,461.63,8.56,1.8,4.4,0,FALSE,0,92.7,89.6,labour_shortage,2023-24,3441.8,1033,461.63
03-11-2023,Dongri Buzurg,Maharashtra,470.19,447.79,22.4,4.8,3.7,3.6,FALSE,0,100,89.7,labour_shortage,2023-24,3441.8,1033,447.79
04-11-2023,Dongri Buzurg,Maharashtra,470.19,442.13,28.06,6,1.3,0,FALSE,0,80.9,93.2,transport_issue,2023-24,3441.8,1033,442.13
05-11-2023,Dongri Buzurg,Maharashtra,470.19,475.44,-5.25,-1.1,2.6,0,FALSE,0,96.1,100,none,2023-24,3441.8,1033,475.44
06-11-2023,Dongri Buzurg,Maharashtra,470.19,470.39,-0.2,0,1,0,FALSE,0,93.1,91.8,none,2023-24,3441.8,1033,470.39
07-11-2023,Dongri Buzurg,Maharashtra,470.19,433.14,37.05,7.9,4.7,5.8,FALSE,0,95.5,94.6,equipment_failure,2023-24,3441.8,1033,433.14
08-11-2023,Dongri Buzurg,Maharashtra,470.19,481.6,-11.41,-2.4,1.5,0,FALSE,0,98,99.6,none,2023-24,3441.8,1033,481.6
09-11-2023,Dongri Buzurg,Maharashtra,470.19,458.66,11.53,2.5,6.8,0,FALSE,0,93.1,89.4,labour_shortage,2023-24,3441.8,1033,458.66
10-11-2023,Dongri Buzurg,Maharashtra,470.19,457.26,12.93,2.7,2.8,0,FALSE,0,82.8,97.4,transport_issue,2023-24,3441.8,1033,457.26
11-11-2023,Dongri Buzurg,Maharashtra,470.19,422.68,47.51,10.1,3.5,4.3,FALSE,0,79.9,90.2,transport_issue,2023-24,3441.8,1033,422.68
12-11-2023,Dongri Buzurg,Maharashtra,470.19,467.54,2.65,0.6,4.3,0,FALSE,0,99.8,100,none,2023-24,3441.8,1033,467.54
13-11-2023,Dongri Buzurg,Maharashtra,470.19,454.07,16.12,3.4,1.1,0,FALSE,0,90.7,96.4,transport_issue,2023-24,3441.8,1033,454.07
14-11-2023,Dongri Buzurg,Maharashtra,470.19,448.11,22.08,4.7,2.4,0,FALSE,0,90.8,90.5,labour_shortage,2023-24,3441.8,1033,448.11
15-11-2023,Dongri Buzurg,Maharashtra,470.19,455.4,14.79,3.1,4.7,0,FALSE,0,100,98.1,none,2023-24,3441.8,1033,455.4
16-11-2023,Dongri Buzurg,Maharashtra,470.19,447.87,22.32,4.7,4,0,FALSE,0,89.3,99.5,transport_issue,2023-24,3441.8,1033,447.87
17-11-2023,Dongri Buzurg,Maharashtra,470.19,463.17,7.02,1.5,2.9,0,FALSE,0,97.4,96.8,labour_shortage,2023-24,3441.8,1033,463.17
18-11-2023,Dongri Buzurg,Maharashtra,470.19,435.57,34.62,7.4,0.6,0,TRUE,1.9,86.6,96.9,transport_issue,2023-24,3441.8,1033,435.57
19-11-2023,Dongri Buzurg,Maharashtra,470.19,462.82,7.37,1.6,1.6,0,FALSE,0,86.5,93,transport_issue,2023-24,3441.8,1033,462.82
20-11-2023,Dongri Buzurg,Maharashtra,470.19,462.05,8.14,1.7,2.5,0,FALSE,0,98.1,94.2,labour_shortage,2023-24,3441.8,1033,462.05
21-11-2023,Dongri Buzurg,Maharashtra,470.19,467.08,3.11,0.7,0.4,0,FALSE,0,93.9,94.4,transport_issue,2023-24,3441.8,1033,467.08
22-11-2023,Dongri Buzurg,Maharashtra,470.19,476.21,-6.02,-1.3,2.5,0,FALSE,0,100,100,none,2023-24,3441.8,1033,476.21
23-11-2023,Dongri Buzurg,Maharashtra,470.19,461.75,8.44,1.8,4.1,0,FALSE,0,97.5,95.9,labour_shortage,2023-24,3441.8,1033,461.75
24-11-2023,Dongri Buzurg,Maharashtra,470.19,465.83,4.36,0.9,10.2,0,FALSE,0,93,95.6,transport_issue,2023-24,3441.8,1033,465.83
25-11-2023,Dongri Buzurg,Maharashtra,470.19,413.6,56.59,12,3.6,6.8,FALSE,0,88.9,92,equipment_failure,2023-24,3441.8,1033,413.6
26-11-2023,Dongri Buzurg,Maharashtra,470.19,457.06,13.13,2.8,2.2,0,FALSE,0,97.7,95.8,labour_shortage,2023-24,3441.8,1033,457.06
27-11-2023,Dongri Buzurg,Maharashtra,470.19,437.98,32.21,6.9,5.6,0,FALSE,0,84.1,92.6,transport_issue,2023-24,3441.8,1033,437.98
28-11-2023,Dongri Buzurg,Maharashtra,470.19,432.87,37.32,7.9,6,0,TRUE,2.1,86.7,94,transport_issue,2023-24,3441.8,1033,432.87
29-11-2023,Dongri Buzurg,Maharashtra,470.19,455.78,14.41,3.1,6.5,0,FALSE,0,95.4,100,transport_issue,2023-24,3441.8,1033,455.78
30-11-2023,Dongri Buzurg,Maharashtra,470.19,434.39,35.8,7.6,3.1,2.4,FALSE,0,87.9,93.8,transport_issue,2023-24,3441.8,1033,434.39
01-12-2023,Dongri Buzurg,Maharashtra,470.19,410.12,60.07,12.8,3,6.9,FALSE,0,89,95.8,equipment_failure,2023-24,3441.8,1033,410.12
02-12-2023,Dongri Buzurg,Maharashtra,470.19,464.74,5.45,1.2,1.7,0,FALSE,0,88,94.5,transport_issue,2023-24,3441.8,1033,464.74
03-12-2023,Dongri Buzurg,Maharashtra,470.19,460.09,10.1,2.1,4.5,0,FALSE,0,95.5,95.9,transport_issue,2023-24,3441.8,1033,460.09
04-12-2023,Dongri Buzurg,Maharashtra,470.19,455.57,14.62,3.1,1.3,2.6,FALSE,0,98.9,98.4,equipment_failure,2023-24,3441.8,1033,455.57
05-12-2023,Dongri Buzurg,Maharashtra,470.19,467.65,2.54,0.5,0.6,0,FALSE,0,90.2,99.8,transport_issue,2023-24,3441.8,1033,467.65
06-12-2023,Dongri Buzurg,Maharashtra,470.19,463.64,6.55,1.4,5.3,0,FALSE,0,90.1,92.9,transport_issue,2023-24,3441.8,1033,463.64
07-12-2023,Dongri Buzurg,Maharashtra,470.19,452.72,17.47,3.7,3.7,0,FALSE,0,89.5,96.7,transport_issue,2023-24,3441.8,1033,452.72
08-12-2023,Dongri Buzurg,Maharashtra,470.19,457.4,12.79,2.7,0.8,0,FALSE,0,90.8,99.1,transport_issue,2023-24,3441.8,1033,457.4
09-12-2023,Dongri Buzurg,Maharashtra,470.19,452.4,17.79,3.8,6.8,0,FALSE,0,96.2,95.2,labour_shortage,2023-24,3441.8,1033,452.4
10-12-2023,Dongri Buzurg,Maharashtra,470.19,451.99,18.2,3.9,10.9,2.3,FALSE,0,97.3,100,equipment_failure,2023-24,3441.8,1033,451.99
11-12-2023,Dongri Buzurg,Maharashtra,470.19,470,0.19,0,17.2,0,FALSE,0,94.7,96.3,transport_issue,2023-24,3441.8,1033,470
12-12-2023,Dongri Buzurg,Maharashtra,470.19,461.44,8.75,1.9,6.1,0,FALSE,0,100,100,none,2023-24,3441.8,1033,461.44
13-12-2023,Dongri Buzurg,Maharashtra,470.19,467.58,2.61,0.6,2.1,0,FALSE,0,97.5,96.9,labour_shortage,2023-24,3441.8,1033,467.58
14-12-2023,Dongri Buzurg,Maharashtra,470.19,462.71,7.48,1.6,7.6,0,FALSE,0,91.4,97.5,transport_issue,2023-24,3441.8,1033,462.71
15-12-2023,Dongri Buzurg,Maharashtra,470.19,477.6,-7.41,-1.6,3.4,0,FALSE,0,96.9,99.2,none,2023-24,3441.8,1033,477.6
16-12-2023,Dongri Buzurg,Maharashtra,470.19,465.64,4.55,1,1.5,0,FALSE,0,100,97.2,labour_shortage,2023-24,3441.8,1033,465.64
17-12-2023,Dongri Buzurg,Maharashtra,470.19,444.3,25.89,5.5,2.9,2.7,FALSE,0,96.3,93.1,labour_shortage,2023-24,3441.8,1033,444.3
18-12-2023,Dongri Buzurg,Maharashtra,470.19,454.92,15.27,3.2,2.4,0,FALSE,0,95.1,93.9,labour_shortage,2023-24,3441.8,1033,454.92
19-12-2023,Dongri Buzurg,Maharashtra,470.19,466,4.19,0.9,4.8,0,FALSE,0,92.9,95.7,transport_issue,2023-24,3441.8,1033,466
20-12-2023,Dongri Buzurg,Maharashtra,470.19,450.53,19.66,4.2,3.6,0,FALSE,0,100,87.6,labour_shortage,2023-24,3441.8,1033,450.53
21-12-2023,Dongri Buzurg,Maharashtra,470.19,462.98,7.21,1.5,6.7,0,FALSE,0,83.6,96.5,transport_issue,2023-24,3441.8,1033,462.98
22-12-2023,Dongri Buzurg,Maharashtra,470.19,461.44,8.75,1.9,0.8,0,FALSE,0,100,94.3,labour_shortage,2023-24,3441.8,1033,461.44
23-12-2023,Dongri Buzurg,Maharashtra,470.19,464.11,6.08,1.3,6.2,0,FALSE,0,98.2,99.9,none,2023-24,3441.8,1033,464.11
24-12-2023,Dongri Buzurg,Maharashtra,470.19,425.32,44.87,9.5,1.1,4.9,FALSE,0,85.3,87.4,transport_issue,2023-24,3441.8,1033,425.32
25-12-2023,Dongri Buzurg,Maharashtra,470.19,474.29,-4.1,-0.9,11.4,0,FALSE,0,97.5,95.4,none,2023-24,3441.8,1033,474.29
26-12-2023,Dongri Buzurg,Maharashtra,470.19,460.56,9.63,2,2.8,0,FALSE,0,96,92,labour_shortage,2023-24,3441.8,1033,460.56
27-12-2023,Dongri Buzurg,Maharashtra,470.19,464.75,5.44,1.2,2.1,0,FALSE,0,92.3,89,labour_shortage,2023-24,3441.8,1033,464.75
28-12-2023,Dongri Buzurg,Maharashtra,470.19,475.77,-5.58,-1.2,2.7,0,FALSE,0,99.7,95.9,none,2023-24,3441.8,1033,475.77
29-12-2023,Dongri Buzurg,Maharashtra,470.19,447.01,23.18,4.9,10.6,0,FALSE,0,85.3,100,transport_issue,2023-24,3441.8,1033,447.01
30-12-2023,Dongri Buzurg,Maharashtra,470.19,475.21,-5.02,-1.1,7.4,0,FALSE,0,97.2,95.3,none,2023-24,3441.8,1033,475.21
31-12-2023,Dongri Buzurg,Maharashtra,470.19,467.73,2.46,0.5,2.5,0,FALSE,0,98.1,96.5,labour_shortage,2023-24,3441.8,1033,467.73
01-01-2024,Dongri Buzurg,Maharashtra,470.19,458.48,11.71,2.5,1.7,0,TRUE,2.8,95.7,91.5,labour_shortage,2023-24,3441.8,1033,458.48
02-01-2024,Dongri Buzurg,Maharashtra,470.19,481.05,-10.86,-2.3,7.7,0,FALSE,0,99.8,97.2,none,2023-24,3441.8,1033,481.05
03-01-2024,Dongri Buzurg,Maharashtra,470.19,442.45,27.74,5.9,2.3,0,TRUE,5.4,93.2,97.5,blasting_delay,2023-24,3441.8,1033,442.45
04-01-2024,Dongri Buzurg,Maharashtra,470.19,467.08,3.11,0.7,1.2,0,FALSE,0,100,85.7,labour_shortage,2023-24,3441.8,1033,467.08
05-01-2024,Dongri Buzurg,Maharashtra,470.19,450.34,19.85,4.2,1.6,0,FALSE,0,94.9,93.8,labour_shortage,2023-24,3441.8,1033,450.34
06-01-2024,Dongri Buzurg,Maharashtra,470.19,450.31,19.88,4.2,3.7,0,FALSE,0,84.6,100,transport_issue,2023-24,3441.8,1033,450.31
07-01-2024,Dongri Buzurg,Maharashtra,470.19,445.13,25.06,5.3,2.5,0,FALSE,0,87.2,100,transport_issue,2023-24,3441.8,1033,445.13
08-01-2024,Dongri Buzurg,Maharashtra,470.19,449.17,21.02,4.5,19.9,0,FALSE,0,96.3,88.6,labour_shortage,2023-24,3441.8,1033,449.17
09-01-2024,Dongri Buzurg,Maharashtra,470.19,456.25,13.94,3,0.8,0,FALSE,0,91.4,98.6,transport_issue,2023-24,3441.8,1033,456.25
10-01-2024,Dongri Buzurg,Maharashtra,470.19,476.97,-6.78,-1.4,1.1,0,FALSE,0,95.4,100,none,2023-24,3441.8,1033,476.97
11-01-2024,Dongri Buzurg,Maharashtra,470.19,451.62,18.57,3.9,2,0,FALSE,0,89.7,92,transport_issue,2023-24,3441.8,1033,451.62
12-01-2024,Dongri Buzurg,Maharashtra,470.19,465.52,4.67,1,2.3,0,FALSE,0,99.5,91.9,labour_shortage,2023-24,3441.8,1033,465.52
13-01-2024,Dongri Buzurg,Maharashtra,470.19,464.79,5.4,1.1,2.9,0,FALSE,0,100,96.3,labour_shortage,2023-24,3441.8,1033,464.79
14-01-2024,Dongri Buzurg,Maharashtra,470.19,452.02,18.17,3.9,2.5,0,FALSE,0,100,89.9,labour_shortage,2023-24,3441.8,1033,452.02
15-01-2024,Dongri Buzurg,Maharashtra,470.19,444.68,25.51,5.4,2.1,0,FALSE,0,87.5,96.4,transport_issue,2023-24,3441.8,1033,444.68
16-01-2024,Dongri Buzurg,Maharashtra,470.19,469.97,0.22,0,4.1,0,FALSE,0,90.1,96.7,transport_issue,2023-24,3441.8,1033,469.97
17-01-2024,Dongri Buzurg,Maharashtra,470.19,464.38,5.81,1.2,2.8,0,FALSE,0,86.3,93.6,transport_issue,2023-24,3441.8,1033,464.38
18-01-2024,Dongri Buzurg,Maharashtra,470.19,448.52,21.67,4.6,0.4,0,FALSE,0,95.8,87.9,labour_shortage,2023-24,3441.8,1033,448.52
19-01-2024,Dongri Buzurg,Maharashtra,470.19,473.31,-3.12,-0.7,4.8,0,FALSE,0,97.2,95.1,none,2023-24,3441.8,1033,473.31
20-01-2024,Dongri Buzurg,Maharashtra,470.19,453.21,16.98,3.6,5.4,0,FALSE,0,100,91.1,labour_shortage,2023-24,3441.8,1033,453.21
21-01-2024,Dongri Buzurg,Maharashtra,470.19,450.5,19.69,4.2,6.3,0,FALSE,0,86.3,93.4,transport_issue,2023-24,3441.8,1033,450.5
22-01-2024,Dongri Buzurg,Maharashtra,470.19,450.9,19.29,4.1,4,0,FALSE,0,88.8,94.1,transport_issue,2023-24,3441.8,1033,450.9
23-01-2024,Dongri Buzurg,Maharashtra,470.19,442.31,27.88,5.9,3.6,0,TRUE,3.6,87.5,96,transport_issue,2023-24,3441.8,1033,442.31
24-01-2024,Dongri Buzurg,Maharashtra,470.19,392.77,77.42,16.5,5.1,9.9,FALSE,0,92.9,90.2,equipment_failure,2023-24,3441.8,1033,392.77
25-01-2024,Dongri Buzurg,Maharashtra,470.19,453.71,16.48,3.5,3.4,0,FALSE,0,94.1,91.6,labour_shortage,2023-24,3441.8,1033,453.71
26-01-2024,Dongri Buzurg,Maharashtra,470.19,452.45,17.74,3.8,1.9,0,FALSE,0,88.3,86.9,labour_shortage,2023-24,3441.8,1033,452.45
27-01-2024,Dongri Buzurg,Maharashtra,470.19,444.24,25.95,5.5,8.3,0,FALSE,0,81.7,94.7,transport_issue,2023-24,3441.8,1033,444.24
28-01-2024,Dongri Buzurg,Maharashtra,470.19,458.42,11.77,2.5,2,0,FALSE,0,93,93.8,transport_issue,2023-24,3441.8,1033,458.42
29-01-2024,Dongri Buzurg,Maharashtra,470.19,468.4,1.79,0.4,8.9,0,FALSE,0,91.9,94.8,transport_issue,2023-24,3441.8,1033,468.4
30-01-2024,Dongri Buzurg,Maharashtra,470.19,463.87,6.32,1.3,1.8,0,FALSE,0,100,92.4,labour_shortage,2023-24,3441.8,1033,463.87
31-01-2024,Dongri Buzurg,Maharashtra,470.19,456.31,13.88,3,1.8,0,FALSE,0,94.7,94.4,labour_shortage,2023-24,3441.8,1033,456.31
01-02-2024,Dongri Buzurg,Maharashtra,470.19,459.33,10.86,2.3,1.8,0,FALSE,0,86.5,89.8,transport_issue,2023-24,3441.8,1033,459.33
02-02-2024,Dongri Buzurg,Maharashtra,470.19,428.18,42.01,8.9,4.6,0,TRUE,5.6,94,95.5,blasting_delay,2023-24,3441.8,1033,428.18
03-02-2024,Dongri Buzurg,Maharashtra,470.19,398.38,71.81,15.3,7,4,TRUE,4.2,90.9,91.9,transport_issue,2023-24,3441.8,1033,398.38
04-02-2024,Dongri Buzurg,Maharashtra,470.19,459.28,10.91,2.3,2.7,0,FALSE,0,95.8,93.4,labour_shortage,2023-24,3441.8,1033,459.28
05-02-2024,Dongri Buzurg,Maharashtra,470.19,475.41,-5.22,-1.1,4.7,0,FALSE,0,98,95.4,none,2023-24,3441.8,1033,475.41
06-02-2024,Dongri Buzurg,Maharashtra,470.19,444.66,25.53,5.4,3.2,0,FALSE,0,86.2,90.3,transport_issue,2023-24,3441.8,1033,444.66
07-02-2024,Dongri Buzurg,Maharashtra,470.19,450.68,19.51,4.1,2,0,FALSE,0,91.8,87.9,labour_shortage,2023-24,3441.8,1033,450.68
08-02-2024,Dongri Buzurg,Maharashtra,470.19,459.67,10.52,2.2,4.3,0,FALSE,0,89.5,100,transport_issue,2023-24,3441.8,1033,459.67
09-02-2024,Dongri Buzurg,Maharashtra,470.19,414.73,55.46,11.8,5.9,6,FALSE,0,87.2,88.6,transport_issue,2023-24,3441.8,1033,414.73
10-02-2024,Dongri Buzurg,Maharashtra,470.19,478.06,-7.87,-1.7,7.3,0,FALSE,0,100,98.2,none,2023-24,3441.8,1033,478.06
11-02-2024,Dongri Buzurg,Maharashtra,470.19,424.23,45.96,9.8,1.6,3.3,FALSE,0,90.3,89.7,labour_shortage,2023-24,3441.8,1033,424.23
12-02-2024,Dongri Buzurg,Maharashtra,470.19,438.14,32.05,6.8,3.9,0,FALSE,0,86.3,90.5,transport_issue,2023-24,3441.8,1033,438.14
13-02-2024,Dongri Buzurg,Maharashtra,470.19,463.83,6.36,1.4,3.2,0,FALSE,0,86,97.3,transport_issue,2023-24,3441.8,1033,463.83
14-02-2024,Dongri Buzurg,Maharashtra,470.19,441.16,29.03,6.2,3.6,0,FALSE,0,86.6,91.1,transport_issue,2023-24,3441.8,1033,441.16
15-02-2024,Dongri Buzurg,Maharashtra,470.19,451.11,19.08,4.1,2.6,0,FALSE,0,78.7,89.5,transport_issue,2023-24,3441.8,1033,451.11
16-02-2024,Dongri Buzurg,Maharashtra,470.19,433.16,37.03,7.9,6,4.3,FALSE,0,89.1,89.7,transport_issue,2023-24,3441.8,1033,433.16
17-02-2024,Dongri Buzurg,Maharashtra,470.19,458.24,11.95,2.5,0.4,0,FALSE,0,95.9,100,transport_issue,2023-24,3441.8,1033,458.24
18-02-2024,Dongri Buzurg,Maharashtra,470.19,384.26,85.93,18.3,8.4,11.7,FALSE,0,99.3,92.8,equipment_failure,2023-24,3441.8,1033,384.26
19-02-2024,Dongri Buzurg,Maharashtra,470.19,474.63,-4.44,-0.9,4.4,0,FALSE,0,98.1,90.1,none,2023-24,3441.8,1033,474.63
20-02-2024,Dongri Buzurg,Maharashtra,470.19,458,12.19,2.6,3.1,0,FALSE,0,93.5,89.1,labour_shortage,2023-24,3441.8,1033,458
21-02-2024,Dongri Buzurg,Maharashtra,470.19,452.83,17.36,3.7,8.5,0,FALSE,0,100,94.2,labour_shortage,2023-24,3441.8,1033,452.83
22-02-2024,Dongri Buzurg,Maharashtra,470.19,463.62,6.57,1.4,1.3,0,FALSE,0,88.7,95.3,transport_issue,2023-24,3441.8,1033,463.62
23-02-2024,Dongri Buzurg,Maharashtra,470.19,445.04,25.15,5.3,3.1,0,FALSE,0,93.1,92.8,labour_shortage,2023-24,3441.8,1033,445.04
24-02-2024,Dongri Buzurg,Maharashtra,470.19,463.8,6.39,1.4,5,0,FALSE,0,91.3,100,transport_issue,2023-24,3441.8,1033,463.8
25-02-2024,Dongri Buzurg,Maharashtra,470.19,471.42,-1.23,-0.3,2.5,0,FALSE,0,90.1,97.8,none,2023-24,3441.8,1033,471.42
26-02-2024,Dongri Buzurg,Maharashtra,470.19,435.82,34.37,7.3,1.9,3,FALSE,0,100,86.4,labour_shortage,2023-24,3441.8,1033,435.82
27-02-2024,Dongri Buzurg,Maharashtra,470.19,435.95,34.24,7.3,1.9,0,FALSE,0,81.2,92.2,transport_issue,2023-24,3441.8,1033,435.95
28-02-2024,Dongri Buzurg,Maharashtra,470.19,439.88,30.31,6.4,5.1,5.4,FALSE,0,97.2,97.4,equipment_failure,2023-24,3441.8,1033,439.88
29-02-2024,Dongri Buzurg,Maharashtra,470.19,443.24,26.95,5.7,4.2,3.5,FALSE,0,100,95.7,equipment_failure,2023-24,3441.8,1033,443.24
01-03-2024,Dongri Buzurg,Maharashtra,470.19,475.39,-5.2,-1.1,6.7,0,FALSE,0,95.8,94.5,none,2023-24,3441.8,1033,475.39
02-03-2024,Dongri Buzurg,Maharashtra,470.19,451.67,18.52,3.9,4.7,0,FALSE,0,91.7,86.7,labour_shortage,2023-24,3441.8,1033,451.67
03-03-2024,Dongri Buzurg,Maharashtra,470.19,457.88,12.31,2.6,4.5,0,FALSE,0,95.3,99.5,transport_issue,2023-24,3441.8,1033,457.88
04-03-2024,Dongri Buzurg,Maharashtra,470.19,456.05,14.14,3,5.9,0,FALSE,0,97.5,90.9,labour_shortage,2023-24,3441.8,1033,456.05
05-03-2024,Dongri Buzurg,Maharashtra,470.19,467.56,2.63,0.6,3.1,0,FALSE,0,97.6,91.6,labour_shortage,2023-24,3441.8,1033,467.56
06-03-2024,Dongri Buzurg,Maharashtra,470.19,444.05,26.14,5.6,5.4,0,TRUE,4.5,100,98.7,blasting_delay,2023-24,3441.8,1033,444.05
07-03-2024,Dongri Buzurg,Maharashtra,470.19,469.79,0.4,0.1,3.4,0,TRUE,2.1,99.4,97,blasting_delay,2023-24,3441.8,1033,469.79
08-03-2024,Dongri Buzurg,Maharashtra,470.19,456.78,13.41,2.9,0.6,0,FALSE,0,89.2,88.8,labour_shortage,2023-24,3441.8,1033,456.78
09-03-2024,Dongri Buzurg,Maharashtra,470.19,438.62,31.57,6.7,4.5,0,TRUE,3.6,89.8,96.8,transport_issue,2023-24,3441.8,1033,438.62
10-03-2024,Dongri Buzurg,Maharashtra,470.19,420.42,49.77,10.6,1.8,6.1,FALSE,0,99.2,98.1,equipment_failure,2023-24,3441.8,1033,420.42
11-03-2024,Dongri Buzurg,Maharashtra,470.19,448.84,21.35,4.5,0.4,0,FALSE,0,91,100,transport_issue,2023-24,3441.8,1033,448.84
12-03-2024,Dongri Buzurg,Maharashtra,470.19,456.64,13.55,2.9,0.5,0,FALSE,0,100,91.6,labour_shortage,2023-24,3441.8,1033,456.64
13-03-2024,Dongri Buzurg,Maharashtra,470.19,468.95,1.24,0.3,7,0,FALSE,0,97,93.5,labour_shortage,2023-24,3441.8,1033,468.95
14-03-2024,Dongri Buzurg,Maharashtra,470.19,450.32,19.87,4.2,1.4,0,FALSE,0,97.5,94.2,labour_shortage,2023-24,3441.8,1033,450.32
15-03-2024,Dongri Buzurg,Maharashtra,470.19,429.92,40.27,8.6,1.4,0,TRUE,2.4,84.3,94.9,transport_issue,2023-24,3441.8,1033,429.92
16-03-2024,Dongri Buzurg,Maharashtra,470.19,433.62,36.57,7.8,13,3.3,FALSE,0,84.1,85.8,transport_issue,2023-24,3441.8,1033,433.62
17-03-2024,Dongri Buzurg,Maharashtra,470.19,452.42,17.77,3.8,10.2,0,FALSE,0,88,98.9,transport_issue,2023-24,3441.8,1033,452.42
18-03-2024,Dongri Buzurg,Maharashtra,470.19,447.49,22.7,4.8,1.3,0,FALSE,0,95.3,92.4,labour_shortage,2023-24,3441.8,1033,447.49
19-03-2024,Dongri Buzurg,Maharashtra,470.19,377.06,93.13,19.8,2.7,11.5,FALSE,0,84,95.3,equipment_failure,2023-24,3441.8,1033,377.06
20-03-2024,Dongri Buzurg,Maharashtra,470.19,447.34,22.85,4.9,1.6,0,FALSE,0,86.6,96,transport_issue,2023-24,3441.8,1033,447.34
21-03-2024,Dongri Buzurg,Maharashtra,470.19,456.34,13.85,2.9,1.1,0,FALSE,0,88.4,89.7,transport_issue,2023-24,3441.8,1033,456.34
22-03-2024,Dongri Buzurg,Maharashtra,470.19,450.04,20.15,4.3,5.4,0,FALSE,0,91.7,93.5,transport_issue,2023-24,3441.8,1033,450.04
23-03-2024,Dongri Buzurg,Maharashtra,470.19,464.33,5.86,1.2,7.1,0,FALSE,0,87.9,100,transport_issue,2023-24,3441.8,1033,464.33
24-03-2024,Dongri Buzurg,Maharashtra,470.19,445.07,25.12,5.3,3.2,0,FALSE,0,83.6,97,transport_issue,2023-24,3441.8,1033,445.07
25-03-2024,Dongri Buzurg,Maharashtra,470.19,457.88,12.31,2.6,4.3,0,FALSE,0,95.7,89.1,labour_shortage,2023-24,3441.8,1033,457.88
26-03-2024,Dongri Buzurg,Maharashtra,470.19,453.87,16.32,3.5,5.4,0,FALSE,0,97.9,86.2,labour_shortage,2023-24,3441.8,1033,453.87
27-03-2024,Dongri Buzurg,Maharashtra,470.19,468.28,1.91,0.4,1.7,0,FALSE,0,92.3,95.2,transport_issue,2023-24,3441.8,1033,468.28
28-03-2024,Dongri Buzurg,Maharashtra,470.19,457.38,12.81,2.7,3.2,0,FALSE,0,82.8,98.8,transport_issue,2023-24,3441.8,1033,457.38
29-03-2024,Dongri Buzurg,Maharashtra,470.19,452.45,17.74,3.8,3,0,FALSE,0,83.4,97.8,transport_issue,2023-24,3441.8,1033,452.45
30-03-2024,Dongri Buzurg,Maharashtra,470.19,457.82,12.37,2.6,7.2,0,FALSE,0,83,98.3,transport_issue,2023-24,3441.8,1033,457.82
31-03-2024,Dongri Buzurg,Maharashtra,470.19,460.62,9.57,2,4.9,0,FALSE,0,90.3,90.1,labour_shortage,2023-24,3441.8,1033,460.62
01-04-2024,Balaghat,Madhya Pradesh,3073.97,2955.03,118.94,3.9,11.4,0,FALSE,0,94.1,92.2,labour_shortage,,,,2955.03
02-04-2024,Balaghat,Madhya Pradesh,3073.97,3004.74,69.23,2.3,1.2,0,FALSE,0,85.4,95.2,transport_issue,,,,3004.74
03-04-2024,Balaghat,Madhya Pradesh,3073.97,3100.68,-26.71,-0.9,1.8,0,FALSE,0,100,100,none,,,,3100.68
04-04-2024,Balaghat,Madhya Pradesh,3073.97,2961.63,112.34,3.7,4.1,0,FALSE,0,91,94.8,transport_issue,,,,2961.63
05-04-2024,Balaghat,Madhya Pradesh,3073.97,3095.83,-21.86,-0.7,5.1,0,FALSE,0,94.8,96.4,none,,,,3095.83
06-04-2024,Balaghat,Madhya Pradesh,3073.97,2961.8,112.17,3.6,3.3,0,FALSE,0,93.4,90.5,labour_shortage,,,,2961.8
07-04-2024,Balaghat,Madhya Pradesh,3073.97,2888.18,185.79,6,6.1,0,FALSE,0,90.5,90,labour_shortage,,,,2888.18
08-04-2024,Balaghat,Madhya Pradesh,3073.97,2920.85,153.12,5,3.2,0,FALSE,0,92.3,91.6,labour_shortage,,,,2920.85
09-04-2024,Balaghat,Madhya Pradesh,3073.97,2751.48,322.49,10.5,1.6,7.9,FALSE,0,99.2,94.4,equipment_failure,,,,2751.48
10-04-2024,Balaghat,Madhya Pradesh,3073.97,3076.2,-2.23,-0.1,2.5,0,FALSE,0,95.2,96.3,none,,,,3076.2
11-04-2024,Balaghat,Madhya Pradesh,3073.97,2886.34,187.63,6.1,5.3,0,FALSE,0,82.1,96.5,transport_issue,,,,2886.34
12-04-2024,Balaghat,Madhya Pradesh,3073.97,2983.34,90.63,2.9,4.5,0,FALSE,0,97.1,91.3,labour_shortage,,,,2983.34
13-04-2024,Balaghat,Madhya Pradesh,3073.97,2809.03,264.94,8.6,3.9,6,FALSE,0,94.1,98.5,equipment_failure,,,,2809.03
14-04-2024,Balaghat,Madhya Pradesh,3073.97,3070.14,3.83,0.1,2.3,0,FALSE,0,93.8,92.3,labour_shortage,,,,3070.14
15-04-2024,Balaghat,Madhya Pradesh,3073.97,2970.8,103.17,3.4,4.1,0,FALSE,0,90.6,95.2,transport_issue,,,,2970.8
16-04-2024,Balaghat,Madhya Pradesh,3073.97,3001,72.97,2.4,2.5,0,FALSE,0,91.9,93.4,transport_issue,,,,3001
17-04-2024,Balaghat,Madhya Pradesh,3073.97,2916.75,157.22,5.1,4.5,0,FALSE,0,81.7,100,transport_issue,,,,2916.75
18-04-2024,Balaghat,Madhya Pradesh,3073.97,2880.45,193.52,6.3,3.2,0,FALSE,0,88.2,89.8,transport_issue,,,,2880.45
19-04-2024,Balaghat,Madhya Pradesh,3073.97,2941.23,132.74,4.3,5.6,0,TRUE,2.5,94.9,96.3,transport_issue,,,,2941.23
20-04-2024,Balaghat,Madhya Pradesh,3073.97,2914.45,159.52,5.2,0.2,0,TRUE,4.4,96,95.8,blasting_delay,,,,2914.45
21-04-2024,Balaghat,Madhya Pradesh,3073.97,2980.07,93.9,3.1,8,0,FALSE,0,95.6,94.1,labour_shortage,,,,2980.07
22-04-2024,Balaghat,Madhya Pradesh,3073.97,2863.37,210.6,6.9,2.3,2.4,FALSE,0,96.1,96.4,equipment_failure,,,,2863.37
23-04-2024,Balaghat,Madhya Pradesh,3073.97,3067.21,6.76,0.2,4.9,0,FALSE,0,95.1,94.8,labour_shortage,,,,3067.21
24-04-2024,Balaghat,Madhya Pradesh,3073.97,2955.2,118.77,3.9,3.9,0,FALSE,0,94.5,94.6,transport_issue,,,,2955.2
25-04-2024,Balaghat,Madhya Pradesh,3073.97,2714.66,359.31,11.7,7.8,0,TRUE,4.9,89,87.1,labour_shortage,,,,2714.66
26-04-2024,Balaghat,Madhya Pradesh,3073.97,3020.69,53.28,1.7,5.7,0,FALSE,0,90.3,96.7,transport_issue,,,,3020.69
27-04-2024,Balaghat,Madhya Pradesh,3073.97,2936.63,137.34,4.5,2.2,0,FALSE,0,78.8,98.8,transport_issue,,,,2936.63
28-04-2024,Balaghat,Madhya Pradesh,3073.97,2916.34,157.63,5.1,1.8,0,FALSE,0,81.9,95.2,transport_issue,,,,2916.34
29-04-2024,Balaghat,Madhya Pradesh,3073.97,2987.23,86.74,2.8,3.3,0,FALSE,0,94.9,95.3,transport_issue,,,,2987.23
30-04-2024,Balaghat,Madhya Pradesh,3073.97,2886.63,187.34,6.1,0.5,0,FALSE,0,86.3,89.8,transport_issue,,,,2886.63
01-05-2024,Balaghat,Madhya Pradesh,3073.97,2952.68,121.29,3.9,6.1,0,FALSE,0,86.2,100,transport_issue,,,,2952.68
02-05-2024,Balaghat,Madhya Pradesh,3073.97,3032.78,41.19,1.3,3.3,0,FALSE,0,100,92.6,labour_shortage,,,,3032.78
03-05-2024,Balaghat,Madhya Pradesh,3073.97,2964.9,109.07,3.5,3.9,0,FALSE,0,87.9,94,transport_issue,,,,2964.9
04-05-2024,Balaghat,Madhya Pradesh,3073.97,3011.99,61.98,2,5.2,0,FALSE,0,92.5,87.1,labour_shortage,,,,3011.99
05-05-2024,Balaghat,Madhya Pradesh,3073.97,2940.52,133.45,4.3,1.7,0,FALSE,0,92,95.4,transport_issue,,,,2940.52
06-05-2024,Balaghat,Madhya Pradesh,3073.97,2777.32,296.65,9.7,0.9,5.9,FALSE,0,98.6,92.6,equipment_failure,,,,2777.32
07-05-2024,Balaghat,Madhya Pradesh,3073.97,2989.67,84.3,2.7,1.9,0,FALSE,0,95,97.8,transport_issue,,,,2989.67
08-05-2024,Balaghat,Madhya Pradesh,3073.97,2861.56,212.41,6.9,2.2,0,TRUE,4.5,100,96.9,blasting_delay,,,,2861.56
09-05-2024,Balaghat,Madhya Pradesh,3073.97,3035.07,38.9,1.3,6.8,0,TRUE,1.2,91,95.4,transport_issue,,,,3035.07
10-05-2024,Balaghat,Madhya Pradesh,3073.97,2823.99,249.98,8.1,9.2,2.3,TRUE,1.5,89.9,100,transport_issue,,,,2823.99
11-05-2024,Balaghat,Madhya Pradesh,3073.97,2947.33,126.64,4.1,3.2,0,FALSE,0,91,86,labour_shortage,,,,2947.33
12-05-2024,Balaghat,Madhya Pradesh,3073.97,3044.84,29.13,0.9,5.5,0,FALSE,0,83.6,99.9,transport_issue,,,,3044.84
13-05-2024,Balaghat,Madhya Pradesh,3073.97,3077.58,-3.61,-0.1,5.6,0,FALSE,0,95.8,97.6,none,,,,3077.58
14-05-2024,Balaghat,Madhya Pradesh,3073.97,2953.18,120.79,3.9,5.5,0,FALSE,0,89.2,86.2,labour_shortage,,,,2953.18
15-05-2024,Balaghat,Madhya Pradesh,3073.97,3051.76,22.21,0.7,0.4,0,FALSE,0,100,93.8,labour_shortage,,,,3051.76
16-05-2024,Balaghat,Madhya Pradesh,3073.97,2966.17,107.8,3.5,3,0,FALSE,0,88.1,98.7,transport_issue,,,,2966.17
17-05-2024,Balaghat,Madhya Pradesh,3073.97,2688.08,385.89,12.6,3.6,6.9,FALSE,0,95.2,94.5,equipment_failure,,,,2688.08
18-05-2024,Balaghat,Madhya Pradesh,3073.97,2975.77,98.2,3.2,1.6,0,FALSE,0,100,93.5,labour_shortage,,,,2975.77
19-05-2024,Balaghat,Madhya Pradesh,3073.97,2924.58,149.39,4.9,2.4,0,FALSE,0,96.9,91,labour_shortage,,,,2924.58
20-05-2024,Balaghat,Madhya Pradesh,3073.97,3002.26,71.71,2.3,3.9,0,FALSE,0,87.2,97.1,transport_issue,,,,3002.26
21-05-2024,Balaghat,Madhya Pradesh,3073.97,2946.47,127.5,4.1,4.8,0,TRUE,2.7,89.9,99.8,transport_issue,,,,2946.47
22-05-2024,Balaghat,Madhya Pradesh,3073.97,2605.96,468.01,15.2,3.8,7.3,FALSE,0,90.6,99.2,equipment_failure,,,,2605.96
23-05-2024,Balaghat,Madhya Pradesh,3073.97,2744.1,329.87,10.7,4.4,6.2,FALSE,0,88.9,95.9,equipment_failure,,,,2744.1
24-05-2024,Balaghat,Madhya Pradesh,3073.97,2970.38,103.59,3.4,2.4,0,FALSE,0,80.1,90.8,transport_issue,,,,2970.38
25-05-2024,Balaghat,Madhya Pradesh,3073.97,2909.96,164.01,5.3,4.8,0,FALSE,0,87.9,93.6,transport_issue,,,,2909.96
26-05-2024,Balaghat,Madhya Pradesh,3073.97,2871.41,202.56,6.6,4.6,0,FALSE,0,88.1,89.6,transport_issue,,,,2871.41
27-05-2024,Balaghat,Madhya Pradesh,3073.97,3069.91,4.06,0.1,9.7,0,FALSE,0,98.9,91.6,labour_shortage,,,,3069.91
28-05-2024,Balaghat,Madhya Pradesh,3073.97,3001.56,72.41,2.4,5,0,FALSE,0,96.1,95.4,labour_shortage,,,,3001.56
29-05-2024,Balaghat,Madhya Pradesh,3073.97,2798.08,275.89,9,6.9,0,TRUE,5,89.7,95.5,transport_issue,,,,2798.08
30-05-2024,Balaghat,Madhya Pradesh,3073.97,2962.41,111.56,3.6,0.9,0,TRUE,2.8,92.3,97.7,transport_issue,,,,2962.41
31-05-2024,Balaghat,Madhya Pradesh,3073.97,3008.92,65.05,2.1,1.7,0,FALSE,0,86.9,96.2,transport_issue,,,,3008.92
01-06-2024,Balaghat,Madhya Pradesh,3073.97,2491.57,582.4,18.9,157.5,0,FALSE,0,85.7,92.3,heavy_rainfall,,,,2491.57
02-06-2024,Balaghat,Madhya Pradesh,3073.97,2708.13,365.84,11.9,18.2,3.3,TRUE,3.5,90.5,93.2,transport_issue,,,,2708.13
03-06-2024,Balaghat,Madhya Pradesh,3073.97,2995.47,78.5,2.6,38.3,0,FALSE,0,80.9,97.6,transport_issue,,,,2995.47
04-06-2024,Balaghat,Madhya Pradesh,3073.97,2937.91,136.06,4.4,18.1,0,FALSE,0,77.6,94,transport_issue,,,,2937.91
05-06-2024,Balaghat,Madhya Pradesh,3073.97,2704.5,369.47,12,15,3.8,FALSE,0,84.2,92.9,transport_issue,,,,2704.5
06-06-2024,Balaghat,Madhya Pradesh,3073.97,2907.07,166.9,5.4,60.7,0,FALSE,0,87.1,99.8,heavy_rainfall,,,,2907.07
07-06-2024,Balaghat,Madhya Pradesh,3073.97,2886.11,187.86,6.1,22,0,FALSE,0,83.6,91.9,transport_issue,,,,2886.11
08-06-2024,Balaghat,Madhya Pradesh,3073.97,2931.19,142.78,4.6,5.9,0,FALSE,0,86.5,93.2,transport_issue,,,,2931.19
09-06-2024,Balaghat,Madhya Pradesh,3073.97,2834.05,239.92,7.8,11.4,2.9,FALSE,0,81.2,94.6,transport_issue,,,,2834.05
10-06-2024,Balaghat,Madhya Pradesh,3073.97,2920.55,153.42,5,42.4,0,FALSE,0,83.9,94.9,heavy_rainfall,,,,2920.55
11-06-2024,Balaghat,Madhya Pradesh,3073.97,2951.25,122.72,4,24.8,0,FALSE,0,79,96.6,transport_issue,,,,2951.25
12-06-2024,Balaghat,Madhya Pradesh,3073.97,2998.01,75.96,2.5,27.5,0,FALSE,0,85.4,96.7,transport_issue,,,,2998.01
13-06-2024,Balaghat,Madhya Pradesh,3073.97,2538.47,535.5,17.4,25.4,6.4,FALSE,0,75.6,95,transport_issue,,,,2538.47
14-06-2024,Balaghat,Madhya Pradesh,3073.97,2864.84,209.13,6.8,42.9,0,FALSE,0,84.8,91.6,heavy_rainfall,,,,2864.84
15-06-2024,Balaghat,Madhya Pradesh,3073.97,2884.62,189.35,6.2,35.6,0,FALSE,0,73.5,99.3,transport_issue,,,,2884.62
16-06-2024,Balaghat,Madhya Pradesh,3073.97,2805.44,268.53,8.7,48.7,0,FALSE,0,74.7,91.5,heavy_rainfall,,,,2805.44
17-06-2024,Balaghat,Madhya Pradesh,3073.97,2967.04,106.93,3.5,16.2,0,FALSE,0,80.4,96.6,transport_issue,,,,2967.04
18-06-2024,Balaghat,Madhya Pradesh,3073.97,2994.96,79.01,2.6,37.3,0,FALSE,0,84.1,100,transport_issue,,,,2994.96
19-06-2024,Balaghat,Madhya Pradesh,3073.97,2861.15,212.82,6.9,9.7,0,TRUE,2.9,92.9,98.2,transport_issue,,,,2861.15
20-06-2024,Balaghat,Madhya Pradesh,3073.97,2967.61,106.36,3.5,43.7,0,FALSE,0,82.5,93.5,heavy_rainfall,,,,2967.61
21-06-2024,Balaghat,Madhya Pradesh,3073.97,2882.68,191.29,6.2,25.6,0,FALSE,0,80.2,91.7,transport_issue,,,,2882.68
22-06-2024,Balaghat,Madhya Pradesh,3073.97,3031.65,42.32,1.4,34.9,0,FALSE,0,85.3,95.1,transport_issue,,,,3031.65
23-06-2024,Balaghat,Madhya Pradesh,3073.97,3108.89,-34.92,-1.1,30.1,0,FALSE,0,95.9,97.6,none,,,,3108.89
24-06-2024,Balaghat,Madhya Pradesh,3073.97,2953.64,120.33,3.9,32.7,0,FALSE,0,80.3,100,transport_issue,,,,2953.64
25-06-2024,Balaghat,Madhya Pradesh,3073.97,2878.17,195.8,6.4,6.6,0,FALSE,0,74.3,94.7,transport_issue,,,,2878.17
26-06-2024,Balaghat,Madhya Pradesh,3073.97,2777.61,296.36,9.6,12.6,3,FALSE,0,81,89,transport_issue,,,,2777.61
27-06-2024,Balaghat,Madhya Pradesh,3073.97,2967.28,106.69,3.5,35.4,0,FALSE,0,76.7,94.1,transport_issue,,,,2967.28
28-06-2024,Balaghat,Madhya Pradesh,3073.97,2865.33,208.64,6.8,34.8,0,FALSE,0,75.4,89.7,transport_issue,,,,2865.33
29-06-2024,Balaghat,Madhya Pradesh,3073.97,2746.51,327.46,10.7,46.8,0,TRUE,1.6,80.4,93,heavy_rainfall,,,,2746.51
30-06-2024,Balaghat,Madhya Pradesh,3073.97,2977.39,96.58,3.1,29.9,0,FALSE,0,83.6,99.3,transport_issue,,,,2977.39
01-07-2024,Balaghat,Madhya Pradesh,3073.97,2817.67,256.3,8.3,67.7,0,FALSE,0,73.4,92.2,heavy_rainfall,,,,2817.67
02-07-2024,Balaghat,Madhya Pradesh,3073.97,2638.81,435.16,14.2,73.6,4.6,FALSE,0,85.1,96.6,heavy_rainfall,,,,2638.81
03-07-2024,Balaghat,Madhya Pradesh,3073.97,2922.17,151.8,4.9,27.6,0,FALSE,0,81.5,86,transport_issue,,,,2922.17
04-07-2024,Balaghat,Madhya Pradesh,3073.97,2821.31,252.66,8.2,34.4,0,TRUE,3.5,80.7,93.1,transport_issue,,,,2821.31
05-07-2024,Balaghat,Madhya Pradesh,3073.97,2978.47,95.5,3.1,31.9,0,FALSE,0,79.3,92.9,transport_issue,,,,2978.47
06-07-2024,Balaghat,Madhya Pradesh,3073.97,2657.28,416.69,13.6,24.9,7.2,FALSE,0,78.3,96.3,transport_issue,,,,2657.28
07-07-2024,Balaghat,Madhya Pradesh,3073.97,2866.59,207.38,6.7,42.7,0,FALSE,0,80.5,96.6,transport_issue,,,,2866.59
08-07-2024,Balaghat,Madhya Pradesh,3073.97,2877.67,196.3,6.4,7.9,0,FALSE,0,82,92.7,transport_issue,,,,2877.67
09-07-2024,Balaghat,Madhya Pradesh,3073.97,2877.28,196.69,6.4,26.9,0,TRUE,1.8,86.9,97.4,transport_issue,,,,2877.28
10-07-2024,Balaghat,Madhya Pradesh,3073.97,2956.64,117.33,3.8,21.3,0,FALSE,0,81.2,96.8,transport_issue,,,,2956.64
11-07-2024,Balaghat,Madhya Pradesh,3073.97,2889.76,184.21,6,14.7,0,FALSE,0,78.8,99.4,transport_issue,,,,2889.76
12-07-2024,Balaghat,Madhya Pradesh,3073.97,2766.36,307.61,10,29.6,3.8,FALSE,0,84.4,100,transport_issue,,,,2766.36
13-07-2024,Balaghat,Madhya Pradesh,3073.97,2543.52,530.45,17.3,18.7,7,FALSE,0,81.2,85.9,transport_issue,,,,2543.52
14-07-2024,Balaghat,Madhya Pradesh,3073.97,2973.6,100.37,3.3,24.9,0,FALSE,0,87.8,97.8,transport_issue,,,,2973.6
15-07-2024,Balaghat,Madhya Pradesh,3073.97,2955.67,118.3,3.8,10.9,0,FALSE,0,73.4,92.7,transport_issue,,,,2955.67
16-07-2024,Balaghat,Madhya Pradesh,3073.97,2959.01,114.96,3.7,14.3,0,FALSE,0,90.3,100,transport_issue,,,,2959.01
17-07-2024,Balaghat,Madhya Pradesh,3073.97,2898.3,175.67,5.7,33.3,0,FALSE,0,86.3,93.4,transport_issue,,,,2898.3
18-07-2024,Balaghat,Madhya Pradesh,3073.97,2842.58,231.39,7.5,10.7,0,FALSE,0,77.7,98.6,transport_issue,,,,2842.58
19-07-2024,Balaghat,Madhya Pradesh,3073.97,2945.2,128.77,4.2,26.6,0,FALSE,0,77.9,91.4,transport_issue,,,,2945.2
20-07-2024,Balaghat,Madhya Pradesh,3073.97,2884.36,189.61,6.2,29.7,0,FALSE,0,87.5,93.2,transport_issue,,,,2884.36
21-07-2024,Balaghat,Madhya Pradesh,3073.97,2783.01,290.96,9.5,7,2.6,FALSE,0,82,96.1,transport_issue,,,,2783.01
22-07-2024,Balaghat,Madhya Pradesh,3073.97,2946.27,127.7,4.2,33.3,0,FALSE,0,89.8,94.2,transport_issue,,,,2946.27
23-07-2024,Balaghat,Madhya Pradesh,3073.97,3032.99,40.98,1.3,29.1,0,FALSE,0,83.5,94.6,transport_issue,,,,3032.99
24-07-2024,Balaghat,Madhya Pradesh,3073.97,2778.85,295.12,9.6,27.6,4.6,FALSE,0,79.5,92.2,transport_issue,,,,2778.85
25-07-2024,Balaghat,Madhya Pradesh,3073.97,3054.62,19.35,0.6,7.9,0,FALSE,0,88.7,91.7,transport_issue,,,,3054.62
26-07-2024,Balaghat,Madhya Pradesh,3073.97,2815.86,258.11,8.4,44,0,FALSE,0,72.5,100,transport_issue,,,,2815.86
27-07-2024,Balaghat,Madhya Pradesh,3073.97,2711.76,362.21,11.8,72.6,0,TRUE,3.9,90.2,87.8,heavy_rainfall,,,,2711.76
28-07-2024,Balaghat,Madhya Pradesh,3073.97,2965.75,108.22,3.5,35,0,FALSE,0,88,95.2,transport_issue,,,,2965.75
29-07-2024,Balaghat,Madhya Pradesh,3073.97,2809.81,264.16,8.6,2.7,2.7,FALSE,0,87.3,88.3,transport_issue,,,,2809.81
30-07-2024,Balaghat,Madhya Pradesh,3073.97,3017.65,56.32,1.8,38.4,0,FALSE,0,87.6,97,transport_issue,,,,3017.65
31-07-2024,Balaghat,Madhya Pradesh,3073.97,2719.75,354.22,11.5,12.8,5.5,FALSE,0,74.4,99.7,transport_issue,,,,2719.75
01-08-2024,Balaghat,Madhya Pradesh,3073.97,2781.22,292.75,9.5,21.1,3.2,FALSE,0,83.3,95.9,transport_issue,,,,2781.22
02-08-2024,Balaghat,Madhya Pradesh,3073.97,2965.82,108.15,3.5,25.3,0,FALSE,0,78.2,92,transport_issue,,,,2965.82
03-08-2024,Balaghat,Madhya Pradesh,3073.97,2842.39,231.58,7.5,30.8,0,FALSE,0,79,96.6,transport_issue,,,,2842.39
04-08-2024,Balaghat,Madhya Pradesh,3073.97,2705.03,368.94,12,9.3,0,TRUE,6,83.6,90.8,transport_issue,,,,2705.03
05-08-2024,Balaghat,Madhya Pradesh,3073.97,3055.26,18.71,0.6,5,0,FALSE,0,86.9,99.2,transport_issue,,,,3055.26
06-08-2024,Balaghat,Madhya Pradesh,3073.97,2875.27,198.7,6.5,10.4,0,FALSE,0,85.5,94.6,transport_issue,,,,2875.27
07-08-2024,Balaghat,Madhya Pradesh,3073.97,2429.16,644.81,21,26,11.5,FALSE,0,87.2,100,equipment_failure,,,,2429.16
08-08-2024,Balaghat,Madhya Pradesh,3073.97,2899.29,174.68,5.7,15.3,0,FALSE,0,75.7,88.9,transport_issue,,,,2899.29
09-08-2024,Balaghat,Madhya Pradesh,3073.97,2995.04,78.93,2.6,12.7,0,FALSE,0,87.5,96.7,transport_issue,,,,2995.04
10-08-2024,Balaghat,Madhya Pradesh,3073.97,2958.74,115.23,3.7,14.3,0,FALSE,0,86.2,98.3,transport_issue,,,,2958.74
11-08-2024,Balaghat,Madhya Pradesh,3073.97,2844.99,228.98,7.4,60,0,FALSE,0,79.1,98.9,heavy_rainfall,,,,2844.99
12-08-2024,Balaghat,Madhya Pradesh,3073.97,2968.42,105.55,3.4,39.6,0,FALSE,0,86.4,87.1,transport_issue,,,,2968.42
13-08-2024,Balaghat,Madhya Pradesh,3073.97,2934.48,139.49,4.5,12.2,0,FALSE,0,78.5,94.2,transport_issue,,,,2934.48
14-08-2024,Balaghat,Madhya Pradesh,3073.97,2916.01,157.96,5.1,8.6,0,FALSE,0,74.4,92.5,transport_issue,,,,2916.01
15-08-2024,Balaghat,Madhya Pradesh,3073.97,2867.77,206.2,6.7,23,0,FALSE,0,77.6,92.2,transport_issue,,,,2867.77
16-08-2024,Balaghat,Madhya Pradesh,3073.97,2932.07,141.9,4.6,30.6,0,FALSE,0,87.4,92.1,transport_issue,,,,2932.07
17-08-2024,Balaghat,Madhya Pradesh,3073.97,2828.9,245.07,8,3.6,0,FALSE,0,81.6,88.9,transport_issue,,,,2828.9
18-08-2024,Balaghat,Madhya Pradesh,3073.97,3012.3,61.67,2,6.1,0,FALSE,0,85.5,97.2,transport_issue,,,,3012.3
19-08-2024,Balaghat,Madhya Pradesh,3073.97,2863.09,210.88,6.9,24.2,3.6,FALSE,0,86.5,100,transport_issue,,,,2863.09
20-08-2024,Balaghat,Madhya Pradesh,3073.97,2903.08,170.89,5.6,33.8,0,FALSE,0,96.3,88.8,labour_shortage,,,,2903.08
21-08-2024,Balaghat,Madhya Pradesh,3073.97,3005.13,68.84,2.2,39.1,0,FALSE,0,87.4,90.8,heavy_rainfall,,,,3005.13
22-08-2024,Balaghat,Madhya Pradesh,3073.97,2683.84,390.13,12.7,21.9,3.9,FALSE,0,73.3,94.4,transport_issue,,,,2683.84
23-08-2024,Balaghat,Madhya Pradesh,3073.97,3057.22,16.75,0.5,8.2,0,FALSE,0,92.5,99.7,transport_issue,,,,3057.22
24-08-2024,Balaghat,Madhya Pradesh,3073.97,2937.65,136.32,4.4,15.8,0,FALSE,0,77,94,transport_issue,,,,2937.65
25-08-2024,Balaghat,Madhya Pradesh,3073.97,2913.77,160.2,5.2,14.5,0,FALSE,0,76.9,90.8,transport_issue,,,,2913.77
26-08-2024,Balaghat,Madhya Pradesh,3073.97,2755.14,318.83,10.4,41.1,0,TRUE,2.8,83.6,91.7,transport_issue,,,,2755.14
27-08-2024,Balaghat,Madhya Pradesh,3073.97,2933.11,140.86,4.6,13.3,2.3,FALSE,0,92.5,96.2,transport_issue,,,,2933.11
28-08-2024,Balaghat,Madhya Pradesh,3073.97,2633.27,440.7,14.3,16.8,7.2,FALSE,0,76,92.1,transport_issue,,,,2633.27
29-08-2024,Balaghat,Madhya Pradesh,3073.97,2885.23,188.74,6.1,65,0,FALSE,0,79.8,96.4,heavy_rainfall,,,,2885.23
30-08-2024,Balaghat,Madhya Pradesh,3073.97,2735.23,338.74,11,54,0,TRUE,3.7,90,92.4,heavy_rainfall,,,,2735.23
31-08-2024,Balaghat,Madhya Pradesh,3073.97,2876.28,197.69,6.4,35.2,0,FALSE,0,79.3,91.1,transport_issue,,,,2876.28
01-09-2024,Balaghat,Madhya Pradesh,3073.97,2997.37,76.6,2.5,18.3,0,FALSE,0,86.3,91,transport_issue,,,,2997.37
02-09-2024,Balaghat,Madhya Pradesh,3073.97,2932.63,141.34,4.6,18.5,0,FALSE,0,84.2,97,transport_issue,,,,2932.63
03-09-2024,Balaghat,Madhya Pradesh,3073.97,3020.99,52.98,1.7,12.8,0,FALSE,0,88,87.4,labour_shortage,,,,3020.99
04-09-2024,Balaghat,Madhya Pradesh,3073.97,2757.98,315.99,10.3,4.9,3.3,FALSE,0,74.7,95.3,transport_issue,,,,2757.98
05-09-2024,Balaghat,Madhya Pradesh,3073.97,2899.79,174.18,5.7,45.4,0,FALSE,0,84.8,96.5,heavy_rainfall,,,,2899.79
06-09-2024,Balaghat,Madhya Pradesh,3073.97,2860.42,213.55,6.9,8.9,0,FALSE,0,78.8,98.8,transport_issue,,,,2860.42
07-09-2024,Balaghat,Madhya Pradesh,3073.97,3021,52.97,1.7,14.3,0,FALSE,0,87.6,90.8,transport_issue,,,,3021
08-09-2024,Balaghat,Madhya Pradesh,3073.97,2956.29,117.68,3.8,21.3,0,FALSE,0,78.3,91.5,transport_issue,,,,2956.29
09-09-2024,Balaghat,Madhya Pradesh,3073.97,2853.81,220.16,7.2,19.6,0,FALSE,0,79.6,95.5,transport_issue,,,,2853.81
10-09-2024,Balaghat,Madhya Pradesh,3073.97,2934.98,138.99,4.5,11.9,0,FALSE,0,71.4,92.8,transport_issue,,,,2934.98
11-09-2024,Balaghat,Madhya Pradesh,3073.97,2732.69,341.28,11.1,13.8,2.7,FALSE,0,87,84,labour_shortage,,,,2732.69
12-09-2024,Balaghat,Madhya Pradesh,3073.97,2711.15,362.82,11.8,30.9,0,TRUE,3.8,81,87.8,transport_issue,,,,2711.15
13-09-2024,Balaghat,Madhya Pradesh,3073.97,3004.41,69.56,2.3,33.7,0,FALSE,0,83.2,99.4,transport_issue,,,,3004.41
14-09-2024,Balaghat,Madhya Pradesh,3073.97,2808.43,265.54,8.6,25.5,0,FALSE,0,70.7,98.1,transport_issue,,,,2808.43
15-09-2024,Balaghat,Madhya Pradesh,3073.97,2875.9,198.07,6.4,63.2,0,FALSE,0,81.1,100,heavy_rainfall,,,,2875.9
16-09-2024,Balaghat,Madhya Pradesh,3073.97,2847.06,226.91,7.4,60.6,0,FALSE,0,77.5,90.9,heavy_rainfall,,,,2847.06
17-09-2024,Balaghat,Madhya Pradesh,3073.97,2853.39,220.58,7.2,10.6,0,FALSE,0,76.5,90.9,transport_issue,,,,2853.39
18-09-2024,Balaghat,Madhya Pradesh,3073.97,2881.63,192.34,6.3,56.6,0,FALSE,0,75.6,92.9,heavy_rainfall,,,,2881.63
19-09-2024,Balaghat,Madhya Pradesh,3073.97,3027.18,46.79,1.5,22,0,FALSE,0,85.6,91.2,transport_issue,,,,3027.18
20-09-2024,Balaghat,Madhya Pradesh,3073.97,2990.36,83.61,2.7,23.3,0,FALSE,0,81.6,100,transport_issue,,,,2990.36
21-09-2024,Balaghat,Madhya Pradesh,3073.97,2952,121.97,4,9,0,FALSE,0,79.7,96.2,transport_issue,,,,2952
22-09-2024,Balaghat,Madhya Pradesh,3073.97,2673.82,400.15,13,74.6,0,TRUE,5.3,78.6,100,heavy_rainfall,,,,2673.82
23-09-2024,Balaghat,Madhya Pradesh,3073.97,2949.15,124.82,4.1,9.8,0,FALSE,0,76.6,98.8,transport_issue,,,,2949.15
24-09-2024,Balaghat,Madhya Pradesh,3073.97,2835.12,238.85,7.8,52.9,0,FALSE,0,80.8,90.1,heavy_rainfall,,,,2835.12
25-09-2024,Balaghat,Madhya Pradesh,3073.97,2779.89,294.08,9.6,14.9,0,TRUE,3.5,86,85.7,labour_shortage,,,,2779.89
26-09-2024,Balaghat,Madhya Pradesh,3073.97,2952.85,121.12,3.9,12.5,0,FALSE,0,82.8,100,transport_issue,,,,2952.85
27-09-2024,Balaghat,Madhya Pradesh,3073.97,2806.35,267.62,8.7,64.1,0,FALSE,0,81.2,94.1,heavy_rainfall,,,,2806.35
28-09-2024,Balaghat,Madhya Pradesh,3073.97,2790.51,283.46,9.2,46.1,0,FALSE,0,79,93.6,heavy_rainfall,,,,2790.51
29-09-2024,Balaghat,Madhya Pradesh,3073.97,2918.32,155.65,5.1,16.4,0,FALSE,0,82.7,88.6,transport_issue,,,,2918.32
30-09-2024,Balaghat,Madhya Pradesh,3073.97,2915.26,158.71,5.2,42,0,FALSE,0,79.9,100,transport_issue,,,,2915.26
01-10-2024,Balaghat,Madhya Pradesh,3073.97,3005.03,68.94,2.2,3,0,FALSE,0,87.5,90.6,transport_issue,,,,3005.03
02-10-2024,Balaghat,Madhya Pradesh,3073.97,2822.63,251.34,8.2,1.1,0,FALSE,0,81.7,82.7,transport_issue,,,,2822.63
03-10-2024,Balaghat,Madhya Pradesh,3073.97,3017.95,56.02,1.8,1.9,0,FALSE,0,82.5,92.4,transport_issue,,,,3017.95
04-10-2024,Balaghat,Madhya Pradesh,3073.97,2947.09,126.88,4.1,8,0,TRUE,1.1,89.2,93.5,transport_issue,,,,2947.09
05-10-2024,Balaghat,Madhya Pradesh,3073.97,3080.42,-6.45,-0.2,2.2,0,FALSE,0,94.9,91.3,none,,,,3080.42
06-10-2024,Balaghat,Madhya Pradesh,3073.97,3004.28,69.69,2.3,2.8,0,FALSE,0,91.2,94.8,transport_issue,,,,3004.28
07-10-2024,Balaghat,Madhya Pradesh,3073.97,2896.37,177.6,5.8,2.1,0,FALSE,0,95,87.6,labour_shortage,,,,2896.37
08-10-2024,Balaghat,Madhya Pradesh,3073.97,3049.24,24.73,0.8,1.1,0,FALSE,0,90.1,94.6,transport_issue,,,,3049.24
09-10-2024,Balaghat,Madhya Pradesh,3073.97,2570.58,503.39,16.4,5.8,6.4,FALSE,0,80.8,95.2,transport_issue,,,,2570.58
10-10-2024,Balaghat,Madhya Pradesh,3073.97,2860.65,213.32,6.9,1.4,0,TRUE,2.7,96.7,95.3,blasting_delay,,,,2860.65
11-10-2024,Balaghat,Madhya Pradesh,3073.97,2881.64,192.33,6.3,1.6,3.6,FALSE,0,93.1,98.4,equipment_failure,,,,2881.64
12-10-2024,Balaghat,Madhya Pradesh,3073.97,2687.52,386.45,12.6,4.8,7.8,FALSE,0,95.7,91.3,equipment_failure,,,,2687.52
13-10-2024,Balaghat,Madhya Pradesh,3073.97,3026.51,47.46,1.5,0.3,0,FALSE,0,87.1,93.1,transport_issue,,,,3026.51
14-10-2024,Balaghat,Madhya Pradesh,3073.97,2833.53,240.44,7.8,5.2,2.4,FALSE,0,89.2,91.9,transport_issue,,,,2833.53
15-10-2024,Balaghat,Madhya Pradesh,3073.97,2943.18,130.79,4.3,3.1,0,FALSE,0,97.3,88,labour_shortage,,,,2943.18
16-10-2024,Balaghat,Madhya Pradesh,3073.97,3015.09,58.88,1.9,1.8,0,FALSE,0,100,96.7,labour_shortage,,,,3015.09
17-10-2024,Balaghat,Madhya Pradesh,3073.97,2899.81,174.16,5.7,4.7,0,FALSE,0,87.5,93.3,transport_issue,,,,2899.81
18-10-2024,Balaghat,Madhya Pradesh,3073.97,3013.06,60.91,2,6.4,0,FALSE,0,87.2,92.3,transport_issue,,,,3013.06
19-10-2024,Balaghat,Madhya Pradesh,3073.97,3042.01,31.96,1,2.3,0,FALSE,0,100,92.5,labour_shortage,,,,3042.01
20-10-2024,Balaghat,Madhya Pradesh,3073.97,3107.68,-33.71,-1.1,1.2,0,FALSE,0,97.2,96.6,none,,,,3107.68
21-10-2024,Balaghat,Madhya Pradesh,3073.97,2990.38,83.59,2.7,4.8,0,FALSE,0,84.6,93.1,transport_issue,,,,2990.38
22-10-2024,Balaghat,Madhya Pradesh,3073.97,2960.61,113.36,3.7,4.5,0,FALSE,0,100,91.4,labour_shortage,,,,2960.61
23-10-2024,Balaghat,Madhya Pradesh,3073.97,2555.83,518.14,16.9,5.5,7.8,FALSE,0,93.5,87.6,equipment_failure,,,,2555.83
24-10-2024,Balaghat,Madhya Pradesh,3073.97,3039.34,34.63,1.1,0.9,0,FALSE,0,93.7,94.6,transport_issue,,,,3039.34
25-10-2024,Balaghat,Madhya Pradesh,3073.97,3005.11,68.86,2.2,1.3,0,FALSE,0,92.7,100,transport_issue,,,,3005.11
26-10-2024,Balaghat,Madhya Pradesh,3073.97,2934.31,139.66,4.5,5.8,0,FALSE,0,87.1,100,transport_issue,,,,2934.31
27-10-2024,Balaghat,Madhya Pradesh,3073.97,2968,105.97,3.4,4.3,0,FALSE,0,91,94.9,transport_issue,,,,2968
28-10-2024,Balaghat,Madhya Pradesh,3073.97,2573.51,500.46,16.3,1.2,7.3,FALSE,0,85.8,96.7,equipment_failure,,,,2573.51
29-10-2024,Balaghat,Madhya Pradesh,3073.97,2899.71,174.26,5.7,2.2,0,FALSE,0,88,93.9,transport_issue,,,,2899.71
30-10-2024,Balaghat,Madhya Pradesh,3073.97,2945.85,128.12,4.2,11.3,0,FALSE,0,96.8,94.2,labour_shortage,,,,2945.85
31-10-2024,Balaghat,Madhya Pradesh,3073.97,2833.39,240.58,7.8,3.9,6.8,FALSE,0,99.8,97.4,equipment_failure,,,,2833.39
01-11-2024,Balaghat,Madhya Pradesh,3073.97,2933.82,140.15,4.6,5.5,0,FALSE,0,88.7,100,transport_issue,,,,2933.82
02-11-2024,Balaghat,Madhya Pradesh,3073.97,3033.23,40.74,1.3,8.1,0,FALSE,0,84.8,95,transport_issue,,,,3033.23
03-11-2024,Balaghat,Madhya Pradesh,3073.97,2698.24,375.73,12.2,6,7.8,FALSE,0,96,93.8,equipment_failure,,,,2698.24
04-11-2024,Balaghat,Madhya Pradesh,3073.97,3065.52,8.45,0.3,7.6,0,FALSE,0,88.6,94.4,transport_issue,,,,3065.52
05-11-2024,Balaghat,Madhya Pradesh,3073.97,2984.94,89.03,2.9,1.1,0,FALSE,0,93.2,84,labour_shortage,,,,2984.94
06-11-2024,Balaghat,Madhya Pradesh,3073.97,3050.9,23.07,0.8,2.1,0,FALSE,0,88.2,97.2,transport_issue,,,,3050.9
07-11-2024,Balaghat,Madhya Pradesh,3073.97,3019.34,54.63,1.8,4.2,0,FALSE,0,94,91.3,labour_shortage,,,,3019.34
08-11-2024,Balaghat,Madhya Pradesh,3073.97,2891.71,182.26,5.9,2.3,0,FALSE,0,86.1,94.7,transport_issue,,,,2891.71
09-11-2024,Balaghat,Madhya Pradesh,3073.97,3101.08,-27.11,-0.9,7.6,0,FALSE,0,91.8,98.7,none,,,,3101.08
10-11-2024,Balaghat,Madhya Pradesh,3073.97,2987.75,86.22,2.8,1.3,0,FALSE,0,92.3,100,transport_issue,,,,2987.75
11-11-2024,Balaghat,Madhya Pradesh,3073.97,3004.6,69.37,2.3,11.9,0,FALSE,0,89.9,96.4,transport_issue,,,,3004.6
12-11-2024,Balaghat,Madhya Pradesh,3073.97,2855.91,218.06,7.1,9.3,0,FALSE,0,80.7,96.3,transport_issue,,,,2855.91
13-11-2024,Balaghat,Madhya Pradesh,3073.97,2854.12,219.85,7.2,2,3.9,FALSE,0,93.8,99.3,equipment_failure,,,,2854.12
14-11-2024,Balaghat,Madhya Pradesh,3073.97,2723.44,350.53,11.4,2.6,5,FALSE,0,89.4,96.8,transport_issue,,,,2723.44
15-11-2024,Balaghat,Madhya Pradesh,3073.97,3060.82,13.15,0.4,8.8,0,FALSE,0,93.1,94.9,transport_issue,,,,3060.82
16-11-2024,Balaghat,Madhya Pradesh,3073.97,3010.44,63.53,2.1,1.6,0,FALSE,0,97.6,96.2,labour_shortage,,,,3010.44
17-11-2024,Balaghat,Madhya Pradesh,3073.97,2996.75,77.22,2.5,3.4,0,FALSE,0,90,100,transport_issue,,,,2996.75
18-11-2024,Balaghat,Madhya Pradesh,3073.97,3093.3,-19.33,-0.6,7.4,0,FALSE,0,96.1,95.5,none,,,,3093.3
19-11-2024,Balaghat,Madhya Pradesh,3073.97,2927.83,146.14,4.8,6.7,0,FALSE,0,92.3,93.9,transport_issue,,,,2927.83
20-11-2024,Balaghat,Madhya Pradesh,3073.97,3003.53,70.44,2.3,1.7,0,FALSE,0,92.6,100,transport_issue,,,,3003.53
21-11-2024,Balaghat,Madhya Pradesh,3073.97,2918.32,155.65,5.1,4.2,0,FALSE,0,86.7,89,transport_issue,,,,2918.32
22-11-2024,Balaghat,Madhya Pradesh,3073.97,2763.76,310.21,10.1,3,7.7,FALSE,0,92.8,100,equipment_failure,,,,2763.76
23-11-2024,Balaghat,Madhya Pradesh,3073.97,2971.78,102.19,3.3,1.4,0,FALSE,0,95.4,93.5,labour_shortage,,,,2971.78
24-11-2024,Balaghat,Madhya Pradesh,3073.97,3003.62,70.35,2.3,2.5,0,FALSE,0,100,91.7,labour_shortage,,,,3003.62
25-11-2024,Balaghat,Madhya Pradesh,3073.97,2979.19,94.78,3.1,1.2,0,FALSE,0,85.8,99.5,transport_issue,,,,2979.19
26-11-2024,Balaghat,Madhya Pradesh,3073.97,2866.94,207.03,6.7,5,0,FALSE,0,86.2,90,transport_issue,,,,2866.94
27-11-2024,Balaghat,Madhya Pradesh,3073.97,3053.47,20.5,0.7,3.1,0,FALSE,0,100,95.1,labour_shortage,,,,3053.47
28-11-2024,Balaghat,Madhya Pradesh,3073.97,2877.25,196.72,6.4,2.9,0,FALSE,0,87.1,92.3,transport_issue,,,,2877.25
29-11-2024,Balaghat,Madhya Pradesh,3073.97,3056.95,17.02,0.6,1.9,0,FALSE,0,100,90.8,labour_shortage,,,,3056.95
30-11-2024,Balaghat,Madhya Pradesh,3073.97,2975.83,98.14,3.2,5.9,0,FALSE,0,93.2,96.4,transport_issue,,,,2975.83
01-12-2024,Balaghat,Madhya Pradesh,3073.97,2649.67,424.3,13.8,1,5.2,FALSE,0,84.6,92,transport_issue,,,,2649.67
02-12-2024,Balaghat,Madhya Pradesh,3073.97,2976.39,97.58,3.2,7.3,0,FALSE,0,96,88.7,labour_shortage,,,,2976.39
03-12-2024,Balaghat,Madhya Pradesh,3073.97,2937.17,136.8,4.5,0.8,0,FALSE,0,94,95.9,transport_issue,,,,2937.17
04-12-2024,Balaghat,Madhya Pradesh,3073.97,3072.3,1.67,0.1,0.6,0,FALSE,0,100,92.6,labour_shortage,,,,3072.3
05-12-2024,Balaghat,Madhya Pradesh,3073.97,3053.8,20.17,0.7,6.1,0,FALSE,0,97.9,98.3,transport_issue,,,,3053.8
06-12-2024,Balaghat,Madhya Pradesh,3073.97,3050.27,23.7,0.8,2.4,0,FALSE,0,88.1,100,transport_issue,,,,3050.27
07-12-2024,Balaghat,Madhya Pradesh,3073.97,2958.09,115.88,3.8,0.7,0,FALSE,0,92.3,100,transport_issue,,,,2958.09
08-12-2024,Balaghat,Madhya Pradesh,3073.97,3055.44,18.53,0.6,4.2,0,FALSE,0,92.6,89.5,labour_shortage,,,,3055.44
09-12-2024,Balaghat,Madhya Pradesh,3073.97,3063.47,10.5,0.3,1,0,FALSE,0,100,95,labour_shortage,,,,3063.47
10-12-2024,Balaghat,Madhya Pradesh,3073.97,2895.43,178.54,5.8,9.2,0,FALSE,0,85.5,89.8,transport_issue,,,,2895.43
11-12-2024,Balaghat,Madhya Pradesh,3073.97,2957.11,116.86,3.8,3.7,0,FALSE,0,92.7,94,transport_issue,,,,2957.11
12-12-2024,Balaghat,Madhya Pradesh,3073.97,3072.07,1.9,0.1,1.3,0,FALSE,0,88.4,100,transport_issue,,,,3072.07
13-12-2024,Balaghat,Madhya Pradesh,3073.97,3018.43,55.54,1.8,7.3,0,TRUE,1.8,95.7,99,transport_issue,,,,3018.43
14-12-2024,Balaghat,Madhya Pradesh,3073.97,3112.43,-38.46,-1.3,2.9,0,FALSE,0,96.3,99.4,none,,,,3112.43
15-12-2024,Balaghat,Madhya Pradesh,3073.97,3030.51,43.46,1.4,2.3,0,FALSE,0,93.6,96.4,transport_issue,,,,3030.51
16-12-2024,Balaghat,Madhya Pradesh,3073.97,3066.65,7.32,0.2,2.4,0,FALSE,0,94.2,97.2,transport_issue,,,,3066.65
17-12-2024,Balaghat,Madhya Pradesh,3073.97,3038.9,35.07,1.1,3.5,0,FALSE,0,88.8,92,transport_issue,,,,3038.9
18-12-2024,Balaghat,Madhya Pradesh,3073.97,2896.21,177.76,5.8,2.9,0,FALSE,0,95,87,labour_shortage,,,,2896.21
19-12-2024,Balaghat,Madhya Pradesh,3073.97,3034.51,39.46,1.3,11.8,0,FALSE,0,87.4,100,transport_issue,,,,3034.51
20-12-2024,Balaghat,Madhya Pradesh,3073.97,3009.33,64.64,2.1,7.4,0,FALSE,0,93.2,94.3,transport_issue,,,,3009.33
21-12-2024,Balaghat,Madhya Pradesh,3073.97,3049.58,24.39,0.8,1.7,0,FALSE,0,100,92.5,labour_shortage,,,,3049.58
22-12-2024,Balaghat,Madhya Pradesh,3073.97,2941.26,132.71,4.3,3.2,0,FALSE,0,98.5,92.8,labour_shortage,,,,2941.26
23-12-2024,Balaghat,Madhya Pradesh,3073.97,3026.2,47.77,1.6,9.8,0,FALSE,0,90.1,94,transport_issue,,,,3026.2
24-12-2024,Balaghat,Madhya Pradesh,3073.97,3099.83,-25.86,-0.8,1.6,0,FALSE,0,97.3,96,none,,,,3099.83
25-12-2024,Balaghat,Madhya Pradesh,3073.97,3030.72,43.25,1.4,2.8,0,FALSE,0,88.9,97.4,transport_issue,,,,3030.72
26-12-2024,Balaghat,Madhya Pradesh,3073.97,2841.33,232.64,7.6,11.2,0,TRUE,5.5,93.7,97.8,blasting_delay,,,,2841.33
27-12-2024,Balaghat,Madhya Pradesh,3073.97,2973.52,100.45,3.3,4.9,0,FALSE,0,76.4,97.1,transport_issue,,,,2973.52
28-12-2024,Balaghat,Madhya Pradesh,3073.97,2675.3,398.67,13,5,6.1,FALSE,0,94.3,97.8,equipment_failure,,,,2675.3
29-12-2024,Balaghat,Madhya Pradesh,3073.97,2896.67,177.3,5.8,8.2,0,FALSE,0,85.9,94.8,transport_issue,,,,2896.67
30-12-2024,Balaghat,Madhya Pradesh,3073.97,2537.59,536.38,17.4,5.7,7.2,FALSE,0,83.3,88.7,transport_issue,,,,2537.59
31-12-2024,Balaghat,Madhya Pradesh,3073.97,3044.5,29.47,1,1.1,0,FALSE,0,95.3,100,transport_issue,,,,3044.5
01-01-2025,Balaghat,Madhya Pradesh,3073.97,3107.95,-33.98,-1.1,4.4,0,FALSE,0,95.5,96.1,none,,,,3107.95
02-01-2025,Balaghat,Madhya Pradesh,3073.97,3031.77,42.2,1.4,5.6,0,FALSE,0,89.8,97,transport_issue,,,,3031.77
03-01-2025,Balaghat,Madhya Pradesh,3073.97,2984.35,89.62,2.9,9.8,0,FALSE,0,91,98.5,transport_issue,,,,2984.35
04-01-2025,Balaghat,Madhya Pradesh,3073.97,2808.28,265.69,8.6,2,3.5,FALSE,0,84.6,93.2,transport_issue,,,,2808.28
05-01-2025,Balaghat,Madhya Pradesh,3073.97,3098.03,-24.06,-0.8,0.3,0,FALSE,0,99.8,99.6,none,,,,3098.03
06-01-2025,Balaghat,Madhya Pradesh,3073.97,2735.55,338.42,11,0.6,6.3,FALSE,0,89.1,100,equipment_failure,,,,2735.55
07-01-2025,Balaghat,Madhya Pradesh,3073.97,2992.66,81.31,2.6,2.7,0,FALSE,0,84.2,93.5,transport_issue,,,,2992.66
08-01-2025,Balaghat,Madhya Pradesh,3073.97,3042.68,31.29,1,1.8,0,FALSE,0,96.6,95,labour_shortage,,,,3042.68
09-01-2025,Balaghat,Madhya Pradesh,3073.97,3029.17,44.8,1.5,7.1,0,FALSE,0,91.7,95.1,transport_issue,,,,3029.17
10-01-2025,Balaghat,Madhya Pradesh,3073.97,3012.5,61.47,2,8.7,0,FALSE,0,93.2,98.7,transport_issue,,,,3012.5
11-01-2025,Balaghat,Madhya Pradesh,3073.97,3066.28,7.69,0.3,2.8,0,FALSE,0,98.3,98,none,,,,3066.28
12-01-2025,Balaghat,Madhya Pradesh,3073.97,2935.45,138.52,4.5,2.8,0,FALSE,0,91.4,91.6,transport_issue,,,,2935.45
13-01-2025,Balaghat,Madhya Pradesh,3073.97,2760.14,313.83,10.2,0.5,4.1,FALSE,0,94.1,93.7,equipment_failure,,,,2760.14
14-01-2025,Balaghat,Madhya Pradesh,3073.97,3069.05,4.92,0.2,5,0,FALSE,0,100,93.6,labour_shortage,,,,3069.05
15-01-2025,Balaghat,Madhya Pradesh,3073.97,2961.43,112.54,3.7,1.1,0,FALSE,0,95.1,93.1,labour_shortage,,,,2961.43
16-01-2025,Balaghat,Madhya Pradesh,3073.97,2934.71,139.26,4.5,8.6,0,FALSE,0,88.1,92,transport_issue,,,,2934.71
17-01-2025,Balaghat,Madhya Pradesh,3073.97,2984.12,89.85,2.9,10.9,0,FALSE,0,90.1,92.7,transport_issue,,,,2984.12
18-01-2025,Balaghat,Madhya Pradesh,3073.97,2991.13,82.84,2.7,2.4,0,FALSE,0,95.5,99.1,transport_issue,,,,2991.13
19-01-2025,Balaghat,Madhya Pradesh,3073.97,3084.39,-10.42,-0.3,13.8,0,FALSE,0,95.3,91.9,none,,,,3084.39
20-01-2025,Balaghat,Madhya Pradesh,3073.97,3074.33,-0.36,0,3.2,0,FALSE,0,88.9,100,none,,,,3074.33
21-01-2025,Balaghat,Madhya Pradesh,3073.97,2824.61,249.36,8.1,4.8,3.2,FALSE,0,100,94.5,equipment_failure,,,,2824.61
22-01-2025,Balaghat,Madhya Pradesh,3073.97,3027.95,46.02,1.5,5.8,0,FALSE,0,96.4,95.4,labour_shortage,,,,3027.95
23-01-2025,Balaghat,Madhya Pradesh,3073.97,3067.4,6.57,0.2,3.5,0,FALSE,0,89.2,94,transport_issue,,,,3067.4
24-01-2025,Balaghat,Madhya Pradesh,3073.97,2916.17,157.8,5.1,5.6,0,FALSE,0,89.3,95.5,transport_issue,,,,2916.17
25-01-2025,Balaghat,Madhya Pradesh,3073.97,2961.04,112.93,3.7,5.2,0,FALSE,0,81.8,95.7,transport_issue,,,,2961.04
26-01-2025,Balaghat,Madhya Pradesh,3073.97,2891.12,182.85,5.9,1.9,0,FALSE,0,89.9,90.5,transport_issue,,,,2891.12
27-01-2025,Balaghat,Madhya Pradesh,3073.97,2440.46,633.51,20.6,3.8,11.3,FALSE,0,99.9,87.3,equipment_failure,,,,2440.46
28-01-2025,Balaghat,Madhya Pradesh,3073.97,2904.82,169.15,5.5,4.3,4,FALSE,0,96.2,94.1,equipment_failure,,,,2904.82
29-01-2025,Balaghat,Madhya Pradesh,3073.97,3037.83,36.14,1.2,11.6,0,FALSE,0,93.9,88.4,labour_shortage,,,,3037.83
30-01-2025,Balaghat,Madhya Pradesh,3073.97,2923.86,150.11,4.9,4.4,0,FALSE,0,88.9,91.9,transport_issue,,,,2923.86
31-01-2025,Balaghat,Madhya Pradesh,3073.97,3046.79,27.18,0.9,3.2,0,FALSE,0,88.4,95.4,transport_issue,,,,3046.79
01-02-2025,Balaghat,Madhya Pradesh,3073.97,3030.66,43.31,1.4,2.3,0,FALSE,0,96.8,92.2,labour_shortage,,,,3030.66
02-02-2025,Balaghat,Madhya Pradesh,3073.97,2951.34,122.63,4,7,0,FALSE,0,87.5,99.8,transport_issue,,,,2951.34
03-02-2025,Balaghat,Madhya Pradesh,3073.97,2992.11,81.86,2.7,0.8,0,FALSE,0,100,100,none,,,,2992.11
04-02-2025,Balaghat,Madhya Pradesh,3073.97,3045.45,28.52,0.9,0.9,0,FALSE,0,99,89.4,labour_shortage,,,,3045.45
05-02-2025,Balaghat,Madhya Pradesh,3073.97,2908.33,165.64,5.4,4.2,0,FALSE,0,85.2,99.6,transport_issue,,,,2908.33
06-02-2025,Balaghat,Madhya Pradesh,3073.97,3007.01,66.96,2.2,2.2,0,FALSE,0,86.6,95.2,transport_issue,,,,3007.01
07-02-2025,Balaghat,Madhya Pradesh,3073.97,2998.59,75.38,2.5,2.8,0,FALSE,0,100,94.8,labour_shortage,,,,2998.59
08-02-2025,Balaghat,Madhya Pradesh,3073.97,2961.53,112.44,3.7,2.7,0,FALSE,0,93.5,95.4,transport_issue,,,,2961.53
09-02-2025,Balaghat,Madhya Pradesh,3073.97,3042.56,31.41,1,3.9,0,FALSE,0,86.4,100,transport_issue,,,,3042.56
10-02-2025,Balaghat,Madhya Pradesh,3073.97,2830.68,243.29,7.9,5.3,5.8,FALSE,0,100,92.4,equipment_failure,,,,2830.68
11-02-2025,Balaghat,Madhya Pradesh,3073.97,2958.53,115.44,3.8,7.3,0,FALSE,0,85.4,95.4,transport_issue,,,,2958.53
12-02-2025,Balaghat,Madhya Pradesh,3073.97,3029.8,44.17,1.4,4.2,0,FALSE,0,91.2,94.3,transport_issue,,,,3029.8
13-02-2025,Balaghat,Madhya Pradesh,3073.97,2969.56,104.41,3.4,0.9,0,FALSE,0,94.7,92.6,labour_shortage,,,,2969.56
14-02-2025,Balaghat,Madhya Pradesh,3073.97,3047.94,26.03,0.8,12.2,0,TRUE,2.2,98.6,100,blasting_delay,,,,3047.94
15-02-2025,Balaghat,Madhya Pradesh,3073.97,2923.81,150.16,4.9,3.7,0,FALSE,0,89.6,90.2,transport_issue,,,,2923.81
16-02-2025,Balaghat,Madhya Pradesh,3073.97,3028.63,45.34,1.5,4,0,FALSE,0,91.3,86.3,labour_shortage,,,,3028.63
17-02-2025,Balaghat,Madhya Pradesh,3073.97,3149.09,-75.12,-2.4,2.5,0,FALSE,0,100,97.8,none,,,,3149.09
18-02-2025,Balaghat,Madhya Pradesh,3073.97,2911.79,162.18,5.3,2,0,FALSE,0,77.7,99.9,transport_issue,,,,2911.79
19-02-2025,Balaghat,Madhya Pradesh,3073.97,3082.33,-8.36,-0.3,3.2,0,FALSE,0,89,98.6,none,,,,3082.33
20-02-2025,Balaghat,Madhya Pradesh,3073.97,2831.33,242.64,7.9,2.2,0,FALSE,0,81.2,90.8,transport_issue,,,,2831.33
21-02-2025,Balaghat,Madhya Pradesh,3073.97,3040.61,33.36,1.1,3.1,0,FALSE,0,86.7,92.7,transport_issue,,,,3040.61
22-02-2025,Balaghat,Madhya Pradesh,3073.97,2995.33,78.64,2.6,4.8,0,FALSE,0,100,91.2,labour_shortage,,,,2995.33
23-02-2025,Balaghat,Madhya Pradesh,3073.97,2938.37,135.6,4.4,5,0,FALSE,0,87.4,97.3,transport_issue,,,,2938.37
24-02-2025,Balaghat,Madhya Pradesh,3073.97,2809.47,264.5,8.6,5.8,0,FALSE,0,77.4,90.2,transport_issue,,,,2809.47
25-02-2025,Balaghat,Madhya Pradesh,3073.97,3005.27,68.7,2.2,6,0,FALSE,0,100,95.8,labour_shortage,,,,3005.27
26-02-2025,Balaghat,Madhya Pradesh,3073.97,3075.72,-1.75,-0.1,5,0,FALSE,0,94.3,92,none,,,,3075.72
27-02-2025,Balaghat,Madhya Pradesh,3073.97,2749.83,324.14,10.5,2.2,6.6,FALSE,0,91.6,91.9,equipment_failure,,,,2749.83
28-02-2025,Balaghat,Madhya Pradesh,3073.97,2992.73,81.24,2.6,3,0,FALSE,0,100,91.4,labour_shortage,,,,2992.73
01-03-2025,Balaghat,Madhya Pradesh,3073.97,3074.73,-0.76,0,0.8,0,FALSE,0,95,92.8,none,,,,3074.73
02-03-2025,Balaghat,Madhya Pradesh,3073.97,2937.99,135.98,4.4,2.2,2.1,FALSE,0,89.9,96.8,transport_issue,,,,2937.99
03-03-2025,Balaghat,Madhya Pradesh,3073.97,3055.8,18.17,0.6,9.1,0,FALSE,0,96.4,90.4,labour_shortage,,,,3055.8
04-03-2025,Balaghat,Madhya Pradesh,3073.97,3048.12,25.85,0.8,1.9,0,FALSE,0,92.8,95.8,transport_issue,,,,3048.12
05-03-2025,Balaghat,Madhya Pradesh,3073.97,2961.17,112.8,3.7,2.5,0,FALSE,0,94.4,98.6,transport_issue,,,,2961.17
06-03-2025,Balaghat,Madhya Pradesh,3073.97,2967.19,106.78,3.5,4.7,0,FALSE,0,97.3,97.7,transport_issue,,,,2967.19
07-03-2025,Balaghat,Madhya Pradesh,3073.97,2621.66,452.31,14.7,3.8,6.9,TRUE,1.1,98.8,92.1,equipment_failure,,,,2621.66
08-03-2025,Balaghat,Madhya Pradesh,3073.97,2944.65,129.32,4.2,1.4,0,FALSE,0,90.2,100,transport_issue,,,,2944.65
09-03-2025,Balaghat,Madhya Pradesh,3073.97,3133.86,-59.89,-1.9,1.6,0,FALSE,0,100,99.3,none,,,,3133.86
10-03-2025,Balaghat,Madhya Pradesh,3073.97,2824.29,249.68,8.1,3.1,5.3,FALSE,0,97.6,100,equipment_failure,,,,2824.29
11-03-2025,Balaghat,Madhya Pradesh,3073.97,2860.97,213,6.9,1.1,0,TRUE,4.9,100,87.8,labour_shortage,,,,2860.97
12-03-2025,Balaghat,Madhya Pradesh,3073.97,3112.81,-38.84,-1.3,2.7,0,FALSE,0,100,98.9,none,,,,3112.81
13-03-2025,Balaghat,Madhya Pradesh,3073.97,2956.83,117.14,3.8,2.6,0,FALSE,0,94.3,99.9,transport_issue,,,,2956.83
14-03-2025,Balaghat,Madhya Pradesh,3073.97,2934.42,139.55,4.5,0.2,0,FALSE,0,97.9,91.9,labour_shortage,,,,2934.42
15-03-2025,Balaghat,Madhya Pradesh,3073.97,2973.31,100.66,3.3,3.8,0,FALSE,0,88.3,95.6,transport_issue,,,,2973.31
16-03-2025,Balaghat,Madhya Pradesh,3073.97,2976.91,97.06,3.2,4.6,0,FALSE,0,85.2,91.1,transport_issue,,,,2976.91
17-03-2025,Balaghat,Madhya Pradesh,3073.97,3009.97,64,2.1,7.1,0,FALSE,0,90.9,98,transport_issue,,,,3009.97
18-03-2025,Balaghat,Madhya Pradesh,3073.97,3043.94,30.03,1,5.7,0,FALSE,0,95.7,94.1,labour_shortage,,,,3043.94
19-03-2025,Balaghat,Madhya Pradesh,3073.97,3041.5,32.47,1.1,1.3,0,FALSE,0,95.9,96,transport_issue,,,,3041.5
20-03-2025,Balaghat,Madhya Pradesh,3073.97,3041.02,32.95,1.1,6.4,0,FALSE,0,100,92.7,labour_shortage,,,,3041.02
21-03-2025,Balaghat,Madhya Pradesh,3073.97,3030.36,43.61,1.4,1.5,0,FALSE,0,90.8,100,transport_issue,,,,3030.36
22-03-2025,Balaghat,Madhya Pradesh,3073.97,3047.92,26.05,0.8,13.1,0,FALSE,0,100,97.1,labour_shortage,,,,3047.92
23-03-2025,Balaghat,Madhya Pradesh,3073.97,2908.56,165.41,5.4,0.8,0,FALSE,0,89.3,94.9,transport_issue,,,,2908.56
24-03-2025,Balaghat,Madhya Pradesh,3073.97,2899.11,174.86,5.7,1.5,0,FALSE,0,85,100,transport_issue,,,,2899.11
25-03-2025,Balaghat,Madhya Pradesh,3073.97,3087.01,-13.04,-0.4,4.2,0,FALSE,0,99.6,97.6,none,,,,3087.01
26-03-2025,Balaghat,Madhya Pradesh,3073.97,3052.74,21.23,0.7,4.9,0,FALSE,0,86.3,95.9,transport_issue,,,,3052.74
27-03-2025,Balaghat,Madhya Pradesh,3073.97,2935.86,138.11,4.5,11.2,0,FALSE,0,88.4,100,transport_issue,,,,2935.86
28-03-2025,Balaghat,Madhya Pradesh,3073.97,3038.86,35.11,1.1,0.3,0,FALSE,0,91.8,100,transport_issue,,,,3038.86
29-03-2025,Balaghat,Madhya Pradesh,3073.97,2971.07,102.9,3.3,3.6,0,FALSE,0,78.6,92.8,transport_issue,,,,2971.07
30-03-2025,Balaghat,Madhya Pradesh,3073.97,2703.08,370.89,12.1,0.7,6.2,FALSE,0,89.9,90.8,equipment_failure,,,,2703.08
31-03-2025,Balaghat,Madhya Pradesh,3073.97,3067.49,6.48,0.2,1.7,0,FALSE,0,99.4,95.5,labour_shortage,,,,3067.49
01-04-2024,Gumgaon,Maharashtra,1627.4,1543.22,84.18,5.2,6.6,0,FALSE,0,91,95,transport_issue,,,,1543.22
02-04-2024,Gumgaon,Maharashtra,1627.4,1597.05,30.35,1.9,3.4,0,FALSE,0,100,99,none,,,,1597.05
03-04-2024,Gumgaon,Maharashtra,1627.4,1583.33,44.07,2.7,4,0,FALSE,0,86.7,90.4,transport_issue,,,,1583.33
04-04-2024,Gumgaon,Maharashtra,1627.4,1577.73,49.67,3.1,3.1,0,FALSE,0,100,90.4,labour_shortage,,,,1577.73
05-04-2024,Gumgaon,Maharashtra,1627.4,1619.05,8.35,0.5,3.7,0,FALSE,0,100,92.8,labour_shortage,,,,1619.05
06-04-2024,Gumgaon,Maharashtra,1627.4,1608.61,18.79,1.2,9.3,0,FALSE,0,91.7,96.4,transport_issue,,,,1608.61
07-04-2024,Gumgaon,Maharashtra,1627.4,1605.75,21.65,1.3,1.6,0,FALSE,0,93.6,90.7,labour_shortage,,,,1605.75
08-04-2024,Gumgaon,Maharashtra,1627.4,1557.28,70.12,4.3,0.9,0,FALSE,0,98.1,88.9,labour_shortage,,,,1557.28
09-04-2024,Gumgaon,Maharashtra,1627.4,1379.34,248.06,15.2,7.1,7.2,FALSE,0,83.9,95.3,transport_issue,,,,1379.34
10-04-2024,Gumgaon,Maharashtra,1627.4,1512,115.4,7.1,2.3,0,TRUE,4.8,100,93.7,blasting_delay,,,,1512
11-04-2024,Gumgaon,Maharashtra,1627.4,1606.62,20.78,1.3,9.8,0,FALSE,0,88.2,96.5,transport_issue,,,,1606.62
12-04-2024,Gumgaon,Maharashtra,1627.4,1585.64,41.76,2.6,7.2,0,FALSE,0,85.4,92.4,transport_issue,,,,1585.64
13-04-2024,Gumgaon,Maharashtra,1627.4,1340.64,286.76,17.6,3.3,7.7,TRUE,1.9,92.5,91.9,equipment_failure,,,,1340.64
14-04-2024,Gumgaon,Maharashtra,1627.4,1497.34,130.06,8,3.8,5.1,FALSE,0,97.5,93.5,equipment_failure,,,,1497.34
15-04-2024,Gumgaon,Maharashtra,1627.4,1635.9,-8.5,-0.5,4.1,0,FALSE,0,97.1,90.3,none,,,,1635.9
16-04-2024,Gumgaon,Maharashtra,1627.4,1661.71,-34.31,-2.1,2.5,0,FALSE,0,100,96.1,none,,,,1661.71
17-04-2024,Gumgaon,Maharashtra,1627.4,1606.76,20.64,1.3,0.1,0,FALSE,0,93.7,93.2,labour_shortage,,,,1606.76
18-04-2024,Gumgaon,Maharashtra,1627.4,1576.57,50.83,3.1,2.1,0,FALSE,0,81.7,90.7,transport_issue,,,,1576.57
19-04-2024,Gumgaon,Maharashtra,1627.4,1612.15,15.25,0.9,3.5,0,FALSE,0,95.9,93,labour_shortage,,,,1612.15
20-04-2024,Gumgaon,Maharashtra,1627.4,1585.78,41.62,2.6,2.3,0,FALSE,0,100,88.5,labour_shortage,,,,1585.78
21-04-2024,Gumgaon,Maharashtra,1627.4,1496.81,130.59,8,4.8,0,FALSE,0,83.8,86.2,transport_issue,,,,1496.81
22-04-2024,Gumgaon,Maharashtra,1627.4,1548.68,78.72,4.8,3.8,0,FALSE,0,94.2,89,labour_shortage,,,,1548.68
23-04-2024,Gumgaon,Maharashtra,1627.4,1507.43,119.97,7.4,7.9,3.4,FALSE,0,97.8,96.4,equipment_failure,,,,1507.43
24-04-2024,Gumgaon,Maharashtra,1627.4,1657.56,-30.16,-1.9,0.9,0,FALSE,0,97.8,100,none,,,,1657.56
25-04-2024,Gumgaon,Maharashtra,1627.4,1615.72,11.68,0.7,6.7,0,FALSE,0,96.6,94,labour_shortage,,,,1615.72
26-04-2024,Gumgaon,Maharashtra,1627.4,1529.63,97.77,6,4.9,0,FALSE,0,85.6,98.5,transport_issue,,,,1529.63
27-04-2024,Gumgaon,Maharashtra,1627.4,1601.41,25.99,1.6,2.2,0,FALSE,0,90.4,98.2,transport_issue,,,,1601.41
28-04-2024,Gumgaon,Maharashtra,1627.4,1547.49,79.91,4.9,1.1,0,FALSE,0,89.2,97,transport_issue,,,,1547.49
29-04-2024,Gumgaon,Maharashtra,1627.4,1387.92,239.48,14.7,2.7,7,FALSE,0,93.8,93.3,equipment_failure,,,,1387.92
30-04-2024,Gumgaon,Maharashtra,1627.4,1621.57,5.83,0.4,8.2,0,FALSE,0,91.6,94.6,transport_issue,,,,1621.57
01-05-2024,Gumgaon,Maharashtra,1627.4,1560.27,67.13,4.1,6,0,TRUE,2.5,89.4,95.8,transport_issue,,,,1560.27
02-05-2024,Gumgaon,Maharashtra,1627.4,1618.35,9.05,0.6,5.9,0,FALSE,0,86.8,96.8,transport_issue,,,,1618.35
03-05-2024,Gumgaon,Maharashtra,1627.4,1602.11,25.29,1.6,1.9,0,FALSE,0,96.7,94.7,labour_shortage,,,,1602.11
04-05-2024,Gumgaon,Maharashtra,1627.4,1610.78,16.62,1,1.7,0,FALSE,0,93.2,92.5,labour_shortage,,,,1610.78
05-05-2024,Gumgaon,Maharashtra,1627.4,1474.1,153.3,9.4,3.2,6.4,FALSE,0,97.6,100,equipment_failure,,,,1474.1
06-05-2024,Gumgaon,Maharashtra,1627.4,1587.64,39.76,2.4,1.9,0,FALSE,0,91.9,95.2,transport_issue,,,,1587.64
07-05-2024,Gumgaon,Maharashtra,1627.4,1604.51,22.89,1.4,1.4,0,FALSE,0,95.3,96.4,transport_issue,,,,1604.51
08-05-2024,Gumgaon,Maharashtra,1627.4,1582.13,45.27,2.8,5.6,0,FALSE,0,91.4,94.7,transport_issue,,,,1582.13
09-05-2024,Gumgaon,Maharashtra,1627.4,1530.59,96.81,5.9,6.4,0,FALSE,0,86.7,93,transport_issue,,,,1530.59
10-05-2024,Gumgaon,Maharashtra,1627.4,1549.44,77.96,4.8,7.4,0,FALSE,0,90.2,96.2,transport_issue,,,,1549.44
11-05-2024,Gumgaon,Maharashtra,1627.4,1597.28,30.12,1.9,3,0,FALSE,0,98.1,97.1,labour_shortage,,,,1597.28
12-05-2024,Gumgaon,Maharashtra,1627.4,1578.86,48.54,3,3.6,0,FALSE,0,76,94,transport_issue,,,,1578.86
13-05-2024,Gumgaon,Maharashtra,1627.4,1591.4,36,2.2,3.8,0,TRUE,3.2,96.7,93.9,blasting_delay,,,,1591.4
14-05-2024,Gumgaon,Maharashtra,1627.4,1606.8,20.6,1.3,2.7,0,FALSE,0,96.5,100,transport_issue,,,,1606.8
15-05-2024,Gumgaon,Maharashtra,1627.4,1631.33,-3.93,-0.2,3.4,0,FALSE,0,100,86.3,none,,,,1631.33
16-05-2024,Gumgaon,Maharashtra,1627.4,1586.49,40.91,2.5,2.7,0,FALSE,0,99.2,96.6,labour_shortage,,,,1586.49
17-05-2024,Gumgaon,Maharashtra,1627.4,1557.17,70.23,4.3,5.6,0,FALSE,0,93,90.3,labour_shortage,,,,1557.17
18-05-2024,Gumgaon,Maharashtra,1627.4,1569.7,57.7,3.5,1.2,0,FALSE,0,100,92.2,labour_shortage,,,,1569.7
19-05-2024,Gumgaon,Maharashtra,1627.4,1548.31,79.09,4.9,5.1,0,FALSE,0,100,86.9,labour_shortage,,,,1548.31
20-05-2024,Gumgaon,Maharashtra,1627.4,1559.24,68.16,4.2,2.9,0,FALSE,0,85.6,91.3,transport_issue,,,,1559.24
21-05-2024,Gumgaon,Maharashtra,1627.4,1641.2,-13.8,-0.8,8.6,0,FALSE,0,100,87.7,none,,,,1641.2
22-05-2024,Gumgaon,Maharashtra,1627.4,1539.7,87.7,5.4,1.2,0,FALSE,0,91.1,93.6,transport_issue,,,,1539.7
23-05-2024,Gumgaon,Maharashtra,1627.4,1587.18,40.22,2.5,3.4,0,FALSE,0,92.6,88.9,labour_shortage,,,,1587.18
24-05-2024,Gumgaon,Maharashtra,1627.4,1603.45,23.95,1.5,1.1,0,FALSE,0,86.5,93.3,transport_issue,,,,1603.45
25-05-2024,Gumgaon,Maharashtra,1627.4,1613.26,14.14,0.9,3.5,0,FALSE,0,91.2,93.9,transport_issue,,,,1613.26
26-05-2024,Gumgaon,Maharashtra,1627.4,1623.54,3.86,0.2,3.2,0,FALSE,0,98.4,99.9,none,,,,1623.54
27-05-2024,Gumgaon,Maharashtra,1627.4,1604.16,23.24,1.4,8.1,0,TRUE,1.5,94.3,94.2,labour_shortage,,,,1604.16
28-05-2024,Gumgaon,Maharashtra,1627.4,1411.92,215.48,13.2,1.3,6.3,FALSE,0,89.3,92.9,equipment_failure,,,,1411.92
29-05-2024,Gumgaon,Maharashtra,1627.4,1657.99,-30.59,-1.9,4.9,0,FALSE,0,99.5,95,none,,,,1657.99
30-05-2024,Gumgaon,Maharashtra,1627.4,1647.23,-19.83,-1.2,3.3,0,FALSE,0,99.9,100,none,,,,1647.23
31-05-2024,Gumgaon,Maharashtra,1627.4,1473.91,153.49,9.4,2.1,4,FALSE,0,93.5,92.8,equipment_failure,,,,1473.91
01-06-2024,Gumgaon,Maharashtra,1627.4,1600.97,26.43,1.6,5.8,0,FALSE,0,83.2,96.6,transport_issue,,,,1600.97
02-06-2024,Gumgaon,Maharashtra,1627.4,1535.56,91.84,5.6,44.8,0,FALSE,0,90.5,94.1,heavy_rainfall,,,,1535.56
03-06-2024,Gumgaon,Maharashtra,1627.4,1610.26,17.14,1.1,10.4,0,FALSE,0,82.9,97.3,transport_issue,,,,1610.26
04-06-2024,Gumgaon,Maharashtra,1627.4,1364.2,263.2,16.2,37.4,5.7,FALSE,0,67.2,92,transport_issue,,,,1364.2
05-06-2024,Gumgaon,Maharashtra,1627.4,1513.47,113.93,7,28.4,0,FALSE,0,81.8,95.8,transport_issue,,,,1513.47
06-06-2024,Gumgaon,Maharashtra,1627.4,1327.29,300.11,18.4,78.9,5.9,FALSE,0,76.5,96.1,heavy_rainfall,,,,1327.29
07-06-2024,Gumgaon,Maharashtra,1627.4,1498.17,129.23,7.9,38.4,0,FALSE,0,74.2,98.9,transport_issue,,,,1498.17
08-06-2024,Gumgaon,Maharashtra,1627.4,1371.17,256.23,15.7,24.4,6.1,FALSE,0,74,98.7,transport_issue,,,,1371.17
09-06-2024,Gumgaon,Maharashtra,1627.4,1566.7,60.7,3.7,60.5,0,FALSE,0,85.4,96.1,heavy_rainfall,,,,1566.7
10-06-2024,Gumgaon,Maharashtra,1627.4,1570.76,56.64,3.5,29.6,0,FALSE,0,83.1,98.9,transport_issue,,,,1570.76
11-06-2024,Gumgaon,Maharashtra,1627.4,1535.82,91.58,5.6,19.4,0,FALSE,0,84.4,94.3,transport_issue,,,,1535.82
12-06-2024,Gumgaon,Maharashtra,1627.4,1581.46,45.94,2.8,31.8,0,FALSE,0,82.2,93.2,transport_issue,,,,1581.46
13-06-2024,Gumgaon,Maharashtra,1627.4,1578.99,48.41,3,45.5,0,FALSE,0,82.9,93.9,heavy_rainfall,,,,1578.99
14-06-2024,Gumgaon,Maharashtra,1627.4,1575.51,51.89,3.2,4.9,0,FALSE,0,84.7,92.2,transport_issue,,,,1575.51
15-06-2024,Gumgaon,Maharashtra,1627.4,1497.9,129.5,8,89,0,FALSE,0,80.2,97.7,heavy_rainfall,,,,1497.9
16-06-2024,Gumgaon,Maharashtra,1627.4,1528.94,98.46,6.1,60.8,0,FALSE,0,78.3,95.3,heavy_rainfall,,,,1528.94
17-06-2024,Gumgaon,Maharashtra,1627.4,1532.22,95.18,5.8,10.1,0,FALSE,0,79,95.7,transport_issue,,,,1532.22
18-06-2024,Gumgaon,Maharashtra,1627.4,1532.64,94.76,5.8,7.7,0,FALSE,0,83.3,93.1,transport_issue,,,,1532.64
19-06-2024,Gumgaon,Maharashtra,1627.4,1534.39,93.01,5.7,55.2,0,FALSE,0,81.6,97,heavy_rainfall,,,,1534.39
20-06-2024,Gumgaon,Maharashtra,1627.4,1585.69,41.71,2.6,18.2,0,FALSE,0,85,100,transport_issue,,,,1585.69
21-06-2024,Gumgaon,Maharashtra,1627.4,1607.59,19.81,1.2,31.3,0,FALSE,0,82.9,100,transport_issue,,,,1607.59
22-06-2024,Gumgaon,Maharashtra,1627.4,1424.35,203.05,12.5,64.6,0,TRUE,2.7,65,100,heavy_rainfall,,,,1424.35
23-06-2024,Gumgaon,Maharashtra,1627.4,1585.66,41.74,2.6,31.4,0,FALSE,0,81.5,98.9,transport_issue,,,,1585.66
24-06-2024,Gumgaon,Maharashtra,1627.4,1328.11,299.29,18.4,62.3,9.3,FALSE,0,81.7,97,heavy_rainfall,,,,1328.11
25-06-2024,Gumgaon,Maharashtra,1627.4,1502.69,124.71,7.7,25.8,0,FALSE,0,68,84.9,transport_issue,,,,1502.69
26-06-2024,Gumgaon,Maharashtra,1627.4,1583.06,44.34,2.7,19.7,0,FALSE,0,85.6,100,transport_issue,,,,1583.06
27-06-2024,Gumgaon,Maharashtra,1627.4,1561.33,66.07,4.1,15.9,0,FALSE,0,87.2,98,transport_issue,,,,1561.33
28-06-2024,Gumgaon,Maharashtra,1627.4,1582.57,44.83,2.8,3.1,0,FALSE,0,84,91.8,transport_issue,,,,1582.57
29-06-2024,Gumgaon,Maharashtra,1627.4,1506.08,121.32,7.5,12.5,0,FALSE,0,77.8,94.3,transport_issue,,,,1506.08
30-06-2024,Gumgaon,Maharashtra,1627.4,1504.25,123.15,7.6,18.4,0,FALSE,0,76.6,92.2,transport_issue,,,,1504.25
01-07-2024,Gumgaon,Maharashtra,1627.4,1603.24,24.16,1.5,16.3,0,FALSE,0,89.4,99.1,transport_issue,,,,1603.24
02-07-2024,Gumgaon,Maharashtra,1627.4,1548.96,78.44,4.8,38.2,0,FALSE,0,83.2,98.5,transport_issue,,,,1548.96
03-07-2024,Gumgaon,Maharashtra,1627.4,1539.4,88,5.4,22.9,0,FALSE,0,89.6,89.2,labour_shortage,,,,1539.4
04-07-2024,Gumgaon,Maharashtra,1627.4,1433.02,194.38,11.9,79.5,2.1,FALSE,0,94.7,95,heavy_rainfall,,,,1433.02
05-07-2024,Gumgaon,Maharashtra,1627.4,1583.52,43.88,2.7,24.3,0,FALSE,0,90.2,100,transport_issue,,,,1583.52
06-07-2024,Gumgaon,Maharashtra,1627.4,1608.93,18.47,1.1,30.2,0,FALSE,0,92.8,97.8,transport_issue,,,,1608.93
07-07-2024,Gumgaon,Maharashtra,1627.4,1574.68,52.72,3.2,30.7,0,TRUE,3.1,89.9,98.9,transport_issue,,,,1574.68
08-07-2024,Gumgaon,Maharashtra,1627.4,1422.94,204.46,12.6,65.8,0,TRUE,5,92,93.2,heavy_rainfall,,,,1422.94
09-07-2024,Gumgaon,Maharashtra,1627.4,1547.72,79.68,4.9,14,0,FALSE,0,76.9,88.6,transport_issue,,,,1547.72
10-07-2024,Gumgaon,Maharashtra,1627.4,1449.73,177.67,10.9,35.8,4.7,FALSE,0,80.1,100,transport_issue,,,,1449.73
11-07-2024,Gumgaon,Maharashtra,1627.4,1607.83,19.57,1.2,43.1,0,FALSE,0,89,100,heavy_rainfall,,,,1607.83
12-07-2024,Gumgaon,Maharashtra,1627.4,1547.38,80.02,4.9,16.9,0,FALSE,0,88.1,87.7,labour_shortage,,,,1547.38
13-07-2024,Gumgaon,Maharashtra,1627.4,1502.02,125.38,7.7,51,0,FALSE,0,77.1,97,heavy_rainfall,,,,1502.02
14-07-2024,Gumgaon,Maharashtra,1627.4,1538.82,88.58,5.4,21.4,0,TRUE,3.2,87.8,98,transport_issue,,,,1538.82
15-07-2024,Gumgaon,Maharashtra,1627.4,1525.63,101.77,6.3,34,2.6,FALSE,0,79.3,100,transport_issue,,,,1525.63
16-07-2024,Gumgaon,Maharashtra,1627.4,1418.71,208.69,12.8,78.5,0,FALSE,0,72.1,93.9,heavy_rainfall,,,,1418.71
17-07-2024,Gumgaon,Maharashtra,1627.4,1497.63,129.77,8,8.3,4.4,FALSE,0,97.2,96.3,equipment_failure,,,,1497.63
18-07-2024,Gumgaon,Maharashtra,1627.4,1270.46,356.94,21.9,69.4,5.9,TRUE,4.2,77,91.9,heavy_rainfall,,,,1270.46
19-07-2024,Gumgaon,Maharashtra,1627.4,1593.66,33.74,2.1,42.3,0,FALSE,0,85.2,95.1,transport_issue,,,,1593.66
20-07-2024,Gumgaon,Maharashtra,1627.4,1488.01,139.39,8.6,84.6,0,FALSE,0,80.7,91.5,heavy_rainfall,,,,1488.01
21-07-2024,Gumgaon,Maharashtra,1627.4,1535.67,91.73,5.6,6.1,0,FALSE,0,82.1,94.2,transport_issue,,,,1535.67
22-07-2024,Gumgaon,Maharashtra,1627.4,1453.74,173.66,10.7,106.2,0,FALSE,0,89.2,95.5,heavy_rainfall,,,,1453.74
23-07-2024,Gumgaon,Maharashtra,1627.4,1402.38,225.02,13.8,83.3,2.3,FALSE,0,85.2,95.1,heavy_rainfall,,,,1402.38
24-07-2024,Gumgaon,Maharashtra,1627.4,1561.38,66.02,4.1,24.9,0,FALSE,0,85.8,97.6,transport_issue,,,,1561.38
25-07-2024,Gumgaon,Maharashtra,1627.4,1611.53,15.87,1,21.7,0,FALSE,0,85.6,95.7,transport_issue,,,,1611.53
26-07-2024,Gumgaon,Maharashtra,1627.4,1524.06,103.34,6.4,38,0,FALSE,0,82.7,93.3,transport_issue,,,,1524.06
27-07-2024,Gumgaon,Maharashtra,1627.4,1568.63,58.77,3.6,8.9,0,FALSE,0,87.9,97.9,transport_issue,,,,1568.63
28-07-2024,Gumgaon,Maharashtra,1627.4,1422.84,204.56,12.6,49.6,6.2,FALSE,0,79.4,99,heavy_rainfall,,,,1422.84
29-07-2024,Gumgaon,Maharashtra,1627.4,1498.79,128.61,7.9,18.5,0,FALSE,0,72.6,92.4,transport_issue,,,,1498.79
30-07-2024,Gumgaon,Maharashtra,1627.4,1481.66,145.74,9,17.1,2.4,FALSE,0,76.6,95,transport_issue,,,,1481.66
31-07-2024,Gumgaon,Maharashtra,1627.4,1521.26,106.14,6.5,48.5,0,FALSE,0,77.7,91.3,transport_issue,,,,1521.26
01-08-2024,Gumgaon,Maharashtra,1627.4,1417.28,210.12,12.9,1.8,4.8,FALSE,0,75.7,95.1,transport_issue,,,,1417.28
02-08-2024,Gumgaon,Maharashtra,1627.4,1518.88,108.52,6.7,7.1,0,FALSE,0,70.6,92.8,transport_issue,,,,1518.88
03-08-2024,Gumgaon,Maharashtra,1627.4,1581.68,45.72,2.8,4.7,0,FALSE,0,80.4,96.2,transport_issue,,,,1581.68
04-08-2024,Gumgaon,Maharashtra,1627.4,1536.8,90.6,5.6,14.1,0,FALSE,0,80.6,98.6,transport_issue,,,,1536.8
05-08-2024,Gumgaon,Maharashtra,1627.4,1469.27,158.13,9.7,13.6,4.6,FALSE,0,82.4,91.7,transport_issue,,,,1469.27
06-08-2024,Gumgaon,Maharashtra,1627.4,1582.6,44.8,2.8,12.7,0,FALSE,0,82.7,100,transport_issue,,,,1582.6
07-08-2024,Gumgaon,Maharashtra,1627.4,1450.72,176.68,10.9,50.4,0,TRUE,5.5,87.8,100,heavy_rainfall,,,,1450.72
08-08-2024,Gumgaon,Maharashtra,1627.4,1517.49,109.91,6.8,43.1,0,FALSE,0,83.4,97.7,transport_issue,,,,1517.49
09-08-2024,Gumgaon,Maharashtra,1627.4,1534.07,93.33,5.7,22.8,0,FALSE,0,76.4,93.6,transport_issue,,,,1534.07
10-08-2024,Gumgaon,Maharashtra,1627.4,1485.68,141.72,8.7,49.9,2.5,FALSE,0,85.7,94.8,heavy_rainfall,,,,1485.68
11-08-2024,Gumgaon,Maharashtra,1627.4,1525.23,102.17,6.3,15.8,0,FALSE,0,83.6,93.7,transport_issue,,,,1525.23
12-08-2024,Gumgaon,Maharashtra,1627.4,1454.29,173.11,10.6,85.7,0,FALSE,0,81.6,88.5,heavy_rainfall,,,,1454.29
13-08-2024,Gumgaon,Maharashtra,1627.4,1542.8,84.6,5.2,7,0,FALSE,0,82.9,95.8,transport_issue,,,,1542.8
14-08-2024,Gumgaon,Maharashtra,1627.4,1546.38,81.02,5,36.4,0,FALSE,0,79.1,92.7,transport_issue,,,,1546.38
15-08-2024,Gumgaon,Maharashtra,1627.4,1578.41,48.99,3,20.2,0,FALSE,0,87.4,90.5,transport_issue,,,,1578.41
16-08-2024,Gumgaon,Maharashtra,1627.4,1439.92,187.48,11.5,12.8,3,FALSE,0,83.4,89.8,transport_issue,,,,1439.92
17-08-2024,Gumgaon,Maharashtra,1627.4,1569.08,58.32,3.6,24.1,0,FALSE,0,78.3,94.7,transport_issue,,,,1569.08
18-08-2024,Gumgaon,Maharashtra,1627.4,1525.81,101.59,6.2,2.4,0,FALSE,0,69.6,91.4,transport_issue,,,,1525.81
19-08-2024,Gumgaon,Maharashtra,1627.4,1467.29,160.11,9.8,57.1,0,FALSE,0,76.7,91,heavy_rainfall,,,,1467.29
20-08-2024,Gumgaon,Maharashtra,1627.4,1626.04,1.36,0.1,22.9,0,FALSE,0,87.9,96.9,transport_issue,,,,1626.04
21-08-2024,Gumgaon,Maharashtra,1627.4,1589.12,38.28,2.4,5.2,0,FALSE,0,83.5,96.4,transport_issue,,,,1589.12
22-08-2024,Gumgaon,Maharashtra,1627.4,1545.88,81.52,5,30.1,0,FALSE,0,81.8,85.8,transport_issue,,,,1545.88
23-08-2024,Gumgaon,Maharashtra,1627.4,1562.32,65.08,4,36,0,FALSE,0,80,91.5,transport_issue,,,,1562.32
24-08-2024,Gumgaon,Maharashtra,1627.4,1500.94,126.46,7.8,37.4,0,FALSE,0,76.7,100,transport_issue,,,,1500.94
25-08-2024,Gumgaon,Maharashtra,1627.4,1542.39,85.01,5.2,30.7,0,FALSE,0,75.8,99.5,transport_issue,,,,1542.39
26-08-2024,Gumgaon,Maharashtra,1627.4,1525.98,101.42,6.2,10.3,0,FALSE,0,76.4,97.1,transport_issue,,,,1525.98
27-08-2024,Gumgaon,Maharashtra,1627.4,1525.4,102,6.3,9.6,0,FALSE,0,77.5,87.7,transport_issue,,,,1525.4
28-08-2024,Gumgaon,Maharashtra,1627.4,1507,120.4,7.4,49.4,0,FALSE,0,81.5,98.5,heavy_rainfall,,,,1507
29-08-2024,Gumgaon,Maharashtra,1627.4,1533.65,93.75,5.8,43.1,0,FALSE,0,79.6,90.4,transport_issue,,,,1533.65
30-08-2024,Gumgaon,Maharashtra,1627.4,1436.63,190.77,11.7,43.9,3.7,TRUE,2.9,83,94.3,transport_issue,,,,1436.63
31-08-2024,Gumgaon,Maharashtra,1627.4,1422.54,204.86,12.6,13.7,5.3,FALSE,0,83.8,95.3,transport_issue,,,,1422.54
01-09-2024,Gumgaon,Maharashtra,1627.4,1625.32,2.08,0.1,21.7,0,FALSE,0,89,95.5,transport_issue,,,,1625.32
02-09-2024,Gumgaon,Maharashtra,1627.4,1573.69,53.71,3.3,44,0,FALSE,0,86.6,98.3,heavy_rainfall,,,,1573.69
03-09-2024,Gumgaon,Maharashtra,1627.4,1586.26,41.14,2.5,10.2,0,FALSE,0,75,98.6,transport_issue,,,,1586.26
04-09-2024,Gumgaon,Maharashtra,1627.4,1524.55,102.85,6.3,37.7,0,FALSE,0,80,95.7,transport_issue,,,,1524.55
05-09-2024,Gumgaon,Maharashtra,1627.4,1543.95,83.45,5.1,31.4,0,FALSE,0,79.2,97.2,transport_issue,,,,1543.95
06-09-2024,Gumgaon,Maharashtra,1627.4,1499.24,128.16,7.9,69.5,0,FALSE,0,88.4,99.2,heavy_rainfall,,,,1499.24
07-09-2024,Gumgaon,Maharashtra,1627.4,1450.12,177.28,10.9,72.4,0,TRUE,4.3,78.4,96.3,heavy_rainfall,,,,1450.12
08-09-2024,Gumgaon,Maharashtra,1627.4,1607.56,19.84,1.2,13.3,0,FALSE,0,84,97.9,transport_issue,,,,1607.56
09-09-2024,Gumgaon,Maharashtra,1627.4,1539.35,88.05,5.4,63.2,0,FALSE,0,84.6,94.8,heavy_rainfall,,,,1539.35
10-09-2024,Gumgaon,Maharashtra,1627.4,1473.78,153.62,9.4,53.5,0,FALSE,0,73.9,96.3,heavy_rainfall,,,,1473.78
11-09-2024,Gumgaon,Maharashtra,1627.4,1475.99,151.41,9.3,65.7,0,FALSE,0,84,98.9,heavy_rainfall,,,,1475.99
12-09-2024,Gumgaon,Maharashtra,1627.4,1557.78,69.62,4.3,20.2,0,FALSE,0,72.9,99.3,transport_issue,,,,1557.78
13-09-2024,Gumgaon,Maharashtra,1627.4,1315.61,311.79,19.2,37,7.7,FALSE,0,73.1,99.3,transport_issue,,,,1315.61
14-09-2024,Gumgaon,Maharashtra,1627.4,1471.49,155.91,9.6,75.9,0,FALSE,0,70.2,96.9,heavy_rainfall,,,,1471.49
15-09-2024,Gumgaon,Maharashtra,1627.4,1539.49,87.91,5.4,18.2,0,TRUE,3.1,84.2,96.3,transport_issue,,,,1539.49
16-09-2024,Gumgaon,Maharashtra,1627.4,1541.8,85.6,5.3,26.4,0,FALSE,0,70.3,96.9,transport_issue,,,,1541.8
17-09-2024,Gumgaon,Maharashtra,1627.4,1555.4,72,4.4,2.9,0,FALSE,0,83.4,95.2,transport_issue,,,,1555.4
18-09-2024,Gumgaon,Maharashtra,1627.4,1521.83,105.57,6.5,19.5,0,TRUE,2.8,82.1,89.6,transport_issue,,,,1521.83
19-09-2024,Gumgaon,Maharashtra,1627.4,1580.93,46.47,2.9,28.9,0,FALSE,0,84.7,96.7,transport_issue,,,,1580.93
20-09-2024,Gumgaon,Maharashtra,1627.4,1536.06,91.34,5.6,46.5,0,TRUE,2.5,85.7,98.5,heavy_rainfall,,,,1536.06
21-09-2024,Gumgaon,Maharashtra,1627.4,1537.68,89.72,5.5,17.6,0,FALSE,0,86.6,91,transport_issue,,,,1537.68
22-09-2024,Gumgaon,Maharashtra,1627.4,1525.61,101.79,6.3,57,0,FALSE,0,81.8,91.5,heavy_rainfall,,,,1525.61
23-09-2024,Gumgaon,Maharashtra,1627.4,1572.84,54.56,3.4,26.8,0,FALSE,0,73.7,95.8,transport_issue,,,,1572.84
24-09-2024,Gumgaon,Maharashtra,1627.4,1460.64,166.76,10.2,22.2,0,TRUE,5.5,85,94.6,transport_issue,,,,1460.64
25-09-2024,Gumgaon,Maharashtra,1627.4,1535.92,91.48,5.6,26.1,0,FALSE,0,90.2,84.3,labour_shortage,,,,1535.92
26-09-2024,Gumgaon,Maharashtra,1627.4,1579.23,48.17,3,12.7,0,FALSE,0,90,94.1,transport_issue,,,,1579.23
27-09-2024,Gumgaon,Maharashtra,1627.4,1353.16,274.24,16.9,32.4,6,FALSE,0,72.9,95,transport_issue,,,,1353.16
28-09-2024,Gumgaon,Maharashtra,1627.4,1589.62,37.78,2.3,24,0,FALSE,0,81.8,93,transport_issue,,,,1589.62
29-09-2024,Gumgaon,Maharashtra,1627.4,1553.31,74.09,4.6,42,0,FALSE,0,88,96.5,heavy_rainfall,,,,1553.31
30-09-2024,Gumgaon,Maharashtra,1627.4,1497.89,129.51,8,45.6,0,FALSE,0,89.2,86.3,heavy_rainfall,,,,1497.89
01-10-2024,Gumgaon,Maharashtra,1627.4,1610.18,17.22,1.1,2.4,0,FALSE,0,100,95.9,labour_shortage,,,,1610.18
02-10-2024,Gumgaon,Maharashtra,1627.4,1649.89,-22.49,-1.4,4.4,0,FALSE,0,97.1,94.3,none,,,,1649.89
03-10-2024,Gumgaon,Maharashtra,1627.4,1645.37,-17.97,-1.1,4,0,FALSE,0,95.9,96.2,none,,,,1645.37
04-10-2024,Gumgaon,Maharashtra,1627.4,1658.72,-31.32,-1.9,5.7,0,FALSE,0,100,99.4,none,,,,1658.72
05-10-2024,Gumgaon,Maharashtra,1627.4,1644.73,-17.33,-1.1,2.9,0,FALSE,0,100,91.1,none,,,,1644.73
06-10-2024,Gumgaon,Maharashtra,1627.4,1588.86,38.54,2.4,3.8,0,FALSE,0,98.3,96.9,labour_shortage,,,,1588.86
07-10-2024,Gumgaon,Maharashtra,1627.4,1474.59,152.81,9.4,0.3,0,TRUE,3,83.3,96.1,transport_issue,,,,1474.59
08-10-2024,Gumgaon,Maharashtra,1627.4,1553.01,74.39,4.6,12.5,0,FALSE,0,95.7,87.8,labour_shortage,,,,1553.01
09-10-2024,Gumgaon,Maharashtra,1627.4,1425.16,202.24,12.4,1.6,6.6,FALSE,0,99,90,equipment_failure,,,,1425.16
10-10-2024,Gumgaon,Maharashtra,1627.4,1594.07,33.33,2,12.4,0,FALSE,0,94.6,98.5,transport_issue,,,,1594.07
11-10-2024,Gumgaon,Maharashtra,1627.4,1525.04,102.36,6.3,6.9,4.4,FALSE,0,97.7,96.1,equipment_failure,,,,1525.04
12-10-2024,Gumgaon,Maharashtra,1627.4,1557.62,69.78,4.3,5.5,0,FALSE,0,98.9,92.6,labour_shortage,,,,1557.62
13-10-2024,Gumgaon,Maharashtra,1627.4,1616.56,10.84,0.7,9.7,0,FALSE,0,94.2,91.8,labour_shortage,,,,1616.56
14-10-2024,Gumgaon,Maharashtra,1627.4,1477.01,150.39,9.2,10.9,3.3,FALSE,0,79.4,97.4,transport_issue,,,,1477.01
15-10-2024,Gumgaon,Maharashtra,1627.4,1559.3,68.1,4.2,1.4,0,FALSE,0,97.4,93,labour_shortage,,,,1559.3
16-10-2024,Gumgaon,Maharashtra,1627.4,1552.91,74.49,4.6,2.4,0,FALSE,0,87.6,94.2,transport_issue,,,,1552.91
17-10-2024,Gumgaon,Maharashtra,1627.4,1534.88,92.52,5.7,2.7,0,FALSE,0,88,93.4,transport_issue,,,,1534.88
18-10-2024,Gumgaon,Maharashtra,1627.4,1557.97,69.43,4.3,0.9,0,FALSE,0,80.4,91.3,transport_issue,,,,1557.97
19-10-2024,Gumgaon,Maharashtra,1627.4,1463.92,163.48,10,1.5,6.9,FALSE,0,93,94.2,equipment_failure,,,,1463.92
20-10-2024,Gumgaon,Maharashtra,1627.4,1460.67,166.73,10.2,0.7,6.3,FALSE,0,86.4,96.3,transport_issue,,,,1460.67
21-10-2024,Gumgaon,Maharashtra,1627.4,1534.52,92.88,5.7,8.5,0,TRUE,2.9,95,92,labour_shortage,,,,1534.52
22-10-2024,Gumgaon,Maharashtra,1627.4,1589.74,37.66,2.3,1.3,0,FALSE,0,98.2,96.6,labour_shortage,,,,1589.74
23-10-2024,Gumgaon,Maharashtra,1627.4,1575.87,51.53,3.2,0.8,0,FALSE,0,84.7,88.9,transport_issue,,,,1575.87
24-10-2024,Gumgaon,Maharashtra,1627.4,1575.28,52.12,3.2,0.2,0,FALSE,0,90,94.9,transport_issue,,,,1575.28
25-10-2024,Gumgaon,Maharashtra,1627.4,1578.53,48.87,3,4.5,0,FALSE,0,80.6,87.7,transport_issue,,,,1578.53
26-10-2024,Gumgaon,Maharashtra,1627.4,1572.54,54.86,3.4,3.2,0,FALSE,0,85.5,98,transport_issue,,,,1572.54
27-10-2024,Gumgaon,Maharashtra,1627.4,1580.44,46.96,2.9,0.4,0,FALSE,0,97.6,95,labour_shortage,,,,1580.44
28-10-2024,Gumgaon,Maharashtra,1627.4,1598.23,29.17,1.8,2.7,0,FALSE,0,86.8,94.6,transport_issue,,,,1598.23
29-10-2024,Gumgaon,Maharashtra,1627.4,1608.23,19.17,1.2,17.2,0,FALSE,0,91,100,transport_issue,,,,1608.23
30-10-2024,Gumgaon,Maharashtra,1627.4,1646.25,-18.85,-1.2,2.9,0,FALSE,0,97.5,98.9,none,,,,1646.25
31-10-2024,Gumgaon,Maharashtra,1627.4,1630.9,-3.5,-0.2,3.1,0,FALSE,0,98,94.9,none,,,,1630.9
01-11-2024,Gumgaon,Maharashtra,1627.4,1626.38,1.02,0.1,4.3,0,FALSE,0,97.1,95.1,labour_shortage,,,,1626.38
02-11-2024,Gumgaon,Maharashtra,1627.4,1581.93,45.47,2.8,2.3,0,FALSE,0,82.7,100,transport_issue,,,,1581.93
03-11-2024,Gumgaon,Maharashtra,1627.4,1534.3,93.1,5.7,3.3,0,FALSE,0,90.9,93.1,transport_issue,,,,1534.3
04-11-2024,Gumgaon,Maharashtra,1627.4,1588.51,38.89,2.4,1,0,FALSE,0,96.7,100,transport_issue,,,,1588.51
05-11-2024,Gumgaon,Maharashtra,1627.4,1628.6,-1.2,-0.1,1.6,0,FALSE,0,93.6,98.8,none,,,,1628.6
06-11-2024,Gumgaon,Maharashtra,1627.4,1571.91,55.49,3.4,2.5,0,FALSE,0,100,95.3,labour_shortage,,,,1571.91
07-11-2024,Gumgaon,Maharashtra,1627.4,1618.07,9.33,0.6,8.1,0,FALSE,0,88.2,94.5,transport_issue,,,,1618.07
08-11-2024,Gumgaon,Maharashtra,1627.4,1641.58,-14.18,-0.9,1.1,0,FALSE,0,96.7,93.1,none,,,,1641.58
09-11-2024,Gumgaon,Maharashtra,1627.4,1499.19,128.21,7.9,1.9,0,TRUE,5.5,77.4,100,transport_issue,,,,1499.19
10-11-2024,Gumgaon,Maharashtra,1627.4,1630.53,-3.13,-0.2,1.5,0,FALSE,0,99.4,95.2,none,,,,1630.53
11-11-2024,Gumgaon,Maharashtra,1627.4,1627.21,0.19,0,5.1,0,FALSE,0,100,95.5,labour_shortage,,,,1627.21
12-11-2024,Gumgaon,Maharashtra,1627.4,1580.71,46.69,2.9,4.7,0,FALSE,0,85.3,91.1,transport_issue,,,,1580.71
13-11-2024,Gumgaon,Maharashtra,1627.4,1601.62,25.78,1.6,4.1,0,FALSE,0,87.2,97.5,transport_issue,,,,1601.62
14-11-2024,Gumgaon,Maharashtra,1627.4,1597.89,29.51,1.8,7.8,0,FALSE,0,95.8,96.2,transport_issue,,,,1597.89
15-11-2024,Gumgaon,Maharashtra,1627.4,1593.88,33.52,2.1,0.3,0,FALSE,0,92.3,100,transport_issue,,,,1593.88
16-11-2024,Gumgaon,Maharashtra,1627.4,1602.98,24.42,1.5,6.2,0,FALSE,0,98.7,100,none,,,,1602.98
17-11-2024,Gumgaon,Maharashtra,1627.4,1576.77,50.63,3.1,7.8,0,FALSE,0,79.5,93.1,transport_issue,,,,1576.77
18-11-2024,Gumgaon,Maharashtra,1627.4,1500.15,127.25,7.8,2,3,FALSE,0,98.5,96.2,equipment_failure,,,,1500.15
19-11-2024,Gumgaon,Maharashtra,1627.4,1530.41,96.99,6,0.4,0,TRUE,4.1,88.7,96.5,transport_issue,,,,1530.41
20-11-2024,Gumgaon,Maharashtra,1627.4,1587.81,39.59,2.4,12.5,0,FALSE,0,81,95.8,transport_issue,,,,1587.81
21-11-2024,Gumgaon,Maharashtra,1627.4,1613.79,13.61,0.8,3.4,0,FALSE,0,92.3,90.9,labour_shortage,,,,1613.79
22-11-2024,Gumgaon,Maharashtra,1627.4,1191.28,436.12,26.8,1,14.7,TRUE,2.4,91.4,91.9,equipment_failure,,,,1191.28
23-11-2024,Gumgaon,Maharashtra,1627.4,1615.48,11.92,0.7,2.8,0,FALSE,0,93.9,99.8,transport_issue,,,,1615.48
24-11-2024,Gumgaon,Maharashtra,1627.4,1339.97,287.43,17.7,1.6,6.6,TRUE,2.6,84.6,96.2,transport_issue,,,,1339.97
25-11-2024,Gumgaon,Maharashtra,1627.4,1594.79,32.61,2,1,0,FALSE,0,87.7,98.6,transport_issue,,,,1594.79
26-11-2024,Gumgaon,Maharashtra,1627.4,1551.84,75.56,4.6,7.8,0,FALSE,0,88.1,97.2,transport_issue,,,,1551.84
27-11-2024,Gumgaon,Maharashtra,1627.4,1541.76,85.64,5.3,1.7,0,FALSE,0,84.4,91.2,transport_issue,,,,1541.76
28-11-2024,Gumgaon,Maharashtra,1627.4,1654.05,-26.65,-1.6,1.8,0,FALSE,0,100,96.3,none,,,,1654.05
29-11-2024,Gumgaon,Maharashtra,1627.4,1557.99,69.41,4.3,10.8,0,FALSE,0,92,92.7,transport_issue,,,,1557.99
30-11-2024,Gumgaon,Maharashtra,1627.4,1543.48,83.92,5.2,3,0,FALSE,0,79.4,97,transport_issue,,,,1543.48
01-12-2024,Gumgaon,Maharashtra,1627.4,1475.76,151.64,9.3,2,4.4,FALSE,0,94.7,91.2,equipment_failure,,,,1475.76
02-12-2024,Gumgaon,Maharashtra,1627.4,1572.26,55.14,3.4,7.6,0,FALSE,0,96.5,85.6,labour_shortage,,,,1572.26
03-12-2024,Gumgaon,Maharashtra,1627.4,1569.83,57.57,3.5,1,0,FALSE,0,98.9,95.9,labour_shortage,,,,1569.83
04-12-2024,Gumgaon,Maharashtra,1627.4,1558.04,69.36,4.3,7.4,0,FALSE,0,92.1,95.7,transport_issue,,,,1558.04
05-12-2024,Gumgaon,Maharashtra,1627.4,1596.51,30.89,1.9,14.7,0,FALSE,0,94.7,100,transport_issue,,,,1596.51
06-12-2024,Gumgaon,Maharashtra,1627.4,1621.54,5.86,0.4,1.3,0,FALSE,0,95.4,98.2,transport_issue,,,,1621.54
07-12-2024,Gumgaon,Maharashtra,1627.4,1483.57,143.83,8.8,7.7,4.1,FALSE,0,92.2,90.4,labour_shortage,,,,1483.57
08-12-2024,Gumgaon,Maharashtra,1627.4,1600.43,26.97,1.7,3,0,FALSE,0,100,93,labour_shortage,,,,1600.43
09-12-2024,Gumgaon,Maharashtra,1627.4,1554.25,73.15,4.5,4.4,0,FALSE,0,84.6,97,transport_issue,,,,1554.25
10-12-2024,Gumgaon,Maharashtra,1627.4,1596.17,31.23,1.9,3.6,0,FALSE,0,85.1,97.3,transport_issue,,,,1596.17
11-12-2024,Gumgaon,Maharashtra,1627.4,1539.95,87.45,5.4,4.2,0,FALSE,0,84.1,90.8,transport_issue,,,,1539.95
12-12-2024,Gumgaon,Maharashtra,1627.4,1607.21,20.19,1.2,7.2,0,FALSE,0,87.7,95.7,transport_issue,,,,1607.21
13-12-2024,Gumgaon,Maharashtra,1627.4,1580.03,47.37,2.9,1.5,0,FALSE,0,89.1,97.1,transport_issue,,,,1580.03
14-12-2024,Gumgaon,Maharashtra,1627.4,1619.97,7.43,0.5,4.8,0,FALSE,0,93.5,92.4,labour_shortage,,,,1619.97
15-12-2024,Gumgaon,Maharashtra,1627.4,1426.3,201.1,12.4,1.5,5.4,FALSE,0,96,92.8,equipment_failure,,,,1426.3
16-12-2024,Gumgaon,Maharashtra,1627.4,1659.37,-31.97,-2,5.2,0,FALSE,0,96,99.3,none,,,,1659.37
17-12-2024,Gumgaon,Maharashtra,1627.4,1623.91,3.49,0.2,6.6,0,FALSE,0,90.9,99.1,transport_issue,,,,1623.91
18-12-2024,Gumgaon,Maharashtra,1627.4,1632.41,-5.01,-0.3,2.6,0,FALSE,0,94.6,95.4,none,,,,1632.41
19-12-2024,Gumgaon,Maharashtra,1627.4,1606.1,21.3,1.3,4.8,0,FALSE,0,88.4,95.6,transport_issue,,,,1606.1
20-12-2024,Gumgaon,Maharashtra,1627.4,1481.61,145.79,9,6.7,2.6,FALSE,0,79.5,90.8,transport_issue,,,,1481.61
21-12-2024,Gumgaon,Maharashtra,1627.4,1619.75,7.65,0.5,2.9,0,FALSE,0,86.3,98.9,transport_issue,,,,1619.75
22-12-2024,Gumgaon,Maharashtra,1627.4,1632.88,-5.48,-0.3,1.1,0,FALSE,0,100,98.5,none,,,,1632.88
23-12-2024,Gumgaon,Maharashtra,1627.4,1574.62,52.78,3.2,0.8,0,FALSE,0,94.3,92.5,labour_shortage,,,,1574.62
24-12-2024,Gumgaon,Maharashtra,1627.4,1560.37,67.03,4.1,1.8,0,FALSE,0,95,96.5,transport_issue,,,,1560.37
25-12-2024,Gumgaon,Maharashtra,1627.4,1340.63,286.77,17.6,1.5,5.6,TRUE,4.3,86.3,90.5,transport_issue,,,,1340.63
26-12-2024,Gumgaon,Maharashtra,1627.4,1496.12,131.28,8.1,2.7,4,FALSE,0,89.8,95.7,transport_issue,,,,1496.12
27-12-2024,Gumgaon,Maharashtra,1627.4,1622.96,4.44,0.3,1.2,0,FALSE,0,89.6,94.3,transport_issue,,,,1622.96
28-12-2024,Gumgaon,Maharashtra,1627.4,1589.59,37.81,2.3,5.2,0,FALSE,0,96.3,99.1,transport_issue,,,,1589.59
29-12-2024,Gumgaon,Maharashtra,1627.4,1463.84,163.56,10.1,4.3,4.7,TRUE,3.5,99.9,95.4,equipment_failure,,,,1463.84
30-12-2024,Gumgaon,Maharashtra,1627.4,1514,113.4,7,3.9,0,TRUE,5.1,89.6,100,transport_issue,,,,1514
31-12-2024,Gumgaon,Maharashtra,1627.4,1448.83,178.57,11,1.4,4.3,FALSE,0,83.9,100,transport_issue,,,,1448.83
01-01-2025,Gumgaon,Maharashtra,1627.4,1620.76,6.64,0.4,3,0,FALSE,0,86.6,96.7,transport_issue,,,,1620.76
02-01-2025,Gumgaon,Maharashtra,1627.4,1609.04,18.36,1.1,0.4,0,FALSE,0,100,91.4,labour_shortage,,,,1609.04
03-01-2025,Gumgaon,Maharashtra,1627.4,1569.56,57.84,3.6,3.5,0,FALSE,0,89.5,94.5,transport_issue,,,,1569.56
04-01-2025,Gumgaon,Maharashtra,1627.4,1601.57,25.83,1.6,2.4,0,FALSE,0,91,94.9,transport_issue,,,,1601.57
05-01-2025,Gumgaon,Maharashtra,1627.4,1612.73,14.67,0.9,1.4,0,FALSE,0,93.6,97.3,transport_issue,,,,1612.73
06-01-2025,Gumgaon,Maharashtra,1627.4,1621.72,5.68,0.3,10.2,0,FALSE,0,94.9,95.3,transport_issue,,,,1621.72
07-01-2025,Gumgaon,Maharashtra,1627.4,1597.9,29.5,1.8,1.5,0,FALSE,0,89.7,93.6,transport_issue,,,,1597.9
08-01-2025,Gumgaon,Maharashtra,1627.4,1595.34,32.06,2,4.2,0,FALSE,0,90.8,94.6,transport_issue,,,,1595.34
09-01-2025,Gumgaon,Maharashtra,1627.4,1591.97,35.43,2.2,1.7,0,FALSE,0,85.8,87,transport_issue,,,,1591.97
10-01-2025,Gumgaon,Maharashtra,1627.4,1596.66,30.74,1.9,12.9,0,FALSE,0,84.4,93.6,transport_issue,,,,1596.66
11-01-2025,Gumgaon,Maharashtra,1627.4,1400.4,227,13.9,7.1,7.9,FALSE,0,87.8,90.2,equipment_failure,,,,1400.4
12-01-2025,Gumgaon,Maharashtra,1627.4,1479.48,147.92,9.1,3.1,3.9,FALSE,0,95,100,equipment_failure,,,,1479.48
13-01-2025,Gumgaon,Maharashtra,1627.4,1617.62,9.78,0.6,2.5,0,FALSE,0,90.1,93.5,transport_issue,,,,1617.62
14-01-2025,Gumgaon,Maharashtra,1627.4,1589.95,37.45,2.3,2.1,0,FALSE,0,81.4,99.8,transport_issue,,,,1589.95
15-01-2025,Gumgaon,Maharashtra,1627.4,1596.01,31.39,1.9,0.9,0,FALSE,0,87.9,100,transport_issue,,,,1596.01
16-01-2025,Gumgaon,Maharashtra,1627.4,1385.99,241.41,14.8,2.5,7.8,FALSE,0,97,96.6,equipment_failure,,,,1385.99
17-01-2025,Gumgaon,Maharashtra,1627.4,1606.14,21.26,1.3,2.8,0,TRUE,1,94.5,92.2,labour_shortage,,,,1606.14
18-01-2025,Gumgaon,Maharashtra,1627.4,1545.53,81.87,5,12.2,0,FALSE,0,83.4,90.2,transport_issue,,,,1545.53
19-01-2025,Gumgaon,Maharashtra,1627.4,1605.62,21.78,1.3,0.9,0,FALSE,0,92.7,88.5,labour_shortage,,,,1605.62
20-01-2025,Gumgaon,Maharashtra,1627.4,1629.89,-2.49,-0.2,5.3,0,FALSE,0,93.9,99.2,none,,,,1629.89
21-01-2025,Gumgaon,Maharashtra,1627.4,1563.84,63.56,3.9,3.4,0,FALSE,0,100,93,labour_shortage,,,,1563.84
22-01-2025,Gumgaon,Maharashtra,1627.4,1612.79,14.61,0.9,3.4,0,FALSE,0,95.6,88.8,labour_shortage,,,,1612.79
23-01-2025,Gumgaon,Maharashtra,1627.4,1568.9,58.5,3.6,6.1,0,FALSE,0,86.8,88.2,transport_issue,,,,1568.9
24-01-2025,Gumgaon,Maharashtra,1627.4,1543.94,83.46,5.1,1,0,FALSE,0,89.6,93.8,transport_issue,,,,1543.94
25-01-2025,Gumgaon,Maharashtra,1627.4,1484.74,142.66,8.8,3.4,5,FALSE,0,89.7,100,transport_issue,,,,1484.74
26-01-2025,Gumgaon,Maharashtra,1627.4,1621.26,6.14,0.4,0.9,0,FALSE,0,93.3,95.4,transport_issue,,,,1621.26
27-01-2025,Gumgaon,Maharashtra,1627.4,1527.62,99.78,6.1,6.8,0,FALSE,0,87.2,93.4,transport_issue,,,,1527.62
28-01-2025,Gumgaon,Maharashtra,1627.4,1596.48,30.92,1.9,0.7,0,FALSE,0,87.7,95.6,transport_issue,,,,1596.48
29-01-2025,Gumgaon,Maharashtra,1627.4,1587.91,39.49,2.4,13.4,0,FALSE,0,95,100,transport_issue,,,,1587.91
30-01-2025,Gumgaon,Maharashtra,1627.4,1585.36,42.04,2.6,5.8,0,FALSE,0,100,100,none,,,,1585.36
31-01-2025,Gumgaon,Maharashtra,1627.4,1411.8,215.6,13.2,2.4,6.7,FALSE,0,90.9,94,equipment_failure,,,,1411.8
01-02-2025,Gumgaon,Maharashtra,1627.4,1508.34,119.06,7.3,7,0,TRUE,1.8,93.5,90.1,labour_shortage,,,,1508.34
02-02-2025,Gumgaon,Maharashtra,1627.4,1545.62,81.78,5,2.3,0,FALSE,0,81.3,97.6,transport_issue,,,,1545.62
03-02-2025,Gumgaon,Maharashtra,1627.4,1481.48,145.92,9,8.1,0,TRUE,3,91,91.5,transport_issue,,,,1481.48
04-02-2025,Gumgaon,Maharashtra,1627.4,1630.37,-2.97,-0.2,1.9,0,FALSE,0,96.3,95.9,none,,,,1630.37
05-02-2025,Gumgaon,Maharashtra,1627.4,1585.15,42.25,2.6,4.4,0,FALSE,0,100,100,none,,,,1585.15
06-02-2025,Gumgaon,Maharashtra,1627.4,1616.37,11.03,0.7,6.1,0,FALSE,0,90.8,97,transport_issue,,,,1616.37
07-02-2025,Gumgaon,Maharashtra,1627.4,1535.04,92.36,5.7,1.3,0,FALSE,0,77.9,89.7,transport_issue,,,,1535.04
08-02-2025,Gumgaon,Maharashtra,1627.4,1609.9,17.5,1.1,0.8,0,FALSE,0,95.5,96.7,transport_issue,,,,1609.9
09-02-2025,Gumgaon,Maharashtra,1627.4,1522.7,104.7,6.4,0.6,0,FALSE,0,84,92.8,transport_issue,,,,1522.7
10-02-2025,Gumgaon,Maharashtra,1627.4,1481.88,145.52,8.9,3.9,3.4,FALSE,0,94.7,97,equipment_failure,,,,1481.88
11-02-2025,Gumgaon,Maharashtra,1627.4,1635.38,-7.98,-0.5,9.6,0,FALSE,0,100,94,none,,,,1635.38
12-02-2025,Gumgaon,Maharashtra,1627.4,1560.18,67.22,4.1,0.7,0,FALSE,0,99.2,85,labour_shortage,,,,1560.18
13-02-2025,Gumgaon,Maharashtra,1627.4,1580.76,46.64,2.9,3,0,FALSE,0,86.7,95.5,transport_issue,,,,1580.76
14-02-2025,Gumgaon,Maharashtra,1627.4,1602.02,25.38,1.6,11.5,0,FALSE,0,92.1,90.6,labour_shortage,,,,1602.02
15-02-2025,Gumgaon,Maharashtra,1627.4,1575.22,52.18,3.2,6.6,0,FALSE,0,97.4,95.8,labour_shortage,,,,1575.22
16-02-2025,Gumgaon,Maharashtra,1627.4,1552.42,74.98,4.6,3.4,0,FALSE,0,88.5,94.9,transport_issue,,,,1552.42
17-02-2025,Gumgaon,Maharashtra,1627.4,1608.52,18.88,1.2,2.1,0,FALSE,0,91.6,93.6,transport_issue,,,,1608.52
18-02-2025,Gumgaon,Maharashtra,1627.4,1578.98,48.42,3,2.4,0,FALSE,0,83.9,100,transport_issue,,,,1578.98
19-02-2025,Gumgaon,Maharashtra,1627.4,1590.63,36.77,2.3,0.6,0,FALSE,0,91.4,91.1,labour_shortage,,,,1590.63
20-02-2025,Gumgaon,Maharashtra,1627.4,1550.63,76.77,4.7,2.8,2.8,FALSE,0,87.5,99,transport_issue,,,,1550.63
21-02-2025,Gumgaon,Maharashtra,1627.4,1554.35,73.05,4.5,3.8,0,FALSE,0,91.7,100,transport_issue,,,,1554.35
22-02-2025,Gumgaon,Maharashtra,1627.4,1616,11.4,0.7,4.9,0,FALSE,0,90.3,97.1,transport_issue,,,,1616
23-02-2025,Gumgaon,Maharashtra,1627.4,1647.4,-20,-1.2,1.8,0,FALSE,0,100,99.6,none,,,,1647.4
24-02-2025,Gumgaon,Maharashtra,1627.4,1597.94,29.46,1.8,16.6,0,FALSE,0,93.3,97.4,transport_issue,,,,1597.94
25-02-2025,Gumgaon,Maharashtra,1627.4,1653.17,-25.77,-1.6,5.9,0,FALSE,0,100,99,none,,,,1653.17
26-02-2025,Gumgaon,Maharashtra,1627.4,1627.99,-0.59,0,1.7,0,FALSE,0,97.9,98.8,none,,,,1627.99
27-02-2025,Gumgaon,Maharashtra,1627.4,1572.03,55.37,3.4,2.7,0,FALSE,0,90.5,97.8,transport_issue,,,,1572.03
28-02-2025,Gumgaon,Maharashtra,1627.4,1562.52,64.88,4,0.6,0,FALSE,0,82.4,98.3,transport_issue,,,,1562.52
01-03-2025,Gumgaon,Maharashtra,1627.4,1475.06,152.34,9.4,2.8,5,FALSE,0,87.3,100,transport_issue,,,,1475.06
02-03-2025,Gumgaon,Maharashtra,1627.4,1523.18,104.22,6.4,8.4,0,FALSE,0,76.7,95.7,transport_issue,,,,1523.18
03-03-2025,Gumgaon,Maharashtra,1627.4,1634.62,-7.22,-0.4,4.4,0,FALSE,0,98,98.5,none,,,,1634.62
04-03-2025,Gumgaon,Maharashtra,1627.4,1607.85,19.55,1.2,3,0,FALSE,0,100,92.5,labour_shortage,,,,1607.85
05-03-2025,Gumgaon,Maharashtra,1627.4,1622.3,5.1,0.3,1.7,0,FALSE,0,100,95.8,labour_shortage,,,,1622.3
06-03-2025,Gumgaon,Maharashtra,1627.4,1612.25,15.15,0.9,3.5,0,FALSE,0,100,97.6,labour_shortage,,,,1612.25
07-03-2025,Gumgaon,Maharashtra,1627.4,1460.85,166.55,10.2,2.2,3.1,FALSE,0,83.8,95.7,transport_issue,,,,1460.85
08-03-2025,Gumgaon,Maharashtra,1627.4,1404.12,223.28,13.7,4.1,7.9,FALSE,0,98.2,89.8,equipment_failure,,,,1404.12
09-03-2025,Gumgaon,Maharashtra,1627.4,1630.21,-2.81,-0.2,3.6,0,FALSE,0,100,94.8,none,,,,1630.21
10-03-2025,Gumgaon,Maharashtra,1627.4,1580.13,47.27,2.9,5.9,0,FALSE,0,96.7,93.8,labour_shortage,,,,1580.13
11-03-2025,Gumgaon,Maharashtra,1627.4,1614.53,12.87,0.8,12.3,0,FALSE,0,92.7,88.4,labour_shortage,,,,1614.53
12-03-2025,Gumgaon,Maharashtra,1627.4,1394.8,232.6,14.3,0.9,7.3,FALSE,0,89.2,96.2,equipment_failure,,,,1394.8
13-03-2025,Gumgaon,Maharashtra,1627.4,1556.67,70.73,4.3,3.2,0,FALSE,0,90.3,95.7,transport_issue,,,,1556.67
14-03-2025,Gumgaon,Maharashtra,1627.4,1539.51,87.89,5.4,1.2,3.1,FALSE,0,100,95.4,equipment_failure,,,,1539.51
15-03-2025,Gumgaon,Maharashtra,1627.4,1602.57,24.83,1.5,3.7,0,FALSE,0,90.3,100,transport_issue,,,,1602.57
16-03-2025,Gumgaon,Maharashtra,1627.4,1586.44,40.96,2.5,4.7,0,FALSE,0,76,100,transport_issue,,,,1586.44
17-03-2025,Gumgaon,Maharashtra,1627.4,1628.95,-1.55,-0.1,5.6,0,FALSE,0,94.8,98.3,none,,,,1628.95
18-03-2025,Gumgaon,Maharashtra,1627.4,1628.91,-1.51,-0.1,2,0,FALSE,0,96.7,91.3,none,,,,1628.91
19-03-2025,Gumgaon,Maharashtra,1627.4,1595.78,31.62,1.9,3.4,0,FALSE,0,90.3,96.4,transport_issue,,,,1595.78
20-03-2025,Gumgaon,Maharashtra,1627.4,1501.64,125.76,7.7,7.8,2.7,FALSE,0,94.6,91.9,labour_shortage,,,,1501.64
21-03-2025,Gumgaon,Maharashtra,1627.4,1620.7,6.7,0.4,6.5,0,FALSE,0,96.9,93.8,labour_shortage,,,,1620.7
22-03-2025,Gumgaon,Maharashtra,1627.4,1562.32,65.08,4,1.2,0,FALSE,0,90,96.2,transport_issue,,,,1562.32
23-03-2025,Gumgaon,Maharashtra,1627.4,1578.42,48.98,3,2.2,0,FALSE,0,90.6,92.5,transport_issue,,,,1578.42
24-03-2025,Gumgaon,Maharashtra,1627.4,1533.24,94.16,5.8,0.6,0,FALSE,0,78.3,98.6,transport_issue,,,,1533.24
25-03-2025,Gumgaon,Maharashtra,1627.4,1453.34,174.06,10.7,1,4,FALSE,0,92.7,92,equipment_failure,,,,1453.34
26-03-2025,Gumgaon,Maharashtra,1627.4,1543.1,84.3,5.2,0.7,0,FALSE,0,92.6,94,transport_issue,,,,1543.1
27-03-2025,Gumgaon,Maharashtra,1627.4,1480.66,146.74,9,4.9,4.7,FALSE,0,80.5,94,transport_issue,,,,1480.66
28-03-2025,Gumgaon,Maharashtra,1627.4,1531.82,95.58,5.9,2.3,0,FALSE,0,85,98.6,transport_issue,,,,1531.82
29-03-2025,Gumgaon,Maharashtra,1627.4,1473.3,154.1,9.5,3.4,6.4,FALSE,0,100,91,equipment_failure,,,,1473.3
30-03-2025,Gumgaon,Maharashtra,1627.4,1563.86,63.54,3.9,3.1,0,FALSE,0,93,89.7,labour_shortage,,,,1563.86
31-03-2025,Gumgaon,Maharashtra,1627.4,1612.16,15.24,0.9,2.9,0,FALSE,0,90.7,91.9,transport_issue,,,,1612.16
01-04-2024,Kandri,Maharashtra,1175.34,1173.75,1.59,0.1,5.2,0,FALSE,0,98.9,91.7,labour_shortage,,,,1173.75
02-04-2024,Kandri,Maharashtra,1175.34,1154.53,20.81,1.8,6.7,0,FALSE,0,81.7,94,transport_issue,,,,1154.53
03-04-2024,Kandri,Maharashtra,1175.34,1172.63,2.71,0.2,3.5,0,FALSE,0,97.4,97,labour_shortage,,,,1172.63
04-04-2024,Kandri,Maharashtra,1175.34,1157.85,17.49,1.5,1.8,0,FALSE,0,93,98.5,transport_issue,,,,1157.85
05-04-2024,Kandri,Maharashtra,1175.34,1015.79,159.55,13.6,2.9,6.8,FALSE,0,91,90.7,equipment_failure,,,,1015.79
06-04-2024,Kandri,Maharashtra,1175.34,1182.13,-6.79,-0.6,3.3,0,FALSE,0,97.9,91.5,none,,,,1182.13
07-04-2024,Kandri,Maharashtra,1175.34,1110.08,65.26,5.6,4,0,FALSE,0,86,89.8,transport_issue,,,,1110.08
08-04-2024,Kandri,Maharashtra,1175.34,1117.89,57.45,4.9,4.4,0,FALSE,0,87.5,92.9,transport_issue,,,,1117.89
09-04-2024,Kandri,Maharashtra,1175.34,1104.42,70.92,6,4.8,0,TRUE,1,92.5,94.8,transport_issue,,,,1104.42
10-04-2024,Kandri,Maharashtra,1175.34,1131.64,43.7,3.7,8.6,0,FALSE,0,95.4,99.9,transport_issue,,,,1131.64
11-04-2024,Kandri,Maharashtra,1175.34,1167.65,7.69,0.7,6,0,FALSE,0,88.3,99,transport_issue,,,,1167.65
12-04-2024,Kandri,Maharashtra,1175.34,1148.51,26.83,2.3,0.9,0,FALSE,0,86.5,95.1,transport_issue,,,,1148.51
13-04-2024,Kandri,Maharashtra,1175.34,1125.07,50.27,4.3,6.2,0,FALSE,0,84.8,93.1,transport_issue,,,,1125.07
14-04-2024,Kandri,Maharashtra,1175.34,1086.26,89.08,7.6,8.2,0,TRUE,4.4,87.2,86,labour_shortage,,,,1086.26
15-04-2024,Kandri,Maharashtra,1175.34,1162.86,12.48,1.1,4.2,0,FALSE,0,92.1,99.7,transport_issue,,,,1162.86
16-04-2024,Kandri,Maharashtra,1175.34,1180.76,-5.42,-0.5,1.3,0,FALSE,0,93.4,97.6,none,,,,1180.76
17-04-2024,Kandri,Maharashtra,1175.34,1179.11,-3.77,-0.3,7.4,0,FALSE,0,93.2,92.4,none,,,,1179.11
18-04-2024,Kandri,Maharashtra,1175.34,1160.85,14.49,1.2,7.8,0,FALSE,0,87.8,90.8,transport_issue,,,,1160.85
19-04-2024,Kandri,Maharashtra,1175.34,1110.15,65.19,5.5,0.5,0,FALSE,0,87.5,92.4,transport_issue,,,,1110.15
20-04-2024,Kandri,Maharashtra,1175.34,1187.95,-12.61,-1.1,8.3,0,FALSE,0,95.2,94.6,none,,,,1187.95
21-04-2024,Kandri,Maharashtra,1175.34,1107.46,67.88,5.8,16.1,0,TRUE,3.1,98.4,96.9,blasting_delay,,,,1107.46
22-04-2024,Kandri,Maharashtra,1175.34,1140.46,34.88,3,1.8,0,FALSE,0,95.6,100,transport_issue,,,,1140.46
23-04-2024,Kandri,Maharashtra,1175.34,1143.51,31.83,2.7,2.7,0,FALSE,0,81.1,90.2,transport_issue,,,,1143.51
24-04-2024,Kandri,Maharashtra,1175.34,1138.94,36.4,3.1,7.4,0,FALSE,0,87,96.9,transport_issue,,,,1138.94
25-04-2024,Kandri,Maharashtra,1175.34,1153.84,21.5,1.8,4.2,2.1,FALSE,0,98,94.6,labour_shortage,,,,1153.84
26-04-2024,Kandri,Maharashtra,1175.34,1156.59,18.75,1.6,2.7,0,FALSE,0,100,97.1,labour_shortage,,,,1156.59
27-04-2024,Kandri,Maharashtra,1175.34,1135.55,39.79,3.4,2,0,FALSE,0,98.3,91.7,labour_shortage,,,,1135.55
28-04-2024,Kandri,Maharashtra,1175.34,1181.45,-6.11,-0.5,2.9,0,FALSE,0,95,96.6,none,,,,1181.45
29-04-2024,Kandri,Maharashtra,1175.34,1101.87,73.47,6.3,8.5,0,TRUE,1.4,87.6,94.2,transport_issue,,,,1101.87
30-04-2024,Kandri,Maharashtra,1175.34,1174.64,0.7,0.1,7.4,0,FALSE,0,91.3,92.6,transport_issue,,,,1174.64
01-05-2024,Kandri,Maharashtra,1175.34,1143.79,31.55,2.7,2.7,0,FALSE,0,86.3,87.9,transport_issue,,,,1143.79
02-05-2024,Kandri,Maharashtra,1175.34,1150.28,25.06,2.1,1.1,0,FALSE,0,95.5,100,transport_issue,,,,1150.28
03-05-2024,Kandri,Maharashtra,1175.34,1123.63,51.71,4.4,3.3,0,FALSE,0,96.5,93.8,labour_shortage,,,,1123.63
04-05-2024,Kandri,Maharashtra,1175.34,1138.69,36.65,3.1,2.7,0,FALSE,0,89.7,89.7,labour_shortage,,,,1138.69
05-05-2024,Kandri,Maharashtra,1175.34,1152.23,23.11,2,1.6,0,FALSE,0,89.5,96.9,transport_issue,,,,1152.23
06-05-2024,Kandri,Maharashtra,1175.34,1156.19,19.15,1.6,0.6,0,FALSE,0,84.8,92.8,transport_issue,,,,1156.19
07-05-2024,Kandri,Maharashtra,1175.34,1193.31,-17.97,-1.5,4,0,FALSE,0,100,91.5,none,,,,1193.31
08-05-2024,Kandri,Maharashtra,1175.34,1082.62,92.72,7.9,0.7,0,TRUE,5.3,97.9,94.1,blasting_delay,,,,1082.62
09-05-2024,Kandri,Maharashtra,1175.34,1162.33,13.01,1.1,7.4,0,FALSE,0,95,99.4,transport_issue,,,,1162.33
10-05-2024,Kandri,Maharashtra,1175.34,1116.34,59,5,4.4,0,FALSE,0,88,95.9,transport_issue,,,,1116.34
11-05-2024,Kandri,Maharashtra,1175.34,1049.12,126.22,10.7,1.4,5.5,FALSE,0,100,92,equipment_failure,,,,1049.12
12-05-2024,Kandri,Maharashtra,1175.34,1132.68,42.66,3.6,3.6,0,FALSE,0,100,95,labour_shortage,,,,1132.68
13-05-2024,Kandri,Maharashtra,1175.34,1168.27,7.07,0.6,2.6,0,FALSE,0,91.8,95.9,transport_issue,,,,1168.27
14-05-2024,Kandri,Maharashtra,1175.34,1035.08,140.26,11.9,4.8,4.7,FALSE,0,89.7,98,transport_issue,,,,1035.08
15-05-2024,Kandri,Maharashtra,1175.34,1123.59,51.75,4.4,2.7,0,FALSE,0,85.2,96.3,transport_issue,,,,1123.59
16-05-2024,Kandri,Maharashtra,1175.34,1026.19,149.15,12.7,0.9,6.1,FALSE,0,88.7,92.3,equipment_failure,,,,1026.19
17-05-2024,Kandri,Maharashtra,1175.34,960.89,214.45,18.2,6.7,7.4,TRUE,1.9,87.2,97,equipment_failure,,,,960.89
18-05-2024,Kandri,Maharashtra,1175.34,1114.44,60.9,5.2,1.4,0,FALSE,0,83.6,95.7,transport_issue,,,,1114.44
19-05-2024,Kandri,Maharashtra,1175.34,1110.83,64.51,5.5,11.8,0,FALSE,0,91.2,87.1,labour_shortage,,,,1110.83
20-05-2024,Kandri,Maharashtra,1175.34,1000.37,174.97,14.9,5.8,7.5,FALSE,0,87.1,100,equipment_failure,,,,1000.37
21-05-2024,Kandri,Maharashtra,1175.34,1107.43,67.91,5.8,3,0,FALSE,0,87,90.8,transport_issue,,,,1107.43
22-05-2024,Kandri,Maharashtra,1175.34,1209.88,-34.54,-2.9,0.5,0,FALSE,0,100,100,none,,,,1209.88
23-05-2024,Kandri,Maharashtra,1175.34,1175.64,-0.3,0,6,0,FALSE,0,93.5,97.5,none,,,,1175.64
24-05-2024,Kandri,Maharashtra,1175.34,1157.81,17.53,1.5,4.9,0,FALSE,0,94.4,90.6,labour_shortage,,,,1157.81
25-05-2024,Kandri,Maharashtra,1175.34,1126.84,48.5,4.1,0.9,0,FALSE,0,94,99,transport_issue,,,,1126.84
26-05-2024,Kandri,Maharashtra,1175.34,1056.42,118.92,10.1,3.5,0,TRUE,5.3,83.3,97.1,transport_issue,,,,1056.42
27-05-2024,Kandri,Maharashtra,1175.34,1118.49,56.85,4.8,2.5,0,FALSE,0,83.9,93.2,transport_issue,,,,1118.49
28-05-2024,Kandri,Maharashtra,1175.34,1182.31,-6.97,-0.6,2.6,0,FALSE,0,94.7,92.5,none,,,,1182.31
29-05-2024,Kandri,Maharashtra,1175.34,1144.44,30.9,2.6,5,0,FALSE,0,91.9,93,transport_issue,,,,1144.44
30-05-2024,Kandri,Maharashtra,1175.34,1162.98,12.36,1.1,1.2,0,FALSE,0,100,92.6,labour_shortage,,,,1162.98
31-05-2024,Kandri,Maharashtra,1175.34,1115.39,59.95,5.1,0.9,0,FALSE,0,90.6,95.2,transport_issue,,,,1115.39
01-06-2024,Kandri,Maharashtra,1175.34,1031.62,143.72,12.2,17.9,4.2,FALSE,0,83.3,90.2,transport_issue,,,,1031.62
02-06-2024,Kandri,Maharashtra,1175.34,1121.88,53.46,4.5,31.5,0,FALSE,0,80.7,91,transport_issue,,,,1121.88
03-06-2024,Kandri,Maharashtra,1175.34,1148.29,27.05,2.3,8.2,0,FALSE,0,81.9,97.9,transport_issue,,,,1148.29
04-06-2024,Kandri,Maharashtra,1175.34,1077.13,98.21,8.4,49,0,FALSE,0,83.1,91.7,heavy_rainfall,,,,1077.13
05-06-2024,Kandri,Maharashtra,1175.34,1085.02,90.32,7.7,24,0,FALSE,0,71.5,97,transport_issue,,,,1085.02
06-06-2024,Kandri,Maharashtra,1175.34,1069.14,106.2,9,7.7,0,TRUE,5.2,84.2,93.3,transport_issue,,,,1069.14
07-06-2024,Kandri,Maharashtra,1175.34,1108.01,67.33,5.7,27.3,0,FALSE,0,77.9,99.1,transport_issue,,,,1108.01
08-06-2024,Kandri,Maharashtra,1175.34,1105.72,69.62,5.9,38.2,0,FALSE,0,75.9,94.3,transport_issue,,,,1105.72
09-06-2024,Kandri,Maharashtra,1175.34,1177.38,-2.04,-0.2,28.9,0,FALSE,0,89.3,98.8,none,,,,1177.38
10-06-2024,Kandri,Maharashtra,1175.34,1072.7,102.64,8.7,56.2,0,FALSE,0,82.2,97,heavy_rainfall,,,,1072.7
11-06-2024,Kandri,Maharashtra,1175.34,1046.17,129.17,11,24.6,5.4,FALSE,0,84.1,91.2,transport_issue,,,,1046.17
12-06-2024,Kandri,Maharashtra,1175.34,1109.82,65.52,5.6,18.4,0,FALSE,0,85.4,97.1,transport_issue,,,,1109.82
13-06-2024,Kandri,Maharashtra,1175.34,1108.18,67.16,5.7,24.6,0,FALSE,0,77.3,91.9,transport_issue,,,,1108.18
14-06-2024,Kandri,Maharashtra,1175.34,1052.18,123.16,10.5,75.1,0,FALSE,0,79.8,94.6,heavy_rainfall,,,,1052.18
15-06-2024,Kandri,Maharashtra,1175.34,1118.95,56.39,4.8,24.6,0,FALSE,0,84,100,transport_issue,,,,1118.95
16-06-2024,Kandri,Maharashtra,1175.34,1045.15,130.19,11.1,42.7,6.6,FALSE,0,89,98.6,heavy_rainfall,,,,1045.15
17-06-2024,Kandri,Maharashtra,1175.34,1081.35,93.99,8,57.1,0,FALSE,0,83.5,95.3,heavy_rainfall,,,,1081.35
18-06-2024,Kandri,Maharashtra,1175.34,1040.95,134.39,11.4,36.2,2.4,FALSE,0,81.5,92.2,transport_issue,,,,1040.95
19-06-2024,Kandri,Maharashtra,1175.34,1099.73,75.61,6.4,25.9,0,FALSE,0,89.6,89.9,transport_issue,,,,1099.73
20-06-2024,Kandri,Maharashtra,1175.34,1096.54,78.8,6.7,39.5,0,FALSE,0,83.5,88.8,transport_issue,,,,1096.54
21-06-2024,Kandri,Maharashtra,1175.34,1101.62,73.72,6.3,14.2,2.1,FALSE,0,81.6,95.6,transport_issue,,,,1101.62
22-06-2024,Kandri,Maharashtra,1175.34,1131.72,43.62,3.7,3.2,0,FALSE,0,86.3,97.2,transport_issue,,,,1131.72
23-06-2024,Kandri,Maharashtra,1175.34,1132.39,42.95,3.7,3,0,FALSE,0,84.9,88.4,transport_issue,,,,1132.39
24-06-2024,Kandri,Maharashtra,1175.34,1047.87,127.47,10.8,105.2,0,FALSE,0,83,94.4,heavy_rainfall,,,,1047.87
25-06-2024,Kandri,Maharashtra,1175.34,1122.08,53.26,4.5,30.1,0,FALSE,0,88.2,97.4,transport_issue,,,,1122.08
26-06-2024,Kandri,Maharashtra,1175.34,1114.04,61.3,5.2,25.9,0,FALSE,0,84.7,93.1,transport_issue,,,,1114.04
27-06-2024,Kandri,Maharashtra,1175.34,1022.74,152.6,13,26.1,6,FALSE,0,78.4,96.5,transport_issue,,,,1022.74
28-06-2024,Kandri,Maharashtra,1175.34,1064.51,110.83,9.4,52,2.6,FALSE,0,94.1,91.5,heavy_rainfall,,,,1064.51
29-06-2024,Kandri,Maharashtra,1175.34,1147.64,27.7,2.4,58.3,0,FALSE,0,91.5,96.7,heavy_rainfall,,,,1147.64
30-06-2024,Kandri,Maharashtra,1175.34,1152.44,22.9,1.9,19.3,0,FALSE,0,88.5,96.6,transport_issue,,,,1152.44
01-07-2024,Kandri,Maharashtra,1175.34,1142.41,32.93,2.8,12.8,0,FALSE,0,87.7,100,transport_issue,,,,1142.41
02-07-2024,Kandri,Maharashtra,1175.34,1071.54,103.8,8.8,54.4,0,FALSE,0,77.1,94.9,heavy_rainfall,,,,1071.54
03-07-2024,Kandri,Maharashtra,1175.34,1060.89,114.45,9.7,67.6,2.4,FALSE,0,89.6,88.1,heavy_rainfall,,,,1060.89
04-07-2024,Kandri,Maharashtra,1175.34,1144.61,30.73,2.6,36.5,0,FALSE,0,87.6,92.6,transport_issue,,,,1144.61
05-07-2024,Kandri,Maharashtra,1175.34,1158.58,16.76,1.4,15.6,0,FALSE,0,88,91.1,transport_issue,,,,1158.58
06-07-2024,Kandri,Maharashtra,1175.34,1146.99,28.35,2.4,35.7,0,FALSE,0,90.8,94,transport_issue,,,,1146.99
07-07-2024,Kandri,Maharashtra,1175.34,1119,56.34,4.8,4.9,0,FALSE,0,79.5,93.1,transport_issue,,,,1119
08-07-2024,Kandri,Maharashtra,1175.34,1008.3,167.04,14.2,103.3,0,TRUE,1.3,77.5,92.5,heavy_rainfall,,,,1008.3
09-07-2024,Kandri,Maharashtra,1175.34,1098.65,76.69,6.5,11.6,0,FALSE,0,80.2,98.2,transport_issue,,,,1098.65
10-07-2024,Kandri,Maharashtra,1175.34,1103.06,72.28,6.1,7.1,0,FALSE,0,78.2,98.8,transport_issue,,,,1103.06
11-07-2024,Kandri,Maharashtra,1175.34,1103.58,71.76,6.1,10.3,0,FALSE,0,76.6,89.6,transport_issue,,,,1103.58
12-07-2024,Kandri,Maharashtra,1175.34,1100.32,75.02,6.4,2.3,0,FALSE,0,77,100,transport_issue,,,,1100.32
13-07-2024,Kandri,Maharashtra,1175.34,1068.51,106.83,9.1,31.4,0,FALSE,0,70.4,95.4,transport_issue,,,,1068.51
14-07-2024,Kandri,Maharashtra,1175.34,1094.69,80.65,6.9,45.1,0,FALSE,0,88.3,96.6,heavy_rainfall,,,,1094.69
15-07-2024,Kandri,Maharashtra,1175.34,1135.85,39.49,3.4,20.9,0,FALSE,0,85.4,96.2,transport_issue,,,,1135.85
16-07-2024,Kandri,Maharashtra,1175.34,1116.73,58.61,5,30.3,0,FALSE,0,78.1,100,transport_issue,,,,1116.73
17-07-2024,Kandri,Maharashtra,1175.34,1098.8,76.54,6.5,25.5,2.1,FALSE,0,85.7,100,transport_issue,,,,1098.8
18-07-2024,Kandri,Maharashtra,1175.34,1095.81,79.53,6.8,10.5,0,FALSE,0,79.8,94.3,transport_issue,,,,1095.81
19-07-2024,Kandri,Maharashtra,1175.34,1156.4,18.94,1.6,52.3,0,FALSE,0,93.7,100,heavy_rainfall,,,,1156.4
20-07-2024,Kandri,Maharashtra,1175.34,1099.4,75.94,6.5,20.3,0,FALSE,0,78.5,94.6,transport_issue,,,,1099.4
21-07-2024,Kandri,Maharashtra,1175.34,1116.06,59.28,5,12.2,0,FALSE,0,77.8,100,transport_issue,,,,1116.06
22-07-2024,Kandri,Maharashtra,1175.34,1004.83,170.51,14.5,29.8,5.7,FALSE,0,79.9,93.8,transport_issue,,,,1004.83
23-07-2024,Kandri,Maharashtra,1175.34,1070.25,105.09,8.9,56.1,0,FALSE,0,77.4,95.9,heavy_rainfall,,,,1070.25
24-07-2024,Kandri,Maharashtra,1175.34,1099.35,75.99,6.5,17.9,0,FALSE,0,73.7,94.7,transport_issue,,,,1099.35
25-07-2024,Kandri,Maharashtra,1175.34,1063.12,112.22,9.5,11.1,0,FALSE,0,70.3,93.7,transport_issue,,,,1063.12
26-07-2024,Kandri,Maharashtra,1175.34,1137.86,37.48,3.2,16.4,0,FALSE,0,80.6,87.4,transport_issue,,,,1137.86
27-07-2024,Kandri,Maharashtra,1175.34,982.45,192.89,16.4,56,2.3,TRUE,3.9,82.5,87.5,heavy_rainfall,,,,982.45
28-07-2024,Kandri,Maharashtra,1175.34,1126.26,49.08,4.2,30.9,0,FALSE,0,74,93.8,transport_issue,,,,1126.26
29-07-2024,Kandri,Maharashtra,1175.34,1114.63,60.71,5.2,30.2,0,FALSE,0,89.2,92.5,transport_issue,,,,1114.63
30-07-2024,Kandri,Maharashtra,1175.34,1100.74,74.6,6.3,73.8,0,FALSE,0,79.3,98.4,heavy_rainfall,,,,1100.74
31-07-2024,Kandri,Maharashtra,1175.34,1126.71,48.63,4.1,38.3,0,FALSE,0,84.2,94.9,transport_issue,,,,1126.71
01-08-2024,Kandri,Maharashtra,1175.34,1075.88,99.46,8.5,26.8,0,FALSE,0,75.2,92.9,transport_issue,,,,1075.88
02-08-2024,Kandri,Maharashtra,1175.34,1154.76,20.58,1.8,5.3,0,FALSE,0,90.5,87.1,labour_shortage,,,,1154.76
03-08-2024,Kandri,Maharashtra,1175.34,1118.21,57.13,4.9,42,0,FALSE,0,89.4,93.3,heavy_rainfall,,,,1118.21
04-08-2024,Kandri,Maharashtra,1175.34,1095,80.34,6.8,12,0,FALSE,0,70.9,93.8,transport_issue,,,,1095
05-08-2024,Kandri,Maharashtra,1175.34,974.64,200.7,17.1,38.6,7,FALSE,0,71.7,97.1,transport_issue,,,,974.64
06-08-2024,Kandri,Maharashtra,1175.34,1035.93,139.41,11.9,30.5,4.7,FALSE,0,88.7,94.6,transport_issue,,,,1035.93
07-08-2024,Kandri,Maharashtra,1175.34,1022.22,153.12,13,10.3,6,FALSE,0,86.7,99.2,transport_issue,,,,1022.22
08-08-2024,Kandri,Maharashtra,1175.34,1145.84,29.5,2.5,12.2,0,FALSE,0,78.9,100,transport_issue,,,,1145.84
09-08-2024,Kandri,Maharashtra,1175.34,1110.21,65.13,5.5,30.4,0,FALSE,0,80,88.4,transport_issue,,,,1110.21
10-08-2024,Kandri,Maharashtra,1175.34,1119.39,55.95,4.8,32.8,0,FALSE,0,82.1,99.2,transport_issue,,,,1119.39
11-08-2024,Kandri,Maharashtra,1175.34,1101.53,73.81,6.3,14.1,0,FALSE,0,84.7,96.4,transport_issue,,,,1101.53
12-08-2024,Kandri,Maharashtra,1175.34,1051.25,124.09,10.6,71.8,0,TRUE,2.9,89.7,97.1,heavy_rainfall,,,,1051.25
13-08-2024,Kandri,Maharashtra,1175.34,1119.51,55.83,4.8,34.1,0,FALSE,0,85.4,89.8,transport_issue,,,,1119.51
14-08-2024,Kandri,Maharashtra,1175.34,1083.39,91.95,7.8,35.6,0,FALSE,0,80.2,96.3,transport_issue,,,,1083.39
15-08-2024,Kandri,Maharashtra,1175.34,1128.34,47,4,9.5,0,FALSE,0,85.3,93.7,transport_issue,,,,1128.34
16-08-2024,Kandri,Maharashtra,1175.34,1069.39,105.95,9,46.6,2.9,FALSE,0,86.2,93,heavy_rainfall,,,,1069.39
17-08-2024,Kandri,Maharashtra,1175.34,1076.01,99.33,8.5,52.6,0,FALSE,0,81.8,92,heavy_rainfall,,,,1076.01
18-08-2024,Kandri,Maharashtra,1175.34,1118.35,56.99,4.8,46,0,FALSE,0,78.8,96.7,transport_issue,,,,1118.35
19-08-2024,Kandri,Maharashtra,1175.34,1135.44,39.9,3.4,15.6,0,FALSE,0,83.7,98.7,transport_issue,,,,1135.44
20-08-2024,Kandri,Maharashtra,1175.34,1084.19,91.15,7.8,41.6,0,FALSE,0,78,92.5,transport_issue,,,,1084.19
21-08-2024,Kandri,Maharashtra,1175.34,1089.02,86.32,7.3,29,0,FALSE,0,68.4,94.9,transport_issue,,,,1089.02
22-08-2024,Kandri,Maharashtra,1175.34,1099.83,75.51,6.4,9.5,0,FALSE,0,82.8,90,transport_issue,,,,1099.83
23-08-2024,Kandri,Maharashtra,1175.34,1103.44,71.9,6.1,20.4,0,FALSE,0,79.8,90.7,transport_issue,,,,1103.44
24-08-2024,Kandri,Maharashtra,1175.34,1019.91,155.43,13.2,77.1,0,TRUE,3.8,84,98.2,heavy_rainfall,,,,1019.91
25-08-2024,Kandri,Maharashtra,1175.34,1134.55,40.79,3.5,22.6,0,FALSE,0,73.9,93.8,transport_issue,,,,1134.55
26-08-2024,Kandri,Maharashtra,1175.34,1102.07,73.27,6.2,6.4,0,FALSE,0,80.3,91.7,transport_issue,,,,1102.07
27-08-2024,Kandri,Maharashtra,1175.34,1122.68,52.66,4.5,32.5,0,FALSE,0,78.8,95.9,transport_issue,,,,1122.68
28-08-2024,Kandri,Maharashtra,1175.34,1160.16,15.18,1.3,24.6,0,FALSE,0,92.5,92.9,transport_issue,,,,1160.16
29-08-2024,Kandri,Maharashtra,1175.34,1095.72,79.62,6.8,30.4,0,FALSE,0,74.7,96.5,transport_issue,,,,1095.72
30-08-2024,Kandri,Maharashtra,1175.34,1063.75,111.59,9.5,24.5,4.4,FALSE,0,83.1,94.6,transport_issue,,,,1063.75
31-08-2024,Kandri,Maharashtra,1175.34,1108.86,66.48,5.7,33.4,0,FALSE,0,79.4,98.3,transport_issue,,,,1108.86
01-09-2024,Kandri,Maharashtra,1175.34,1004.39,170.95,14.5,100.8,0,TRUE,5,83.6,97.7,heavy_rainfall,,,,1004.39
02-09-2024,Kandri,Maharashtra,1175.34,1034.99,140.35,11.9,102.5,0,FALSE,0,85.9,91.4,heavy_rainfall,,,,1034.99
03-09-2024,Kandri,Maharashtra,1175.34,1068.77,106.57,9.1,17.5,0,FALSE,0,69.3,89.8,transport_issue,,,,1068.77
04-09-2024,Kandri,Maharashtra,1175.34,1146.52,28.82,2.5,27.4,0,FALSE,0,80.1,93,transport_issue,,,,1146.52
05-09-2024,Kandri,Maharashtra,1175.34,993.25,182.09,15.5,147.9,0,TRUE,4.5,93.1,94.7,heavy_rainfall,,,,993.25
06-09-2024,Kandri,Maharashtra,1175.34,1078.83,96.51,8.2,14.1,0,FALSE,0,73.1,90.9,transport_issue,,,,1078.83
07-09-2024,Kandri,Maharashtra,1175.34,1093.02,82.32,7,19.2,3.6,FALSE,0,90.5,97.2,transport_issue,,,,1093.02
08-09-2024,Kandri,Maharashtra,1175.34,1104.82,70.52,6,5.4,0,TRUE,1.6,77.7,90.1,transport_issue,,,,1104.82
09-09-2024,Kandri,Maharashtra,1175.34,1113.46,61.88,5.3,40.3,0,FALSE,0,75.4,92.6,transport_issue,,,,1113.46
10-09-2024,Kandri,Maharashtra,1175.34,1108.3,67.04,5.7,9.5,0,FALSE,0,78.9,86.9,transport_issue,,,,1108.3
11-09-2024,Kandri,Maharashtra,1175.34,1106.85,68.49,5.8,24.8,0,FALSE,0,73.7,90.6,transport_issue,,,,1106.85
12-09-2024,Kandri,Maharashtra,1175.34,1126.56,48.78,4.2,23.3,0,FALSE,0,68.2,97.4,transport_issue,,,,1126.56
13-09-2024,Kandri,Maharashtra,1175.34,1122.95,52.39,4.5,40.1,0,FALSE,0,86.5,89.2,transport_issue,,,,1122.95
14-09-2024,Kandri,Maharashtra,1175.34,1143.65,31.69,2.7,10.2,0,TRUE,1.5,81.8,100,transport_issue,,,,1143.65
15-09-2024,Kandri,Maharashtra,1175.34,1111.2,64.14,5.5,43.5,0,FALSE,0,81.6,94.9,transport_issue,,,,1111.2
16-09-2024,Kandri,Maharashtra,1175.34,1092.51,82.83,7,54.5,0,FALSE,0,94,93.6,heavy_rainfall,,,,1092.51
17-09-2024,Kandri,Maharashtra,1175.34,1116.18,59.16,5,9.1,0,FALSE,0,74.5,99.1,transport_issue,,,,1116.18
18-09-2024,Kandri,Maharashtra,1175.34,1059.26,116.08,9.9,32.1,0,TRUE,1.7,74,95,transport_issue,,,,1059.26
19-09-2024,Kandri,Maharashtra,1175.34,1111.39,63.95,5.4,33.1,0,FALSE,0,80.6,93.5,transport_issue,,,,1111.39
20-09-2024,Kandri,Maharashtra,1175.34,1087.5,87.84,7.5,26.8,0,FALSE,0,83.8,85.5,transport_issue,,,,1087.5
21-09-2024,Kandri,Maharashtra,1175.34,1092.37,82.97,7.1,6,0,FALSE,0,81.5,94.8,transport_issue,,,,1092.37
22-09-2024,Kandri,Maharashtra,1175.34,1121.47,53.87,4.6,4.5,0,TRUE,1,80.6,93.2,transport_issue,,,,1121.47
23-09-2024,Kandri,Maharashtra,1175.34,1147.97,27.37,2.3,39.6,0,FALSE,0,82.3,98.1,transport_issue,,,,1147.97
24-09-2024,Kandri,Maharashtra,1175.34,1132.97,42.37,3.6,40.4,0,FALSE,0,92.7,90,heavy_rainfall,,,,1132.97
25-09-2024,Kandri,Maharashtra,1175.34,1154.35,20.99,1.8,5.3,0,FALSE,0,86.2,100,transport_issue,,,,1154.35
26-09-2024,Kandri,Maharashtra,1175.34,1136.39,38.95,3.3,16.8,0,FALSE,0,84.7,94.2,transport_issue,,,,1136.39
27-09-2024,Kandri,Maharashtra,1175.34,1116.47,58.87,5,48.3,0,FALSE,0,88.5,93.6,heavy_rainfall,,,,1116.47
28-09-2024,Kandri,Maharashtra,1175.34,1122.84,52.5,4.5,32.4,0,FALSE,0,76.5,98.8,transport_issue,,,,1122.84
29-09-2024,Kandri,Maharashtra,1175.34,1119.33,56.01,4.8,30.3,0,FALSE,0,83.6,88.9,transport_issue,,,,1119.33
30-09-2024,Kandri,Maharashtra,1175.34,1058.51,116.83,9.9,12.8,4.9,FALSE,0,76.6,100,transport_issue,,,,1058.51
01-10-2024,Kandri,Maharashtra,1175.34,1053.33,122.01,10.4,2.4,6.6,FALSE,0,89.8,92,equipment_failure,,,,1053.33
02-10-2024,Kandri,Maharashtra,1175.34,1189.67,-14.33,-1.2,4.5,0,FALSE,0,95.9,94.8,none,,,,1189.67
03-10-2024,Kandri,Maharashtra,1175.34,1105.87,69.47,5.9,3,0,FALSE,0,79.5,100,transport_issue,,,,1105.87
04-10-2024,Kandri,Maharashtra,1175.34,1130.58,44.76,3.8,1.4,0,FALSE,0,95.5,95.4,labour_shortage,,,,1130.58
05-10-2024,Kandri,Maharashtra,1175.34,1078.78,96.56,8.2,11.5,2.1,FALSE,0,92.1,88.5,labour_shortage,,,,1078.78
06-10-2024,Kandri,Maharashtra,1175.34,1146.15,29.19,2.5,4.4,0,FALSE,0,91.7,100,transport_issue,,,,1146.15
07-10-2024,Kandri,Maharashtra,1175.34,1156.34,19,1.6,10.1,0,FALSE,0,92.9,97.3,transport_issue,,,,1156.34
08-10-2024,Kandri,Maharashtra,1175.34,1188.43,-13.09,-1.1,2.5,0,FALSE,0,93,100,none,,,,1188.43
09-10-2024,Kandri,Maharashtra,1175.34,1045.03,130.31,11.1,2.6,5.3,FALSE,0,96.4,96.2,equipment_failure,,,,1045.03
10-10-2024,Kandri,Maharashtra,1175.34,1150.17,25.17,2.1,7.8,0,FALSE,0,83.1,96.7,transport_issue,,,,1150.17
11-10-2024,Kandri,Maharashtra,1175.34,1144.56,30.78,2.6,7.8,0,FALSE,0,91.8,97.2,transport_issue,,,,1144.56
12-10-2024,Kandri,Maharashtra,1175.34,1137.83,37.51,3.2,0.7,0,FALSE,0,85.4,95.2,transport_issue,,,,1137.83
13-10-2024,Kandri,Maharashtra,1175.34,1089.24,86.1,7.3,2.5,0,FALSE,0,82.6,87.5,transport_issue,,,,1089.24
14-10-2024,Kandri,Maharashtra,1175.34,1131.68,43.66,3.7,3.2,0,FALSE,0,88.9,87.6,labour_shortage,,,,1131.68
15-10-2024,Kandri,Maharashtra,1175.34,1152.38,22.96,2,1.5,0,FALSE,0,86,95.1,transport_issue,,,,1152.38
16-10-2024,Kandri,Maharashtra,1175.34,1098.68,76.66,6.5,2.6,0,TRUE,3.7,97.9,96,blasting_delay,,,,1098.68
17-10-2024,Kandri,Maharashtra,1175.34,1188.32,-12.98,-1.1,5,0,FALSE,0,96.9,94.9,none,,,,1188.32
18-10-2024,Kandri,Maharashtra,1175.34,1032.94,142.4,12.1,3.5,6.6,FALSE,0,94.9,97.2,equipment_failure,,,,1032.94
19-10-2024,Kandri,Maharashtra,1175.34,1155.73,19.61,1.7,0.4,0,FALSE,0,93.2,90.4,labour_shortage,,,,1155.73
20-10-2024,Kandri,Maharashtra,1175.34,1138.51,36.83,3.1,5.1,0,FALSE,0,83.9,96.3,transport_issue,,,,1138.51
21-10-2024,Kandri,Maharashtra,1175.34,1125.78,49.56,4.2,2.2,0,FALSE,0,89.2,94.7,transport_issue,,,,1125.78
22-10-2024,Kandri,Maharashtra,1175.34,1101.05,74.29,6.3,2.3,4.8,FALSE,0,96.6,94,equipment_failure,,,,1101.05
23-10-2024,Kandri,Maharashtra,1175.34,983.43,191.91,16.3,1,7.9,FALSE,0,88.8,98.4,equipment_failure,,,,983.43
24-10-2024,Kandri,Maharashtra,1175.34,1180.57,-5.23,-0.4,1.9,0,FALSE,0,100,95.1,none,,,,1180.57
25-10-2024,Kandri,Maharashtra,1175.34,1161.18,14.16,1.2,1.5,0,FALSE,0,100,96.6,labour_shortage,,,,1161.18
26-10-2024,Kandri,Maharashtra,1175.34,1112.52,62.82,5.3,3.7,4.9,FALSE,0,100,95.9,equipment_failure,,,,1112.52
27-10-2024,Kandri,Maharashtra,1175.34,1142.98,32.36,2.8,1.4,0,FALSE,0,93,99.8,transport_issue,,,,1142.98
28-10-2024,Kandri,Maharashtra,1175.34,1158.12,17.22,1.5,3.2,0,FALSE,0,100,91.4,labour_shortage,,,,1158.12
29-10-2024,Kandri,Maharashtra,1175.34,1120.92,54.42,4.6,3.4,0,FALSE,0,84.2,93.3,transport_issue,,,,1120.92
30-10-2024,Kandri,Maharashtra,1175.34,1172.3,3.04,0.3,5.5,0,FALSE,0,95.4,95.5,transport_issue,,,,1172.3
31-10-2024,Kandri,Maharashtra,1175.34,1147.9,27.44,2.3,0.3,0,TRUE,1.5,87.5,97.6,transport_issue,,,,1147.9
01-11-2024,Kandri,Maharashtra,1175.34,1176.85,-1.51,-0.1,1.9,0,FALSE,0,94.7,96.1,none,,,,1176.85
02-11-2024,Kandri,Maharashtra,1175.34,1088.75,86.59,7.4,5.2,0,FALSE,0,80,93.1,transport_issue,,,,1088.75
03-11-2024,Kandri,Maharashtra,1175.34,1177.16,-1.82,-0.2,2.4,0,FALSE,0,94.4,89.7,none,,,,1177.16
04-11-2024,Kandri,Maharashtra,1175.34,1189.29,-13.95,-1.2,2.9,0,FALSE,0,100,99.7,none,,,,1189.29
05-11-2024,Kandri,Maharashtra,1175.34,1166.77,8.57,0.7,1.8,0,FALSE,0,100,98.7,none,,,,1166.77
06-11-2024,Kandri,Maharashtra,1175.34,1167.26,8.08,0.7,1.8,0,FALSE,0,100,87.5,labour_shortage,,,,1167.26
07-11-2024,Kandri,Maharashtra,1175.34,1100.81,74.53,6.3,0.7,0,FALSE,0,84.8,91.1,transport_issue,,,,1100.81
08-11-2024,Kandri,Maharashtra,1175.34,1182.36,-7.02,-0.6,1.5,0,FALSE,0,93.8,98,none,,,,1182.36
09-11-2024,Kandri,Maharashtra,1175.34,1055.81,119.53,10.2,3.2,4.1,TRUE,4.1,92.2,97.1,equipment_failure,,,,1055.81
10-11-2024,Kandri,Maharashtra,1175.34,1152.23,23.11,2,3.5,0,FALSE,0,92.9,99.3,transport_issue,,,,1152.23
11-11-2024,Kandri,Maharashtra,1175.34,1173.21,2.13,0.2,3.9,0,FALSE,0,88.9,100,transport_issue,,,,1173.21
12-11-2024,Kandri,Maharashtra,1175.34,940.01,235.33,20,3.5,7.6,TRUE,2.3,81.4,92.1,transport_issue,,,,940.01
13-11-2024,Kandri,Maharashtra,1175.34,1100.06,75.28,6.4,4.3,0,FALSE,0,85.5,92.8,transport_issue,,,,1100.06
14-11-2024,Kandri,Maharashtra,1175.34,1124.94,50.4,4.3,5.7,0,FALSE,0,83.6,94.2,transport_issue,,,,1124.94
15-11-2024,Kandri,Maharashtra,1175.34,1159.02,16.32,1.4,3,0,FALSE,0,83.1,100,transport_issue,,,,1159.02
16-11-2024,Kandri,Maharashtra,1175.34,1130.37,44.97,3.8,9.5,0,FALSE,0,89.7,97.5,transport_issue,,,,1130.37
17-11-2024,Kandri,Maharashtra,1175.34,848.31,327.03,27.8,6.4,15.6,FALSE,0,81.9,97.2,equipment_failure,,,,848.31
18-11-2024,Kandri,Maharashtra,1175.34,1155.83,19.51,1.7,6.6,0,FALSE,0,100,98.4,none,,,,1155.83
19-11-2024,Kandri,Maharashtra,1175.34,1027.92,147.42,12.5,5.3,6.8,FALSE,0,100,93.3,equipment_failure,,,,1027.92
20-11-2024,Kandri,Maharashtra,1175.34,1177.33,-1.99,-0.2,3.4,0,FALSE,0,96.7,95.4,none,,,,1177.33
21-11-2024,Kandri,Maharashtra,1175.34,1148.54,26.8,2.3,7.7,0,FALSE,0,86.7,95.5,transport_issue,,,,1148.54
22-11-2024,Kandri,Maharashtra,1175.34,1127.81,47.53,4,14.8,0,FALSE,0,79.4,90.4,transport_issue,,,,1127.81
23-11-2024,Kandri,Maharashtra,1175.34,1159.75,15.59,1.3,2.7,0,FALSE,0,84.1,98,transport_issue,,,,1159.75
24-11-2024,Kandri,Maharashtra,1175.34,1104.05,71.29,6.1,7.8,0,TRUE,2.9,98.5,93.9,labour_shortage,,,,1104.05
25-11-2024,Kandri,Maharashtra,1175.34,1168.25,7.09,0.6,1.2,0,FALSE,0,95.2,97.4,transport_issue,,,,1168.25
26-11-2024,Kandri,Maharashtra,1175.34,1084.71,90.63,7.7,2.6,0,TRUE,2.9,84.9,100,transport_issue,,,,1084.71
27-11-2024,Kandri,Maharashtra,1175.34,1129.71,45.63,3.9,7.2,0,FALSE,0,94.3,91.9,labour_shortage,,,,1129.71
28-11-2024,Kandri,Maharashtra,1175.34,1134.34,41,3.5,4.7,0,TRUE,2.5,94,96.6,transport_issue,,,,1134.34
29-11-2024,Kandri,Maharashtra,1175.34,1198.63,-23.29,-2,2.2,0,FALSE,0,100,94.3,none,,,,1198.63
30-11-2024,Kandri,Maharashtra,1175.34,1116.29,59.05,5,2.1,0,FALSE,0,88,94.4,transport_issue,,,,1116.29
01-12-2024,Kandri,Maharashtra,1175.34,1172.69,2.65,0.2,3.6,0,FALSE,0,92.8,93.5,transport_issue,,,,1172.69
02-12-2024,Kandri,Maharashtra,1175.34,1172.33,3.01,0.3,5.5,0,FALSE,0,99.4,100,none,,,,1172.33
03-12-2024,Kandri,Maharashtra,1175.34,1108.29,67.05,5.7,0.4,0,FALSE,0,90.2,92,transport_issue,,,,1108.29
04-12-2024,Kandri,Maharashtra,1175.34,1082.88,92.46,7.9,11.6,0,TRUE,4.3,100,91,labour_shortage,,,,1082.88
05-12-2024,Kandri,Maharashtra,1175.34,1177.39,-2.05,-0.2,2.6,0,FALSE,0,89.1,97.7,none,,,,1177.39
06-12-2024,Kandri,Maharashtra,1175.34,1156.38,18.96,1.6,9.8,0,FALSE,0,95.3,95.6,transport_issue,,,,1156.38
07-12-2024,Kandri,Maharashtra,1175.34,1169.82,5.52,0.5,9.1,0,FALSE,0,91.9,89,labour_shortage,,,,1169.82
08-12-2024,Kandri,Maharashtra,1175.34,1157.65,17.69,1.5,1.4,0,FALSE,0,84.8,91.8,transport_issue,,,,1157.65
09-12-2024,Kandri,Maharashtra,1175.34,1189.46,-14.12,-1.2,9,0,FALSE,0,94.3,98,none,,,,1189.46
10-12-2024,Kandri,Maharashtra,1175.34,1105.86,69.48,5.9,5.3,2.8,FALSE,0,91,88,labour_shortage,,,,1105.86
11-12-2024,Kandri,Maharashtra,1175.34,1155.9,19.44,1.7,2.5,0,FALSE,0,87.6,96.7,transport_issue,,,,1155.9
12-12-2024,Kandri,Maharashtra,1175.34,1126.84,48.5,4.1,2.2,0,FALSE,0,96.8,89.9,labour_shortage,,,,1126.84
13-12-2024,Kandri,Maharashtra,1175.34,1113.13,62.21,5.3,12.4,0,FALSE,0,88.9,98.4,transport_issue,,,,1113.13
14-12-2024,Kandri,Maharashtra,1175.34,1188.7,-13.36,-1.1,4.6,0,FALSE,0,91.2,100,none,,,,1188.7
15-12-2024,Kandri,Maharashtra,1175.34,1083.98,91.36,7.8,5.4,3.2,FALSE,0,84.7,96.1,transport_issue,,,,1083.98
16-12-2024,Kandri,Maharashtra,1175.34,1160.33,15.01,1.3,12,0,FALSE,0,89.8,100,transport_issue,,,,1160.33
17-12-2024,Kandri,Maharashtra,1175.34,1124.01,51.33,4.4,3.7,0,FALSE,0,89.3,92,transport_issue,,,,1124.01
18-12-2024,Kandri,Maharashtra,1175.34,1090.75,84.59,7.2,2.8,0,FALSE,0,78.7,94,transport_issue,,,,1090.75
19-12-2024,Kandri,Maharashtra,1175.34,1155.82,19.52,1.7,8.2,0,FALSE,0,96.2,96.7,transport_issue,,,,1155.82
20-12-2024,Kandri,Maharashtra,1175.34,1169.25,6.09,0.5,3.7,0,FALSE,0,92,93.6,transport_issue,,,,1169.25
21-12-2024,Kandri,Maharashtra,1175.34,1152.4,22.94,2,1.9,0,FALSE,0,90.3,97.7,transport_issue,,,,1152.4
22-12-2024,Kandri,Maharashtra,1175.34,1003.63,171.71,14.6,2.2,5.7,FALSE,0,86.3,90.7,transport_issue,,,,1003.63
23-12-2024,Kandri,Maharashtra,1175.34,1135.64,39.7,3.4,1.6,0,FALSE,0,86.4,95.4,transport_issue,,,,1135.64
24-12-2024,Kandri,Maharashtra,1175.34,1158.34,17,1.4,0.9,0,FALSE,0,91.6,93.8,transport_issue,,,,1158.34
25-12-2024,Kandri,Maharashtra,1175.34,1082.28,93.06,7.9,1.7,5.8,FALSE,0,93,100,equipment_failure,,,,1082.28
26-12-2024,Kandri,Maharashtra,1175.34,1129.83,45.51,3.9,0.5,0,FALSE,0,100,90,labour_shortage,,,,1129.83
27-12-2024,Kandri,Maharashtra,1175.34,1193.62,-18.28,-1.6,8,0,FALSE,0,98.8,97.6,none,,,,1193.62
28-12-2024,Kandri,Maharashtra,1175.34,1114.14,61.2,5.2,4,0,FALSE,0,80.3,94.3,transport_issue,,,,1114.14
29-12-2024,Kandri,Maharashtra,1175.34,1152.43,22.91,1.9,10.1,0,FALSE,0,84.9,97.2,transport_issue,,,,1152.43
30-12-2024,Kandri,Maharashtra,1175.34,1149.41,25.93,2.2,4.5,0,TRUE,1.1,100,96.7,labour_shortage,,,,1149.41
31-12-2024,Kandri,Maharashtra,1175.34,1116.66,58.68,5,5.9,0,FALSE,0,91.6,88.9,labour_shortage,,,,1116.66
01-01-2025,Kandri,Maharashtra,1175.34,1118.78,56.56,4.8,2.2,0,TRUE,4.9,92.1,100,blasting_delay,,,,1118.78
02-01-2025,Kandri,Maharashtra,1175.34,1167.75,7.59,0.6,2.6,0,FALSE,0,93.3,99.5,transport_issue,,,,1167.75
03-01-2025,Kandri,Maharashtra,1175.34,1134.33,41.01,3.5,2.5,0,FALSE,0,93.7,99.7,transport_issue,,,,1134.33
04-01-2025,Kandri,Maharashtra,1175.34,1122.09,53.25,4.5,4,0,FALSE,0,87.8,91.3,transport_issue,,,,1122.09
05-01-2025,Kandri,Maharashtra,1175.34,1088.32,87.02,7.4,3.1,0,FALSE,0,86.3,86.4,transport_issue,,,,1088.32
06-01-2025,Kandri,Maharashtra,1175.34,1175.16,0.18,0,5.8,0,FALSE,0,97.7,92.7,labour_shortage,,,,1175.16
07-01-2025,Kandri,Maharashtra,1175.34,1118.23,57.11,4.9,1.2,0,FALSE,0,90,94.6,transport_issue,,,,1118.23
08-01-2025,Kandri,Maharashtra,1175.34,1141.66,33.68,2.9,2.7,0,FALSE,0,100,89,labour_shortage,,,,1141.66
09-01-2025,Kandri,Maharashtra,1175.34,1117.5,57.84,4.9,2.9,0,TRUE,2.2,92.1,98.8,transport_issue,,,,1117.5
10-01-2025,Kandri,Maharashtra,1175.34,1169.7,5.64,0.5,5,0,FALSE,0,94.5,94.7,transport_issue,,,,1169.7
11-01-2025,Kandri,Maharashtra,1175.34,1135.23,40.11,3.4,2,0,FALSE,0,86.7,88.6,transport_issue,,,,1135.23
12-01-2025,Kandri,Maharashtra,1175.34,1167.82,7.52,0.6,3.2,0,FALSE,0,100,93.3,labour_shortage,,,,1167.82
13-01-2025,Kandri,Maharashtra,1175.34,1083.16,92.18,7.8,7.4,5.1,FALSE,0,87.9,97.5,transport_issue,,,,1083.16
14-01-2025,Kandri,Maharashtra,1175.34,1035.52,139.82,11.9,11.4,4.9,FALSE,0,96.8,89.5,labour_shortage,,,,1035.52
15-01-2025,Kandri,Maharashtra,1175.34,1074.27,101.07,8.6,3.1,6,FALSE,0,93.3,92.4,equipment_failure,,,,1074.27
16-01-2025,Kandri,Maharashtra,1175.34,1135.13,40.21,3.4,7.7,0,FALSE,0,96.3,100,transport_issue,,,,1135.13
17-01-2025,Kandri,Maharashtra,1175.34,1088.75,86.59,7.4,1,0,FALSE,0,85.4,89,transport_issue,,,,1088.75
18-01-2025,Kandri,Maharashtra,1175.34,1160.18,15.16,1.3,3.7,0,FALSE,0,87.1,96.1,transport_issue,,,,1160.18
19-01-2025,Kandri,Maharashtra,1175.34,1139.08,36.26,3.1,0.9,0,FALSE,0,93,92.9,labour_shortage,,,,1139.08
20-01-2025,Kandri,Maharashtra,1175.34,1113.67,61.67,5.2,0.7,0,FALSE,0,90.7,96.8,transport_issue,,,,1113.67
21-01-2025,Kandri,Maharashtra,1175.34,1142.29,33.05,2.8,8.6,0,FALSE,0,92.5,93.3,transport_issue,,,,1142.29
22-01-2025,Kandri,Maharashtra,1175.34,1165.17,10.17,0.9,9,0,FALSE,0,91.1,99.7,transport_issue,,,,1165.17
23-01-2025,Kandri,Maharashtra,1175.34,1167.38,7.96,0.7,2.5,0,FALSE,0,91.1,100,transport_issue,,,,1167.38
24-01-2025,Kandri,Maharashtra,1175.34,1191.16,-15.82,-1.3,5.8,0,FALSE,0,100,98.7,none,,,,1191.16
25-01-2025,Kandri,Maharashtra,1175.34,1185.63,-10.29,-0.9,2,0,FALSE,0,100,96,none,,,,1185.63
26-01-2025,Kandri,Maharashtra,1175.34,1137.44,37.9,3.2,4.7,0,FALSE,0,86.3,95.7,transport_issue,,,,1137.44
27-01-2025,Kandri,Maharashtra,1175.34,1158.43,16.91,1.4,8.9,0,FALSE,0,90.4,91.4,transport_issue,,,,1158.43
28-01-2025,Kandri,Maharashtra,1175.34,1154.64,20.7,1.8,4.8,0,FALSE,0,91,97.2,transport_issue,,,,1154.64
29-01-2025,Kandri,Maharashtra,1175.34,1194.79,-19.45,-1.7,3.3,0,FALSE,0,98,98.9,none,,,,1194.79
30-01-2025,Kandri,Maharashtra,1175.34,1186.54,-11.2,-1,2.3,0,FALSE,0,100,93.3,none,,,,1186.54
31-01-2025,Kandri,Maharashtra,1175.34,1104.45,70.89,6,2.8,0,FALSE,0,83.5,97,transport_issue,,,,1104.45
01-02-2025,Kandri,Maharashtra,1175.34,1148.46,26.88,2.3,6.6,0,TRUE,2.2,88.3,100,transport_issue,,,,1148.46
02-02-2025,Kandri,Maharashtra,1175.34,1143.49,31.85,2.7,3.1,0,TRUE,2,92,96.1,transport_issue,,,,1143.49
03-02-2025,Kandri,Maharashtra,1175.34,1113.5,61.84,5.3,1.1,0,FALSE,0,88,97.5,transport_issue,,,,1113.5
04-02-2025,Kandri,Maharashtra,1175.34,1051.75,123.59,10.5,8.4,4.5,FALSE,0,86.6,96.4,transport_issue,,,,1051.75
05-02-2025,Kandri,Maharashtra,1175.34,1125.83,49.51,4.2,2.4,0,FALSE,0,88.7,91.9,transport_issue,,,,1125.83
06-02-2025,Kandri,Maharashtra,1175.34,1185.2,-9.86,-0.8,5.6,0,FALSE,0,96.1,91.8,none,,,,1185.2
07-02-2025,Kandri,Maharashtra,1175.34,1029.7,145.64,12.4,2.5,7,FALSE,0,89.7,92.6,equipment_failure,,,,1029.7
08-02-2025,Kandri,Maharashtra,1175.34,1145.72,29.62,2.5,4.6,0,FALSE,0,94.2,97.1,transport_issue,,,,1145.72
09-02-2025,Kandri,Maharashtra,1175.34,1190.03,-14.69,-1.2,1.8,0,FALSE,0,93.3,98,none,,,,1190.03
10-02-2025,Kandri,Maharashtra,1175.34,1155.37,19.97,1.7,5.8,0,FALSE,0,85.3,89.5,transport_issue,,,,1155.37
11-02-2025,Kandri,Maharashtra,1175.34,1132.41,42.93,3.7,1.6,0,FALSE,0,91.3,87.4,labour_shortage,,,,1132.41
12-02-2025,Kandri,Maharashtra,1175.34,1126.89,48.45,4.1,2.4,0,FALSE,0,92.2,98.9,transport_issue,,,,1126.89
13-02-2025,Kandri,Maharashtra,1175.34,1176.8,-1.46,-0.1,2,0,FALSE,0,95.4,91.5,none,,,,1176.8
14-02-2025,Kandri,Maharashtra,1175.34,1170.59,4.75,0.4,1.7,0,FALSE,0,98.5,95.8,labour_shortage,,,,1170.59
15-02-2025,Kandri,Maharashtra,1175.34,1110.07,65.27,5.6,6,0,FALSE,0,91.2,89.9,labour_shortage,,,,1110.07
16-02-2025,Kandri,Maharashtra,1175.34,1124.79,50.55,4.3,1.3,0,FALSE,0,94.8,96.1,transport_issue,,,,1124.79
17-02-2025,Kandri,Maharashtra,1175.34,1146.16,29.18,2.5,3.9,0,FALSE,0,93,88,labour_shortage,,,,1146.16
18-02-2025,Kandri,Maharashtra,1175.34,1132.9,42.44,3.6,1.9,0,FALSE,0,96.7,92.6,labour_shortage,,,,1132.9
19-02-2025,Kandri,Maharashtra,1175.34,1198.9,-23.56,-2,3.5,0,FALSE,0,100,95.6,none,,,,1198.9
20-02-2025,Kandri,Maharashtra,1175.34,1166.31,9.03,0.8,0.3,0,FALSE,0,92.3,95.9,transport_issue,,,,1166.31
21-02-2025,Kandri,Maharashtra,1175.34,1157.14,18.2,1.5,2.9,0,FALSE,0,88.9,94,transport_issue,,,,1157.14
22-02-2025,Kandri,Maharashtra,1175.34,1067.27,108.07,9.2,2.2,0,TRUE,5,95.8,95.5,blasting_delay,,,,1067.27
23-02-2025,Kandri,Maharashtra,1175.34,1146.17,29.17,2.5,5.8,0,FALSE,0,91.4,94.2,transport_issue,,,,1146.17
24-02-2025,Kandri,Maharashtra,1175.34,1172.68,2.66,0.2,2.5,0,FALSE,0,95.2,95.1,labour_shortage,,,,1172.68
25-02-2025,Kandri,Maharashtra,1175.34,1060.08,115.26,9.8,2.3,0,TRUE,5.2,91.7,99.6,blasting_delay,,,,1060.08
26-02-2025,Kandri,Maharashtra,1175.34,1140.07,35.27,3,4,0,FALSE,0,87.1,99.8,transport_issue,,,,1140.07
27-02-2025,Kandri,Maharashtra,1175.34,1007.86,167.48,14.2,1.7,6.8,FALSE,0,87.2,90.5,equipment_failure,,,,1007.86
28-02-2025,Kandri,Maharashtra,1175.34,1155.57,19.77,1.7,2.3,0,FALSE,0,88.9,97.3,transport_issue,,,,1155.57
01-03-2025,Kandri,Maharashtra,1175.34,1006.8,168.54,14.3,5.3,7.4,FALSE,0,96.2,89.1,equipment_failure,,,,1006.8
02-03-2025,Kandri,Maharashtra,1175.34,1178.19,-2.85,-0.2,8.2,0,FALSE,0,91.5,96.9,none,,,,1178.19
03-03-2025,Kandri,Maharashtra,1175.34,1144.15,31.19,2.7,2.8,0,FALSE,0,81.3,98.1,transport_issue,,,,1144.15
04-03-2025,Kandri,Maharashtra,1175.34,1117.17,58.17,4.9,4.2,0,FALSE,0,85.2,97.1,transport_issue,,,,1117.17
05-03-2025,Kandri,Maharashtra,1175.34,1136.77,38.57,3.3,8.8,0,FALSE,0,82.4,97.6,transport_issue,,,,1136.77
06-03-2025,Kandri,Maharashtra,1175.34,1116.1,59.24,5,1.3,0,FALSE,0,86.1,94.8,transport_issue,,,,1116.1
07-03-2025,Kandri,Maharashtra,1175.34,1129.28,46.06,3.9,7.2,0,FALSE,0,91,94.1,transport_issue,,,,1129.28
08-03-2025,Kandri,Maharashtra,1175.34,1124.16,51.18,4.4,2.6,0,FALSE,0,85.3,97.1,transport_issue,,,,1124.16
09-03-2025,Kandri,Maharashtra,1175.34,1145.99,29.35,2.5,4.8,0,FALSE,0,97.7,92.2,labour_shortage,,,,1145.99
10-03-2025,Kandri,Maharashtra,1175.34,1084.17,91.17,7.8,8.7,4.9,FALSE,0,88.9,98.8,transport_issue,,,,1084.17
11-03-2025,Kandri,Maharashtra,1175.34,1039.67,135.67,11.5,0.9,6.7,FALSE,0,87.3,95,equipment_failure,,,,1039.67
12-03-2025,Kandri,Maharashtra,1175.34,1177.51,-2.17,-0.2,4.9,0,FALSE,0,90.7,96,none,,,,1177.51
13-03-2025,Kandri,Maharashtra,1175.34,1171.44,3.9,0.3,2.1,0,FALSE,0,93.9,95.4,transport_issue,,,,1171.44
14-03-2025,Kandri,Maharashtra,1175.34,1143.76,31.58,2.7,1,0,FALSE,0,79.9,100,transport_issue,,,,1143.76
15-03-2025,Kandri,Maharashtra,1175.34,1125.35,49.99,4.3,4.7,0,FALSE,0,93.1,95.4,transport_issue,,,,1125.35
16-03-2025,Kandri,Maharashtra,1175.34,1131.2,44.14,3.8,0.7,0,FALSE,0,100,92.9,labour_shortage,,,,1131.2
17-03-2025,Kandri,Maharashtra,1175.34,1196.57,-21.23,-1.8,5,0,FALSE,0,98.4,100,none,,,,1196.57
18-03-2025,Kandri,Maharashtra,1175.34,1065.4,109.94,9.4,3,5.5,FALSE,0,97.9,95,equipment_failure,,,,1065.4
19-03-2025,Kandri,Maharashtra,1175.34,1071.44,103.9,8.8,7.8,4.7,FALSE,0,88.9,98.7,transport_issue,,,,1071.44
20-03-2025,Kandri,Maharashtra,1175.34,1124.3,51.04,4.3,4.5,0,FALSE,0,85.9,96.9,transport_issue,,,,1124.3
21-03-2025,Kandri,Maharashtra,1175.34,1175.52,-0.18,0,5.5,0,FALSE,0,96.7,100,none,,,,1175.52
22-03-2025,Kandri,Maharashtra,1175.34,1117.14,58.2,5,4.1,0,FALSE,0,85.4,94.1,transport_issue,,,,1117.14
23-03-2025,Kandri,Maharashtra,1175.34,1141.9,33.44,2.8,3.7,0,FALSE,0,89,95.5,transport_issue,,,,1141.9
24-03-2025,Kandri,Maharashtra,1175.34,1144.37,30.97,2.6,2.1,0,FALSE,0,92.2,97.8,transport_issue,,,,1144.37
25-03-2025,Kandri,Maharashtra,1175.34,1079.18,96.16,8.2,1,0,TRUE,5.2,100,84.9,labour_shortage,,,,1079.18
26-03-2025,Kandri,Maharashtra,1175.34,1048.85,126.49,10.8,6.8,4.1,FALSE,0,87.9,92,transport_issue,,,,1048.85
27-03-2025,Kandri,Maharashtra,1175.34,1159.18,16.16,1.4,5,0,FALSE,0,94.2,97.4,transport_issue,,,,1159.18
28-03-2025,Kandri,Maharashtra,1175.34,1137.01,38.33,3.3,2.6,0,FALSE,0,86.4,96,transport_issue,,,,1137.01
29-03-2025,Kandri,Maharashtra,1175.34,1136.56,38.78,3.3,2.6,0,FALSE,0,93.1,94.5,transport_issue,,,,1136.56
30-03-2025,Kandri,Maharashtra,1175.34,1086.88,88.46,7.5,3.7,0,TRUE,2.5,73.9,95.7,transport_issue,,,,1086.88
31-03-2025,Kandri,Maharashtra,1175.34,1185.53,-10.19,-0.9,2.7,0,FALSE,0,96,100,none,,,,1185.53
01-04-2024,Munsar,Maharashtra,1084.93,1016.27,68.66,6.3,2.7,0,FALSE,0,88.8,91.7,transport_issue,,,,1016.27
02-04-2024,Munsar,Maharashtra,1084.93,1050.46,34.47,3.2,4.2,0,FALSE,0,93.8,95,transport_issue,,,,1050.46
03-04-2024,Munsar,Maharashtra,1084.93,1049.14,35.79,3.3,5.8,0,FALSE,0,91.9,95.9,transport_issue,,,,1049.14
04-04-2024,Munsar,Maharashtra,1084.93,1059.7,25.23,2.3,1.1,0,FALSE,0,91.6,100,transport_issue,,,,1059.7
05-04-2024,Munsar,Maharashtra,1084.93,1106.13,-21.2,-2,1.1,0,FALSE,0,100,95.4,none,,,,1106.13
06-04-2024,Munsar,Maharashtra,1084.93,969.65,115.28,10.6,3.2,4.1,FALSE,0,96.2,90.8,labour_shortage,,,,969.65
07-04-2024,Munsar,Maharashtra,1084.93,935.66,149.27,13.8,4.2,7.1,FALSE,0,99.2,91.2,equipment_failure,,,,935.66
08-04-2024,Munsar,Maharashtra,1084.93,1061.91,23.02,2.1,9.6,0,FALSE,0,88.5,92.8,transport_issue,,,,1061.91
09-04-2024,Munsar,Maharashtra,1084.93,1094.77,-9.84,-0.9,1.2,0,FALSE,0,90.7,100,none,,,,1094.77
10-04-2024,Munsar,Maharashtra,1084.93,1046.61,38.32,3.5,1.1,0,FALSE,0,87.7,92.5,transport_issue,,,,1046.61
11-04-2024,Munsar,Maharashtra,1084.93,1047.06,37.87,3.5,5.4,0,FALSE,0,86.6,99.5,transport_issue,,,,1047.06
12-04-2024,Munsar,Maharashtra,1084.93,1097.41,-12.48,-1.2,0.3,0,FALSE,0,100,99.3,none,,,,1097.41
13-04-2024,Munsar,Maharashtra,1084.93,1052.42,32.51,3,7.4,0,FALSE,0,89.5,92.7,transport_issue,,,,1052.42
14-04-2024,Munsar,Maharashtra,1084.93,1047.68,37.25,3.4,2.5,0,FALSE,0,90.6,100,transport_issue,,,,1047.68
15-04-2024,Munsar,Maharashtra,1084.93,1060.35,24.58,2.3,4.2,0,FALSE,0,94.7,96.6,transport_issue,,,,1060.35
16-04-2024,Munsar,Maharashtra,1084.93,1088.37,-3.44,-0.3,2.3,0,FALSE,0,99.1,96.9,none,,,,1088.37
17-04-2024,Munsar,Maharashtra,1084.93,1091.78,-6.85,-0.6,4,0,FALSE,0,100,95.2,none,,,,1091.78
18-04-2024,Munsar,Maharashtra,1084.93,965.91,119.02,11,5.4,5.8,FALSE,0,84.1,92.1,transport_issue,,,,965.91
19-04-2024,Munsar,Maharashtra,1084.93,1001.04,83.89,7.7,9.3,0,FALSE,0,77.6,92.7,transport_issue,,,,1001.04
20-04-2024,Munsar,Maharashtra,1084.93,1013.25,71.68,6.6,9.1,0,FALSE,0,81.1,92.5,transport_issue,,,,1013.25
21-04-2024,Munsar,Maharashtra,1084.93,938.13,146.8,13.5,7.4,5.6,FALSE,0,92.1,90.2,equipment_failure,,,,938.13
22-04-2024,Munsar,Maharashtra,1084.93,1061.52,23.41,2.2,3,0,FALSE,0,89,95.5,transport_issue,,,,1061.52
23-04-2024,Munsar,Maharashtra,1084.93,1104.54,-19.61,-1.8,1.3,0,FALSE,0,100,94.4,none,,,,1104.54
24-04-2024,Munsar,Maharashtra,1084.93,1082.67,2.26,0.2,0.6,0,FALSE,0,100,96.2,labour_shortage,,,,1082.67
25-04-2024,Munsar,Maharashtra,1084.93,1024.22,60.71,5.6,0.6,0,FALSE,0,86.6,98.6,transport_issue,,,,1024.22
26-04-2024,Munsar,Maharashtra,1084.93,1046.02,38.91,3.6,1.9,0,FALSE,0,92.7,93.1,transport_issue,,,,1046.02
27-04-2024,Munsar,Maharashtra,1084.93,1073,11.93,1.1,3.2,0,FALSE,0,90.2,96,transport_issue,,,,1073
28-04-2024,Munsar,Maharashtra,1084.93,1092.07,-7.14,-0.7,2.2,0,FALSE,0,96.5,97.2,none,,,,1092.07
29-04-2024,Munsar,Maharashtra,1084.93,1021.25,63.68,5.9,1.2,2.2,FALSE,0,100,98.4,equipment_failure,,,,1021.25
30-04-2024,Munsar,Maharashtra,1084.93,1100.26,-15.33,-1.4,9.1,0,FALSE,0,99.2,96.8,none,,,,1100.26
01-05-2024,Munsar,Maharashtra,1084.93,1038.84,46.09,4.2,8.9,0,FALSE,0,97.4,94.7,labour_shortage,,,,1038.84
02-05-2024,Munsar,Maharashtra,1084.93,1058.73,26.2,2.4,6.7,0,FALSE,0,91.8,94.7,transport_issue,,,,1058.73
03-05-2024,Munsar,Maharashtra,1084.93,1070.96,13.97,1.3,3.2,0,FALSE,0,96.3,86.1,labour_shortage,,,,1070.96
04-05-2024,Munsar,Maharashtra,1084.93,925.25,159.68,14.7,2.4,7,FALSE,0,90.5,92.3,equipment_failure,,,,925.25
05-05-2024,Munsar,Maharashtra,1084.93,1031.12,53.81,5,1.1,0,FALSE,0,88.8,94.3,transport_issue,,,,1031.12
06-05-2024,Munsar,Maharashtra,1084.93,940.41,144.52,13.3,4.7,7.4,FALSE,0,94.2,96.9,equipment_failure,,,,940.41
07-05-2024,Munsar,Maharashtra,1084.93,1039.9,45.03,4.2,1.4,0,FALSE,0,98.4,92,labour_shortage,,,,1039.9
08-05-2024,Munsar,Maharashtra,1084.93,949.48,135.45,12.5,1.4,7.9,FALSE,0,90.3,95,equipment_failure,,,,949.48
09-05-2024,Munsar,Maharashtra,1084.93,1075.42,9.51,0.9,3.1,0,FALSE,0,92.5,93.8,transport_issue,,,,1075.42
10-05-2024,Munsar,Maharashtra,1084.93,1044.52,40.41,3.7,4.9,0,FALSE,0,99.5,90,labour_shortage,,,,1044.52
11-05-2024,Munsar,Maharashtra,1084.93,1046.01,38.92,3.6,4.5,0,FALSE,0,89.4,93.2,transport_issue,,,,1046.01
12-05-2024,Munsar,Maharashtra,1084.93,1061.96,22.97,2.1,10.2,0,FALSE,0,98,97.5,labour_shortage,,,,1061.96
13-05-2024,Munsar,Maharashtra,1084.93,1022.95,61.98,5.7,7.8,0,FALSE,0,92,90,labour_shortage,,,,1022.95
14-05-2024,Munsar,Maharashtra,1084.93,1072.99,11.94,1.1,2.2,0,FALSE,0,91.8,95,transport_issue,,,,1072.99
15-05-2024,Munsar,Maharashtra,1084.93,1075.03,9.9,0.9,3.1,0,FALSE,0,96.2,93.5,labour_shortage,,,,1075.03
16-05-2024,Munsar,Maharashtra,1084.93,1012.99,71.94,6.6,3,0,FALSE,0,84.1,91.2,transport_issue,,,,1012.99
17-05-2024,Munsar,Maharashtra,1084.93,1050.34,34.59,3.2,2.4,0,FALSE,0,81.2,93.2,transport_issue,,,,1050.34
18-05-2024,Munsar,Maharashtra,1084.93,1030.31,54.62,5,3.1,2.7,FALSE,0,86.6,100,transport_issue,,,,1030.31
19-05-2024,Munsar,Maharashtra,1084.93,1067.53,17.4,1.6,2,0,FALSE,0,95,98.4,transport_issue,,,,1067.53
20-05-2024,Munsar,Maharashtra,1084.93,978.96,105.97,9.8,2.2,4,FALSE,0,82.4,100,transport_issue,,,,978.96
21-05-2024,Munsar,Maharashtra,1084.93,994.65,90.28,8.3,0.5,0,TRUE,2.4,88.8,92.1,transport_issue,,,,994.65
22-05-2024,Munsar,Maharashtra,1084.93,1015.56,69.37,6.4,4.1,0,FALSE,0,79.3,92.9,transport_issue,,,,1015.56
23-05-2024,Munsar,Maharashtra,1084.93,1061.21,23.72,2.2,6.8,0,FALSE,0,97.3,100,transport_issue,,,,1061.21
24-05-2024,Munsar,Maharashtra,1084.93,1060.72,24.21,2.2,1.6,0,FALSE,0,99.7,86.6,labour_shortage,,,,1060.72
25-05-2024,Munsar,Maharashtra,1084.93,1097.41,-12.48,-1.2,2.3,0,FALSE,0,92.6,99.9,none,,,,1097.41
26-05-2024,Munsar,Maharashtra,1084.93,1025.44,59.49,5.5,1,0,FALSE,0,87.5,97.5,transport_issue,,,,1025.44
27-05-2024,Munsar,Maharashtra,1084.93,1058.6,26.33,2.4,10.2,0,FALSE,0,98.4,95,labour_shortage,,,,1058.6
28-05-2024,Munsar,Maharashtra,1084.93,1055.55,29.38,2.7,2.6,0,FALSE,0,90.5,96.1,transport_issue,,,,1055.55
29-05-2024,Munsar,Maharashtra,1084.93,1022.28,62.65,5.8,2.9,0,FALSE,0,92.5,86.4,labour_shortage,,,,1022.28
30-05-2024,Munsar,Maharashtra,1084.93,1074.04,10.89,1,4.7,0,TRUE,2.6,96.1,97.7,blasting_delay,,,,1074.04
31-05-2024,Munsar,Maharashtra,1084.93,1045.24,39.69,3.7,2.7,0,TRUE,5,99,100,blasting_delay,,,,1045.24
01-06-2024,Munsar,Maharashtra,1084.93,917.92,167.01,15.4,21.8,7.1,FALSE,0,86.1,91.2,equipment_failure,,,,917.92
02-06-2024,Munsar,Maharashtra,1084.93,1017.8,67.13,6.2,5.1,0,FALSE,0,85.6,90.1,transport_issue,,,,1017.8
03-06-2024,Munsar,Maharashtra,1084.93,1035,49.93,4.6,57.8,0,FALSE,0,79,96,heavy_rainfall,,,,1035
04-06-2024,Munsar,Maharashtra,1084.93,1007.89,77.04,7.1,40,0,FALSE,0,82.5,100,transport_issue,,,,1007.89
05-06-2024,Munsar,Maharashtra,1084.93,1008.73,76.2,7,12.9,0,FALSE,0,79,94.7,transport_issue,,,,1008.73
06-06-2024,Munsar,Maharashtra,1084.93,1017.44,67.49,6.2,32,0,FALSE,0,87.6,90.6,transport_issue,,,,1017.44
07-06-2024,Munsar,Maharashtra,1084.93,985.2,99.73,9.2,42.6,0,FALSE,0,66.1,91.6,transport_issue,,,,985.2
08-06-2024,Munsar,Maharashtra,1084.93,1023.19,61.74,5.7,32.7,0,FALSE,0,76.4,89.8,transport_issue,,,,1023.19
09-06-2024,Munsar,Maharashtra,1084.93,1019.08,65.85,6.1,14.6,0,FALSE,0,78.5,89.3,transport_issue,,,,1019.08
10-06-2024,Munsar,Maharashtra,1084.93,998.28,86.65,8,20.4,0,FALSE,0,83,87.9,transport_issue,,,,998.28
11-06-2024,Munsar,Maharashtra,1084.93,1014.58,70.35,6.5,22.3,0,FALSE,0,82,95.2,transport_issue,,,,1014.58
12-06-2024,Munsar,Maharashtra,1084.93,1036.72,48.21,4.4,14.9,0,FALSE,0,79.9,100,transport_issue,,,,1036.72
13-06-2024,Munsar,Maharashtra,1084.93,845.14,239.79,22.1,111.5,5.9,FALSE,0,78.4,97.4,heavy_rainfall,,,,845.14
14-06-2024,Munsar,Maharashtra,1084.93,999.77,85.16,7.8,32.2,0,FALSE,0,76.5,96.6,transport_issue,,,,999.77
15-06-2024,Munsar,Maharashtra,1084.93,1036.3,48.63,4.5,13.4,0,FALSE,0,73.9,97.1,transport_issue,,,,1036.3
16-06-2024,Munsar,Maharashtra,1084.93,1019.09,65.84,6.1,19.2,0,FALSE,0,77.3,92.7,transport_issue,,,,1019.09
17-06-2024,Munsar,Maharashtra,1084.93,1022.66,62.27,5.7,39.7,0,FALSE,0,85.5,96.1,transport_issue,,,,1022.66
18-06-2024,Munsar,Maharashtra,1084.93,1029.2,55.73,5.1,17.6,0,FALSE,0,78.5,91.9,transport_issue,,,,1029.2
19-06-2024,Munsar,Maharashtra,1084.93,1043.9,41.03,3.8,12.8,0,FALSE,0,84.4,92.7,transport_issue,,,,1043.9
20-06-2024,Munsar,Maharashtra,1084.93,1020.58,64.35,5.9,52.4,0,FALSE,0,82.2,97.5,heavy_rainfall,,,,1020.58
21-06-2024,Munsar,Maharashtra,1084.93,1011.11,73.82,6.8,46.1,0,TRUE,1.7,79.2,96.2,transport_issue,,,,1011.11
22-06-2024,Munsar,Maharashtra,1084.93,1072.87,12.06,1.1,46.9,0,FALSE,0,89.5,100,heavy_rainfall,,,,1072.87
23-06-2024,Munsar,Maharashtra,1084.93,896.45,188.48,17.4,110.1,0,TRUE,5.8,84.3,91.9,heavy_rainfall,,,,896.45
24-06-2024,Munsar,Maharashtra,1084.93,1053.14,31.79,2.9,35.4,0,FALSE,0,85.5,90.9,transport_issue,,,,1053.14
25-06-2024,Munsar,Maharashtra,1084.93,1043.27,41.66,3.8,42.8,0,FALSE,0,76.2,94.7,transport_issue,,,,1043.27
26-06-2024,Munsar,Maharashtra,1084.93,989.95,94.98,8.8,25,3,FALSE,0,82.1,93.5,transport_issue,,,,989.95
27-06-2024,Munsar,Maharashtra,1084.93,1057.28,27.65,2.5,5.9,0,FALSE,0,82.6,100,transport_issue,,,,1057.28
28-06-2024,Munsar,Maharashtra,1084.93,1075.79,9.14,0.8,21.5,0,FALSE,0,92.8,88.9,labour_shortage,,,,1075.79
29-06-2024,Munsar,Maharashtra,1084.93,1043.77,41.16,3.8,21.5,0,FALSE,0,87.6,88.6,transport_issue,,,,1043.77
30-06-2024,Munsar,Maharashtra,1084.93,1073.63,11.3,1,32.4,0,FALSE,0,93.2,96.1,transport_issue,,,,1073.63
01-07-2024,Munsar,Maharashtra,1084.93,1065.51,19.42,1.8,15.7,0,FALSE,0,83.7,95,transport_issue,,,,1065.51
02-07-2024,Munsar,Maharashtra,1084.93,1014.04,70.89,6.5,6.5,0,FALSE,0,81,93.3,transport_issue,,,,1014.04
03-07-2024,Munsar,Maharashtra,1084.93,902.07,182.86,16.9,26.6,7.7,FALSE,0,72.3,94.9,transport_issue,,,,902.07
04-07-2024,Munsar,Maharashtra,1084.93,1090.13,-5.2,-0.5,24.9,0,FALSE,0,90.9,98.7,none,,,,1090.13
05-07-2024,Munsar,Maharashtra,1084.93,756.67,328.26,30.3,22.9,13.9,TRUE,5.9,87.2,94.6,equipment_failure,,,,756.67
06-07-2024,Munsar,Maharashtra,1084.93,921.85,163.08,15,18.2,7,FALSE,0,90.3,95.8,equipment_failure,,,,921.85
07-07-2024,Munsar,Maharashtra,1084.93,1067.64,17.29,1.6,31.9,0,FALSE,0,90.8,97.3,transport_issue,,,,1067.64
08-07-2024,Munsar,Maharashtra,1084.93,1023.05,61.88,5.7,41.6,0,FALSE,0,83.9,96.5,transport_issue,,,,1023.05
09-07-2024,Munsar,Maharashtra,1084.93,1045.44,39.49,3.6,10.2,0,FALSE,0,79.1,92.9,transport_issue,,,,1045.44
10-07-2024,Munsar,Maharashtra,1084.93,1062.18,22.75,2.1,6.1,0,FALSE,0,81.9,92.6,transport_issue,,,,1062.18
11-07-2024,Munsar,Maharashtra,1084.93,1056.72,28.21,2.6,6.2,0,FALSE,0,82.3,93.4,transport_issue,,,,1056.72
12-07-2024,Munsar,Maharashtra,1084.93,1065.36,19.57,1.8,37.8,0,FALSE,0,97.9,94.1,heavy_rainfall,,,,1065.36
13-07-2024,Munsar,Maharashtra,1084.93,1004.07,80.86,7.5,24.9,0,FALSE,0,77.1,96.1,transport_issue,,,,1004.07
14-07-2024,Munsar,Maharashtra,1084.93,1072.19,12.74,1.2,30.8,0,FALSE,0,81.2,100,transport_issue,,,,1072.19
15-07-2024,Munsar,Maharashtra,1084.93,1015.95,68.98,6.4,28,0,FALSE,0,82.2,88.3,transport_issue,,,,1015.95
16-07-2024,Munsar,Maharashtra,1084.93,1080.66,4.27,0.4,5.3,0,FALSE,0,85.3,100,transport_issue,,,,1080.66
17-07-2024,Munsar,Maharashtra,1084.93,932.48,152.45,14.1,18.2,4.2,FALSE,0,72,96.9,transport_issue,,,,932.48
18-07-2024,Munsar,Maharashtra,1084.93,1021.32,63.61,5.9,24.8,0,FALSE,0,85.8,92.2,transport_issue,,,,1021.32
19-07-2024,Munsar,Maharashtra,1084.93,993.4,91.53,8.4,7,2.2,FALSE,0,71.3,98.3,transport_issue,,,,993.4
20-07-2024,Munsar,Maharashtra,1084.93,1008.05,76.88,7.1,23.1,0,FALSE,0,80.3,91.3,transport_issue,,,,1008.05
21-07-2024,Munsar,Maharashtra,1084.93,1027.51,57.42,5.3,73.8,0,FALSE,0,88.8,93,heavy_rainfall,,,,1027.51
22-07-2024,Munsar,Maharashtra,1084.93,1055.52,29.41,2.7,10.9,0,FALSE,0,91.2,95,transport_issue,,,,1055.52
23-07-2024,Munsar,Maharashtra,1084.93,1039.01,45.92,4.2,63.9,0,FALSE,0,91.5,93.5,heavy_rainfall,,,,1039.01
24-07-2024,Munsar,Maharashtra,1084.93,1005.74,79.19,7.3,12.8,0,TRUE,3.7,78.7,97.8,transport_issue,,,,1005.74
25-07-2024,Munsar,Maharashtra,1084.93,981.28,103.65,9.6,74,0,FALSE,0,86.8,93.5,heavy_rainfall,,,,981.28
26-07-2024,Munsar,Maharashtra,1084.93,1038.09,46.84,4.3,37.6,0,FALSE,0,81.6,100,transport_issue,,,,1038.09
27-07-2024,Munsar,Maharashtra,1084.93,982.8,102.13,9.4,37.8,0,FALSE,0,76.2,91.7,transport_issue,,,,982.8
28-07-2024,Munsar,Maharashtra,1084.93,1073.29,11.64,1.1,18.5,0,FALSE,0,86.5,100,transport_issue,,,,1073.29
29-07-2024,Munsar,Maharashtra,1084.93,1075.99,8.94,0.8,33.3,0,FALSE,0,84,100,transport_issue,,,,1075.99
30-07-2024,Munsar,Maharashtra,1084.93,1043.97,40.96,3.8,53.3,0,FALSE,0,93.5,89.4,heavy_rainfall,,,,1043.97
31-07-2024,Munsar,Maharashtra,1084.93,1037.56,47.37,4.4,34.1,0,FALSE,0,83.2,96.3,transport_issue,,,,1037.56
01-08-2024,Munsar,Maharashtra,1084.93,1046.3,38.63,3.6,7.6,0,FALSE,0,89.4,89.2,labour_shortage,,,,1046.3
02-08-2024,Munsar,Maharashtra,1084.93,988.27,96.66,8.9,66,0,FALSE,0,74.2,93.9,heavy_rainfall,,,,988.27
03-08-2024,Munsar,Maharashtra,1084.93,1058.07,26.86,2.5,17.6,0,FALSE,0,90.4,90.1,labour_shortage,,,,1058.07
04-08-2024,Munsar,Maharashtra,1084.93,1037.99,46.94,4.3,29.6,0,FALSE,0,77.6,90.7,transport_issue,,,,1037.99
05-08-2024,Munsar,Maharashtra,1084.93,1011.09,73.84,6.8,2.1,0,FALSE,0,80.6,92.9,transport_issue,,,,1011.09
06-08-2024,Munsar,Maharashtra,1084.93,1033.71,51.22,4.7,18.6,0,FALSE,0,80.5,92.7,transport_issue,,,,1033.71
07-08-2024,Munsar,Maharashtra,1084.93,1018.39,66.54,6.1,31.1,0,FALSE,0,78.7,92.5,transport_issue,,,,1018.39
08-08-2024,Munsar,Maharashtra,1084.93,975.26,109.67,10.1,44.2,0,TRUE,4.1,81.9,99.9,transport_issue,,,,975.26
09-08-2024,Munsar,Maharashtra,1084.93,1032.75,52.18,4.8,31.4,0,FALSE,0,80.6,93.7,transport_issue,,,,1032.75
10-08-2024,Munsar,Maharashtra,1084.93,1019.3,65.63,6,84.9,0,FALSE,0,84.7,96,heavy_rainfall,,,,1019.3
11-08-2024,Munsar,Maharashtra,1084.93,1038.61,46.32,4.3,30.8,0,FALSE,0,83.2,93.5,transport_issue,,,,1038.61
12-08-2024,Munsar,Maharashtra,1084.93,1027.64,57.29,5.3,24,0,FALSE,0,78.8,96.2,transport_issue,,,,1027.64
13-08-2024,Munsar,Maharashtra,1084.93,1046.89,38.04,3.5,36.5,0,FALSE,0,88.4,93.9,transport_issue,,,,1046.89
14-08-2024,Munsar,Maharashtra,1084.93,1016.31,68.62,6.3,30.7,0,FALSE,0,84.3,97.8,transport_issue,,,,1016.31
15-08-2024,Munsar,Maharashtra,1084.93,946.53,138.4,12.8,36.8,3.8,FALSE,0,64.9,88.5,transport_issue,,,,946.53
16-08-2024,Munsar,Maharashtra,1084.93,1002.91,82.02,7.6,37.7,3.1,FALSE,0,79.9,98.6,transport_issue,,,,1002.91
17-08-2024,Munsar,Maharashtra,1084.93,1019.11,65.82,6.1,53.5,0,FALSE,0,80.6,87.8,heavy_rainfall,,,,1019.11
18-08-2024,Munsar,Maharashtra,1084.93,1039.42,45.51,4.2,11.7,0,FALSE,0,83,98.1,transport_issue,,,,1039.42
19-08-2024,Munsar,Maharashtra,1084.93,1044.61,40.32,3.7,45,0,FALSE,0,94.5,96,heavy_rainfall,,,,1044.61
20-08-2024,Munsar,Maharashtra,1084.93,929.01,155.92,14.4,1.9,5.5,FALSE,0,79.4,89.4,transport_issue,,,,929.01
21-08-2024,Munsar,Maharashtra,1084.93,1001.45,83.48,7.7,22.1,0,FALSE,0,77,96.2,transport_issue,,,,1001.45
22-08-2024,Munsar,Maharashtra,1084.93,990.19,94.74,8.7,43.3,0,FALSE,0,77.5,95.7,transport_issue,,,,990.19
23-08-2024,Munsar,Maharashtra,1084.93,1049.43,35.5,3.3,27.1,0,FALSE,0,82.2,96.3,transport_issue,,,,1049.43
24-08-2024,Munsar,Maharashtra,1084.93,1026.81,58.12,5.4,21.1,0,FALSE,0,74.6,93.1,transport_issue,,,,1026.81
25-08-2024,Munsar,Maharashtra,1084.93,1057.4,27.53,2.5,16.1,0,FALSE,0,83.2,90.2,transport_issue,,,,1057.4
26-08-2024,Munsar,Maharashtra,1084.93,983.05,101.88,9.4,85.3,0,FALSE,0,76.9,85.8,heavy_rainfall,,,,983.05
27-08-2024,Munsar,Maharashtra,1084.93,974.21,110.72,10.2,64.2,0,FALSE,0,79.3,93.8,heavy_rainfall,,,,974.21
28-08-2024,Munsar,Maharashtra,1084.93,1015.48,69.45,6.4,7.9,0,TRUE,1.9,90.8,89.2,labour_shortage,,,,1015.48
29-08-2024,Munsar,Maharashtra,1084.93,1045.54,39.39,3.6,12.3,0,FALSE,0,85.1,93.8,transport_issue,,,,1045.54
30-08-2024,Munsar,Maharashtra,1084.93,984.27,100.66,9.3,64.5,0,FALSE,0,79.2,96.9,heavy_rainfall,,,,984.27
31-08-2024,Munsar,Maharashtra,1084.93,992.98,91.95,8.5,85.5,0,FALSE,0,83.4,100,heavy_rainfall,,,,992.98
01-09-2024,Munsar,Maharashtra,1084.93,1022.37,62.56,5.8,22.8,0,FALSE,0,68.2,94.1,transport_issue,,,,1022.37
02-09-2024,Munsar,Maharashtra,1084.93,1041.17,43.76,4,13.5,0,FALSE,0,80.5,91.6,transport_issue,,,,1041.17
03-09-2024,Munsar,Maharashtra,1084.93,1051.5,33.43,3.1,27.2,0,FALSE,0,77.4,94,transport_issue,,,,1051.5
04-09-2024,Munsar,Maharashtra,1084.93,1035.4,49.53,4.6,23.5,0,FALSE,0,79.1,89.2,transport_issue,,,,1035.4
05-09-2024,Munsar,Maharashtra,1084.93,1076.82,8.11,0.7,3.2,0,FALSE,0,85.3,95.7,transport_issue,,,,1076.82
06-09-2024,Munsar,Maharashtra,1084.93,1025.31,59.62,5.5,4.7,0,FALSE,0,85.1,89.2,transport_issue,,,,1025.31
07-09-2024,Munsar,Maharashtra,1084.93,1022.76,62.17,5.7,9.4,0,FALSE,0,91.3,92.7,transport_issue,,,,1022.76
08-09-2024,Munsar,Maharashtra,1084.93,1014.08,70.85,6.5,26.6,0,TRUE,1.4,83,97.5,transport_issue,,,,1014.08
09-09-2024,Munsar,Maharashtra,1084.93,1016.87,68.06,6.3,43.9,0,FALSE,0,82.2,96.4,transport_issue,,,,1016.87
10-09-2024,Munsar,Maharashtra,1084.93,999.91,85.02,7.8,89.2,0,FALSE,0,88,98.1,heavy_rainfall,,,,999.91
11-09-2024,Munsar,Maharashtra,1084.93,1014.77,70.16,6.5,9.8,0,FALSE,0,81.6,98.6,transport_issue,,,,1014.77
12-09-2024,Munsar,Maharashtra,1084.93,1024.29,60.64,5.6,6.3,0,FALSE,0,85.1,99.8,transport_issue,,,,1024.29
13-09-2024,Munsar,Maharashtra,1084.93,1062.14,22.79,2.1,31.9,0,FALSE,0,86.5,100,transport_issue,,,,1062.14
14-09-2024,Munsar,Maharashtra,1084.93,1038.25,46.68,4.3,34.7,0,FALSE,0,73.9,92.1,transport_issue,,,,1038.25
15-09-2024,Munsar,Maharashtra,1084.93,1059.73,25.2,2.3,14,0,FALSE,0,82.4,100,transport_issue,,,,1059.73
16-09-2024,Munsar,Maharashtra,1084.93,1057.28,27.65,2.5,24,0,FALSE,0,85.1,94.6,transport_issue,,,,1057.28
17-09-2024,Munsar,Maharashtra,1084.93,1025.98,58.95,5.4,16.7,0,FALSE,0,70.1,97.3,transport_issue,,,,1025.98
18-09-2024,Munsar,Maharashtra,1084.93,1018.43,66.5,6.1,53.3,0,FALSE,0,94.4,89,heavy_rainfall,,,,1018.43
19-09-2024,Munsar,Maharashtra,1084.93,1021.15,63.78,5.9,18,0,TRUE,2.1,96.3,94,labour_shortage,,,,1021.15
20-09-2024,Munsar,Maharashtra,1084.93,935.1,149.83,13.8,13.1,6.7,FALSE,0,81.3,92.6,transport_issue,,,,935.1
21-09-2024,Munsar,Maharashtra,1084.93,1027.52,57.41,5.3,3.3,0,FALSE,0,82.2,100,transport_issue,,,,1027.52
22-09-2024,Munsar,Maharashtra,1084.93,972.22,112.71,10.4,66.4,0,FALSE,0,79,95.5,heavy_rainfall,,,,972.22
23-09-2024,Munsar,Maharashtra,1084.93,1059.57,25.36,2.3,17.5,0,FALSE,0,76.9,100,transport_issue,,,,1059.57
24-09-2024,Munsar,Maharashtra,1084.93,1060.43,24.5,2.3,14.8,0,FALSE,0,93.8,92.4,labour_shortage,,,,1060.43
25-09-2024,Munsar,Maharashtra,1084.93,1003.87,81.06,7.5,34.5,0,FALSE,0,80.6,93.3,transport_issue,,,,1003.87
26-09-2024,Munsar,Maharashtra,1084.93,1023.98,60.95,5.6,12.6,0,FALSE,0,83.8,97.9,transport_issue,,,,1023.98
27-09-2024,Munsar,Maharashtra,1084.93,1039.57,45.36,4.2,19.3,0,FALSE,0,88.4,89.6,transport_issue,,,,1039.57
28-09-2024,Munsar,Maharashtra,1084.93,1028.56,56.37,5.2,35.7,0,TRUE,3.3,82.4,100,transport_issue,,,,1028.56
29-09-2024,Munsar,Maharashtra,1084.93,933.92,151.01,13.9,43.1,2.5,FALSE,0,69,93.6,transport_issue,,,,933.92
30-09-2024,Munsar,Maharashtra,1084.93,981.59,103.34,9.5,9.4,2.4,FALSE,0,82.9,98.7,transport_issue,,,,981.59
01-10-2024,Munsar,Maharashtra,1084.93,1085.44,-0.51,0,3.9,0,FALSE,0,85.7,100,none,,,,1085.44
02-10-2024,Munsar,Maharashtra,1084.93,1046.66,38.27,3.5,3.8,0,FALSE,0,97.6,99.3,transport_issue,,,,1046.66
03-10-2024,Munsar,Maharashtra,1084.93,1018.44,66.49,6.1,3.5,0,TRUE,3.7,80.2,97.2,transport_issue,,,,1018.44
04-10-2024,Munsar,Maharashtra,1084.93,1018.92,66.01,6.1,3.8,0,FALSE,0,80.5,93.8,transport_issue,,,,1018.92
05-10-2024,Munsar,Maharashtra,1084.93,1052.88,32.05,3,9.1,0,FALSE,0,83.5,95.7,transport_issue,,,,1052.88
06-10-2024,Munsar,Maharashtra,1084.93,1055.6,29.33,2.7,5.2,0,FALSE,0,96.4,100,transport_issue,,,,1055.6
07-10-2024,Munsar,Maharashtra,1084.93,927.55,157.38,14.5,6,8.5,FALSE,0,100,91.6,equipment_failure,,,,927.55
08-10-2024,Munsar,Maharashtra,1084.93,963.65,121.28,11.2,5.2,6.3,FALSE,0,98.4,99.4,equipment_failure,,,,963.65
09-10-2024,Munsar,Maharashtra,1084.93,1029.41,55.52,5.1,2.3,0,FALSE,0,88.4,98.7,transport_issue,,,,1029.41
10-10-2024,Munsar,Maharashtra,1084.93,1046.04,38.89,3.6,3.5,0,FALSE,0,94.7,90,labour_shortage,,,,1046.04
11-10-2024,Munsar,Maharashtra,1084.93,989.93,95,8.8,9.9,4.8,FALSE,0,98.1,97.9,equipment_failure,,,,989.93
12-10-2024,Munsar,Maharashtra,1084.93,1067.69,17.24,1.6,4.3,0,FALSE,0,87.7,98.8,transport_issue,,,,1067.69
13-10-2024,Munsar,Maharashtra,1084.93,1013.04,71.89,6.6,3.2,3.2,FALSE,0,89,90.4,transport_issue,,,,1013.04
14-10-2024,Munsar,Maharashtra,1084.93,1045.95,38.98,3.6,2.6,0,FALSE,0,100,95,labour_shortage,,,,1045.95
15-10-2024,Munsar,Maharashtra,1084.93,1083.12,1.81,0.2,4,0,FALSE,0,88.1,98.7,transport_issue,,,,1083.12
16-10-2024,Munsar,Maharashtra,1084.93,1073.34,11.59,1.1,3,0,FALSE,0,90,92.9,transport_issue,,,,1073.34
17-10-2024,Munsar,Maharashtra,1084.93,1068.07,16.86,1.6,7.4,0,FALSE,0,92.9,98.1,transport_issue,,,,1068.07
18-10-2024,Munsar,Maharashtra,1084.93,1035.59,49.34,4.5,5.7,0,FALSE,0,88.6,100,transport_issue,,,,1035.59
19-10-2024,Munsar,Maharashtra,1084.93,979.95,104.98,9.7,5.5,6.1,FALSE,0,98,91.6,equipment_failure,,,,979.95
20-10-2024,Munsar,Maharashtra,1084.93,1058.41,26.52,2.4,4.9,0,FALSE,0,93.3,89.6,labour_shortage,,,,1058.41
21-10-2024,Munsar,Maharashtra,1084.93,1032.22,52.71,4.9,3.2,0,TRUE,3.9,96.1,96.2,blasting_delay,,,,1032.22
22-10-2024,Munsar,Maharashtra,1084.93,1068.58,16.35,1.5,2.6,0,FALSE,0,100,100,none,,,,1068.58
23-10-2024,Munsar,Maharashtra,1084.93,1050.41,34.52,3.2,4.3,0,FALSE,0,86.5,92,transport_issue,,,,1050.41
24-10-2024,Munsar,Maharashtra,1084.93,1038.79,46.14,4.3,4.6,0,FALSE,0,86.9,96.7,transport_issue,,,,1038.79
25-10-2024,Munsar,Maharashtra,1084.93,1002.31,82.62,7.6,1.6,3.8,FALSE,0,96.8,93.8,equipment_failure,,,,1002.31
26-10-2024,Munsar,Maharashtra,1084.93,1044.13,40.8,3.8,3.5,0,FALSE,0,95.6,88.6,labour_shortage,,,,1044.13
27-10-2024,Munsar,Maharashtra,1084.93,1021.28,63.65,5.9,2.6,0,FALSE,0,88.4,95.7,transport_issue,,,,1021.28
28-10-2024,Munsar,Maharashtra,1084.93,1014.8,70.13,6.5,2.5,0,TRUE,4.6,92,93,blasting_delay,,,,1014.8
29-10-2024,Munsar,Maharashtra,1084.93,1027.58,57.35,5.3,4.6,0,FALSE,0,83.1,92.8,transport_issue,,,,1027.58
30-10-2024,Munsar,Maharashtra,1084.93,1059.1,25.83,2.4,5.2,0,TRUE,3.3,100,94.7,blasting_delay,,,,1059.1
31-10-2024,Munsar,Maharashtra,1084.93,1034.65,50.28,4.6,3,0,FALSE,0,89.6,92.2,transport_issue,,,,1034.65
01-11-2024,Munsar,Maharashtra,1084.93,1064.72,20.21,1.9,3.1,0,FALSE,0,98.8,92.5,labour_shortage,,,,1064.72
02-11-2024,Munsar,Maharashtra,1084.93,1047.12,37.81,3.5,1.1,0,FALSE,0,92.4,100,transport_issue,,,,1047.12
03-11-2024,Munsar,Maharashtra,1084.93,1058.23,26.7,2.5,2.4,0,FALSE,0,83.3,97.4,transport_issue,,,,1058.23
04-11-2024,Munsar,Maharashtra,1084.93,1025.22,59.71,5.5,3.6,0,FALSE,0,90.1,91.4,transport_issue,,,,1025.22
05-11-2024,Munsar,Maharashtra,1084.93,1051.46,33.47,3.1,2.9,0,FALSE,0,90.2,99.6,transport_issue,,,,1051.46
06-11-2024,Munsar,Maharashtra,1084.93,1056.58,28.35,2.6,9.7,0,FALSE,0,96.7,100,transport_issue,,,,1056.58
07-11-2024,Munsar,Maharashtra,1084.93,994.85,90.08,8.3,3.5,4.1,FALSE,0,100,88.4,labour_shortage,,,,994.85
08-11-2024,Munsar,Maharashtra,1084.93,905.7,179.23,16.5,2.9,5.4,TRUE,5.6,100,94.2,blasting_delay,,,,905.7
09-11-2024,Munsar,Maharashtra,1084.93,1057.11,27.82,2.6,5.2,0,FALSE,0,98.3,96.1,labour_shortage,,,,1057.11
10-11-2024,Munsar,Maharashtra,1084.93,958.11,126.82,11.7,3,6.8,FALSE,0,93.2,90.6,equipment_failure,,,,958.11
11-11-2024,Munsar,Maharashtra,1084.93,1078.25,6.68,0.6,4.9,0,FALSE,0,87.8,99.6,transport_issue,,,,1078.25
12-11-2024,Munsar,Maharashtra,1084.93,1053.6,31.33,2.9,3.2,0,TRUE,3.4,93,95.9,transport_issue,,,,1053.6
13-11-2024,Munsar,Maharashtra,1084.93,1069.47,15.46,1.4,10.1,0,FALSE,0,91,94.1,transport_issue,,,,1069.47
14-11-2024,Munsar,Maharashtra,1084.93,1058.46,26.47,2.4,6.6,0,FALSE,0,87.4,88.7,transport_issue,,,,1058.46
15-11-2024,Munsar,Maharashtra,1084.93,1069.24,15.69,1.4,1.3,0,FALSE,0,97.7,92,labour_shortage,,,,1069.24
16-11-2024,Munsar,Maharashtra,1084.93,1024.73,60.2,5.5,6.2,0,FALSE,0,90.8,93.3,transport_issue,,,,1024.73
17-11-2024,Munsar,Maharashtra,1084.93,973.17,111.76,10.3,8.3,5,FALSE,0,90,95.3,transport_issue,,,,973.17
18-11-2024,Munsar,Maharashtra,1084.93,1096.36,-11.43,-1.1,4.4,0,FALSE,0,100,93.4,none,,,,1096.36
19-11-2024,Munsar,Maharashtra,1084.93,1001.97,82.96,7.6,1.3,4.6,FALSE,0,99,94,equipment_failure,,,,1001.97
20-11-2024,Munsar,Maharashtra,1084.93,1007.1,77.83,7.2,0.4,3.9,FALSE,0,88.9,87.1,labour_shortage,,,,1007.1
21-11-2024,Munsar,Maharashtra,1084.93,1105.75,-20.82,-1.9,3.9,0,FALSE,0,99.4,94.5,none,,,,1105.75
22-11-2024,Munsar,Maharashtra,1084.93,965.34,119.59,11,1.4,5.6,FALSE,0,90.1,98.7,equipment_failure,,,,965.34
23-11-2024,Munsar,Maharashtra,1084.93,1071.96,12.97,1.2,4,0,FALSE,0,90.3,92.3,transport_issue,,,,1071.96
24-11-2024,Munsar,Maharashtra,1084.93,1036.79,48.14,4.4,4.5,0,FALSE,0,91.5,96.8,transport_issue,,,,1036.79
25-11-2024,Munsar,Maharashtra,1084.93,1033.1,51.83,4.8,2.8,0,FALSE,0,93.8,90.2,labour_shortage,,,,1033.1
26-11-2024,Munsar,Maharashtra,1084.93,1070.05,14.88,1.4,2.5,0,FALSE,0,92.3,100,transport_issue,,,,1070.05
27-11-2024,Munsar,Maharashtra,1084.93,1093.75,-8.82,-0.8,7.2,0,FALSE,0,94.6,96,none,,,,1093.75
28-11-2024,Munsar,Maharashtra,1084.93,1040.59,44.34,4.1,4.5,0,FALSE,0,92.4,95.8,transport_issue,,,,1040.59
29-11-2024,Munsar,Maharashtra,1084.93,1062.22,22.71,2.1,3.8,0,FALSE,0,85.6,90.3,transport_issue,,,,1062.22
30-11-2024,Munsar,Maharashtra,1084.93,981.24,103.69,9.6,1.4,2.3,FALSE,0,82.4,97.2,transport_issue,,,,981.24
01-12-2024,Munsar,Maharashtra,1084.93,1097.85,-12.92,-1.2,3.1,0,FALSE,0,98.2,97.9,none,,,,1097.85
02-12-2024,Munsar,Maharashtra,1084.93,1012.2,72.73,6.7,1.4,0,FALSE,0,83.5,95.7,transport_issue,,,,1012.2
03-12-2024,Munsar,Maharashtra,1084.93,1002.52,82.41,7.6,3.9,3.8,FALSE,0,96.1,97.3,equipment_failure,,,,1002.52
04-12-2024,Munsar,Maharashtra,1084.93,1056.23,28.7,2.6,7.4,0,FALSE,0,86.8,89.4,transport_issue,,,,1056.23
05-12-2024,Munsar,Maharashtra,1084.93,1060.23,24.7,2.3,4.3,0,FALSE,0,86.8,91.6,transport_issue,,,,1060.23
06-12-2024,Munsar,Maharashtra,1084.93,977.52,107.41,9.9,0.6,5.2,FALSE,0,92.9,93.8,equipment_failure,,,,977.52
07-12-2024,Munsar,Maharashtra,1084.93,1092.65,-7.72,-0.7,4.3,0,FALSE,0,95.1,95.6,none,,,,1092.65
08-12-2024,Munsar,Maharashtra,1084.93,1074.94,9.99,0.9,13.7,0,FALSE,0,96.4,91.6,labour_shortage,,,,1074.94
09-12-2024,Munsar,Maharashtra,1084.93,1012.86,72.07,6.6,0.6,0,FALSE,0,85.4,94.2,transport_issue,,,,1012.86
10-12-2024,Munsar,Maharashtra,1084.93,1086.94,-2.01,-0.2,3.4,0,FALSE,0,95.6,98.1,none,,,,1086.94
11-12-2024,Munsar,Maharashtra,1084.93,932.22,152.71,14.1,4.1,7,FALSE,0,82.5,100,transport_issue,,,,932.22
12-12-2024,Munsar,Maharashtra,1084.93,1037.96,46.97,4.3,1.9,0,FALSE,0,91.1,92.3,transport_issue,,,,1037.96
13-12-2024,Munsar,Maharashtra,1084.93,1046.9,38.03,3.5,4.3,0,FALSE,0,92.5,93.3,transport_issue,,,,1046.9
14-12-2024,Munsar,Maharashtra,1084.93,1055.65,29.28,2.7,1.5,0,FALSE,0,100,100,none,,,,1055.65
15-12-2024,Munsar,Maharashtra,1084.93,1069.84,15.09,1.4,1.6,0,FALSE,0,92.2,90.1,labour_shortage,,,,1069.84
16-12-2024,Munsar,Maharashtra,1084.93,1062.96,21.97,2,0.3,0,FALSE,0,94.3,89.1,labour_shortage,,,,1062.96
17-12-2024,Munsar,Maharashtra,1084.93,1070.79,14.14,1.3,5.5,0,FALSE,0,99.6,97.2,labour_shortage,,,,1070.79
18-12-2024,Munsar,Maharashtra,1084.93,1079.71,5.22,0.5,3.8,0,FALSE,0,87.9,100,transport_issue,,,,1079.71
19-12-2024,Munsar,Maharashtra,1084.93,1045.58,39.35,3.6,3.9,0,FALSE,0,83.9,95.3,transport_issue,,,,1045.58
20-12-2024,Munsar,Maharashtra,1084.93,1067.81,17.12,1.6,5.7,0,FALSE,0,88.8,94.8,transport_issue,,,,1067.81
21-12-2024,Munsar,Maharashtra,1084.93,1078.72,6.21,0.6,2.6,0,FALSE,0,89.8,93.3,transport_issue,,,,1078.72
22-12-2024,Munsar,Maharashtra,1084.93,1077.65,7.28,0.7,2,0,FALSE,0,97.8,95.8,labour_shortage,,,,1077.65
23-12-2024,Munsar,Maharashtra,1084.93,1057.74,27.19,2.5,2.7,0,FALSE,0,91.4,95.3,transport_issue,,,,1057.74
24-12-2024,Munsar,Maharashtra,1084.93,1077.02,7.91,0.7,4.8,0,FALSE,0,88.1,97,transport_issue,,,,1077.02
25-12-2024,Munsar,Maharashtra,1084.93,1053.34,31.59,2.9,5.8,0,FALSE,0,88,89.4,transport_issue,,,,1053.34
26-12-2024,Munsar,Maharashtra,1084.93,1083.72,1.21,0.1,1.7,0,FALSE,0,93.8,95.5,transport_issue,,,,1083.72
27-12-2024,Munsar,Maharashtra,1084.93,1036.97,47.96,4.4,1.2,0,FALSE,0,87.8,89.9,transport_issue,,,,1036.97
28-12-2024,Munsar,Maharashtra,1084.93,1067.01,17.92,1.7,2.7,0,FALSE,0,89.7,92.5,transport_issue,,,,1067.01
29-12-2024,Munsar,Maharashtra,1084.93,1052.32,32.61,3,7.7,0,FALSE,0,90.1,94.3,transport_issue,,,,1052.32
30-12-2024,Munsar,Maharashtra,1084.93,876.26,208.67,19.2,4.6,11.4,FALSE,0,97,94.4,equipment_failure,,,,876.26
31-12-2024,Munsar,Maharashtra,1084.93,997.7,87.23,8,3,2.4,FALSE,0,89.3,90.8,transport_issue,,,,997.7
01-01-2025,Munsar,Maharashtra,1084.93,1025.26,59.67,5.5,1.5,0,FALSE,0,85.4,99.1,transport_issue,,,,1025.26
02-01-2025,Munsar,Maharashtra,1084.93,1040.97,43.96,4.1,4.1,0,FALSE,0,84.9,99.4,transport_issue,,,,1040.97
03-01-2025,Munsar,Maharashtra,1084.93,1079.28,5.65,0.5,3.8,0,FALSE,0,92.5,93.8,transport_issue,,,,1079.28
04-01-2025,Munsar,Maharashtra,1084.93,1099.54,-14.61,-1.3,3.4,0,FALSE,0,100,91,none,,,,1099.54
05-01-2025,Munsar,Maharashtra,1084.93,929.23,155.7,14.4,4.3,7.5,FALSE,0,95.9,100,equipment_failure,,,,929.23
06-01-2025,Munsar,Maharashtra,1084.93,1036.43,48.5,4.5,19.9,0,FALSE,0,91.6,97.5,transport_issue,,,,1036.43
07-01-2025,Munsar,Maharashtra,1084.93,1071.71,13.22,1.2,1.7,0,FALSE,0,93.5,93.3,labour_shortage,,,,1071.71
08-01-2025,Munsar,Maharashtra,1084.93,1067.71,17.22,1.6,2.1,0,FALSE,0,87.1,97.2,transport_issue,,,,1067.71
09-01-2025,Munsar,Maharashtra,1084.93,1045.68,39.25,3.6,11.4,0,FALSE,0,84.3,94.4,transport_issue,,,,1045.68
10-01-2025,Munsar,Maharashtra,1084.93,1048.21,36.72,3.4,2.6,0,FALSE,0,83.5,97,transport_issue,,,,1048.21
11-01-2025,Munsar,Maharashtra,1084.93,948.74,136.19,12.6,7.4,5.6,TRUE,4.7,98.9,100,equipment_failure,,,,948.74
12-01-2025,Munsar,Maharashtra,1084.93,982.87,102.06,9.4,5,0,TRUE,5.5,88.1,91.9,transport_issue,,,,982.87
13-01-2025,Munsar,Maharashtra,1084.93,1099.1,-14.17,-1.3,1.8,0,FALSE,0,100,99.8,none,,,,1099.1
14-01-2025,Munsar,Maharashtra,1084.93,1026.09,58.84,5.4,1.2,0,FALSE,0,88.6,90.5,transport_issue,,,,1026.09
15-01-2025,Munsar,Maharashtra,1084.93,1036.28,48.65,4.5,4.8,0,FALSE,0,88.1,96.2,transport_issue,,,,1036.28
16-01-2025,Munsar,Maharashtra,1084.93,983.19,101.74,9.4,6.1,6.4,FALSE,0,94.3,93,equipment_failure,,,,983.19
17-01-2025,Munsar,Maharashtra,1084.93,1081.14,3.79,0.3,3.3,0,FALSE,0,99.2,90.2,labour_shortage,,,,1081.14
18-01-2025,Munsar,Maharashtra,1084.93,1035.13,49.8,4.6,3.9,0,FALSE,0,82.2,98.7,transport_issue,,,,1035.13
19-01-2025,Munsar,Maharashtra,1084.93,962.66,122.27,11.3,8,5.6,FALSE,0,97.6,98.6,equipment_failure,,,,962.66
20-01-2025,Munsar,Maharashtra,1084.93,1049.32,35.61,3.3,3.4,0,FALSE,0,94.3,84.7,labour_shortage,,,,1049.32
21-01-2025,Munsar,Maharashtra,1084.93,1110.77,-25.84,-2.4,1.9,0,FALSE,0,100,96.1,none,,,,1110.77
22-01-2025,Munsar,Maharashtra,1084.93,1074.03,10.9,1,8.4,0,FALSE,0,94.2,88,labour_shortage,,,,1074.03
23-01-2025,Munsar,Maharashtra,1084.93,1063.81,21.12,1.9,0.8,0,FALSE,0,88.8,95,transport_issue,,,,1063.81
24-01-2025,Munsar,Maharashtra,1084.93,1051.07,33.86,3.1,2.2,0,FALSE,0,100,90.4,labour_shortage,,,,1051.07
25-01-2025,Munsar,Maharashtra,1084.93,1036.44,48.49,4.5,0.6,0,FALSE,0,83.1,100,transport_issue,,,,1036.44
26-01-2025,Munsar,Maharashtra,1084.93,1067.46,17.47,1.6,2,0,FALSE,0,100,97.5,labour_shortage,,,,1067.46
27-01-2025,Munsar,Maharashtra,1084.93,1058.39,26.54,2.4,3.1,0,FALSE,0,100,95.2,labour_shortage,,,,1058.39
28-01-2025,Munsar,Maharashtra,1084.93,1062.74,22.19,2,5.5,0,FALSE,0,94.1,98.3,transport_issue,,,,1062.74
29-01-2025,Munsar,Maharashtra,1084.93,1024.26,60.67,5.6,5,0,FALSE,0,88.1,90.5,transport_issue,,,,1024.26
30-01-2025,Munsar,Maharashtra,1084.93,1024.02,60.91,5.6,2.5,0,FALSE,0,86.5,94.5,transport_issue,,,,1024.02
31-01-2025,Munsar,Maharashtra,1084.93,1054.52,30.41,2.8,4.5,0,FALSE,0,87.9,98.3,transport_issue,,,,1054.52
01-02-2025,Munsar,Maharashtra,1084.93,1059.49,25.44,2.3,2.9,0,FALSE,0,83.3,91.4,transport_issue,,,,1059.49
02-02-2025,Munsar,Maharashtra,1084.93,1070.34,14.59,1.3,0.6,0,FALSE,0,98.1,100,none,,,,1070.34
03-02-2025,Munsar,Maharashtra,1084.93,1047.12,37.81,3.5,2.5,0,FALSE,0,89.2,98.6,transport_issue,,,,1047.12
04-02-2025,Munsar,Maharashtra,1084.93,1025.23,59.7,5.5,2,0,FALSE,0,74.7,98.6,transport_issue,,,,1025.23
05-02-2025,Munsar,Maharashtra,1084.93,1036.99,47.94,4.4,2.4,0,FALSE,0,83.6,90.5,transport_issue,,,,1036.99
06-02-2025,Munsar,Maharashtra,1084.93,1063.97,20.96,1.9,9.2,0,FALSE,0,92.7,98.9,transport_issue,,,,1063.97
07-02-2025,Munsar,Maharashtra,1084.93,1040.79,44.14,4.1,1.6,0,FALSE,0,84,97.1,transport_issue,,,,1040.79
08-02-2025,Munsar,Maharashtra,1084.93,1096.16,-11.23,-1,1,0,FALSE,0,97,99.2,none,,,,1096.16
09-02-2025,Munsar,Maharashtra,1084.93,1087.16,-2.23,-0.2,1.8,0,FALSE,0,94.3,94.1,none,,,,1087.16
10-02-2025,Munsar,Maharashtra,1084.93,1068.24,16.69,1.5,2.8,0,FALSE,0,89.9,93.9,transport_issue,,,,1068.24
11-02-2025,Munsar,Maharashtra,1084.93,1035.12,49.81,4.6,4.3,0,FALSE,0,84.3,96.6,transport_issue,,,,1035.12
12-02-2025,Munsar,Maharashtra,1084.93,1068.1,16.83,1.6,0.6,0,FALSE,0,87.3,98.2,transport_issue,,,,1068.1
13-02-2025,Munsar,Maharashtra,1084.93,1038.79,46.14,4.3,6.7,0,FALSE,0,87.1,97,transport_issue,,,,1038.79
14-02-2025,Munsar,Maharashtra,1084.93,1034.71,50.22,4.6,1,0,FALSE,0,85.2,93.2,transport_issue,,,,1034.71
15-02-2025,Munsar,Maharashtra,1084.93,1016.65,68.28,6.3,8.1,3.2,FALSE,0,89.8,100,transport_issue,,,,1016.65
16-02-2025,Munsar,Maharashtra,1084.93,969.68,115.25,10.6,5.6,2.2,FALSE,0,78.6,95.7,transport_issue,,,,969.68
17-02-2025,Munsar,Maharashtra,1084.93,1072.12,12.81,1.2,4.6,0,FALSE,0,91.8,88.7,labour_shortage,,,,1072.12
18-02-2025,Munsar,Maharashtra,1084.93,1048.48,36.45,3.4,1.1,0,FALSE,0,88.8,100,transport_issue,,,,1048.48
19-02-2025,Munsar,Maharashtra,1084.93,1029.83,55.1,5.1,5.4,0,FALSE,0,89.4,93.6,transport_issue,,,,1029.83
20-02-2025,Munsar,Maharashtra,1084.93,1031.56,53.37,4.9,2.3,0,FALSE,0,93.7,94.8,transport_issue,,,,1031.56
21-02-2025,Munsar,Maharashtra,1084.93,1034.44,50.49,4.7,12.1,0,FALSE,0,92.3,95.8,transport_issue,,,,1034.44
22-02-2025,Munsar,Maharashtra,1084.93,1098.38,-13.45,-1.2,1.8,0,FALSE,0,98.5,98.1,none,,,,1098.38
23-02-2025,Munsar,Maharashtra,1084.93,1090.69,-5.76,-0.5,2.8,0,FALSE,0,96.4,92.6,none,,,,1090.69
24-02-2025,Munsar,Maharashtra,1084.93,1078.59,6.34,0.6,2,0,FALSE,0,91.6,93.4,transport_issue,,,,1078.59
25-02-2025,Munsar,Maharashtra,1084.93,1083.57,1.36,0.1,11.4,0,FALSE,0,91.4,94.4,transport_issue,,,,1083.57
26-02-2025,Munsar,Maharashtra,1084.93,978.37,106.56,9.8,2.3,5.8,FALSE,0,89.3,93.1,equipment_failure,,,,978.37
27-02-2025,Munsar,Maharashtra,1084.93,1073.38,11.55,1.1,12.7,0,FALSE,0,84.7,97,transport_issue,,,,1073.38
28-02-2025,Munsar,Maharashtra,1084.93,1062.16,22.77,2.1,2.6,0,FALSE,0,94.9,90.2,labour_shortage,,,,1062.16
01-03-2025,Munsar,Maharashtra,1084.93,1029.66,55.27,5.1,0.5,0,FALSE,0,85.8,98.1,transport_issue,,,,1029.66
02-03-2025,Munsar,Maharashtra,1084.93,1063.68,21.25,2,1.1,0,FALSE,0,90.1,99.6,transport_issue,,,,1063.68
03-03-2025,Munsar,Maharashtra,1084.93,1093.31,-8.38,-0.8,4.1,0,FALSE,0,91.8,100,none,,,,1093.31
04-03-2025,Munsar,Maharashtra,1084.93,911.67,173.26,16,1,6.9,FALSE,0,79,91,transport_issue,,,,911.67
05-03-2025,Munsar,Maharashtra,1084.93,1070,14.93,1.4,0.8,0,FALSE,0,96.1,97.2,transport_issue,,,,1070
06-03-2025,Munsar,Maharashtra,1084.93,1047.73,37.2,3.4,5.8,0,FALSE,0,85.1,90.9,transport_issue,,,,1047.73
07-03-2025,Munsar,Maharashtra,1084.93,1055.5,29.43,2.7,1,0,FALSE,0,94.1,94.2,transport_issue,,,,1055.5
08-03-2025,Munsar,Maharashtra,1084.93,1090.31,-5.38,-0.5,3,0,FALSE,0,94.9,95,none,,,,1090.31
09-03-2025,Munsar,Maharashtra,1084.93,949.18,135.75,12.5,10.4,6.5,FALSE,0,100,90.9,equipment_failure,,,,949.18
10-03-2025,Munsar,Maharashtra,1084.93,1023.15,61.78,5.7,6,3,FALSE,0,92.3,100,transport_issue,,,,1023.15
11-03-2025,Munsar,Maharashtra,1084.93,1033.26,51.67,4.8,1.7,0,FALSE,0,89.1,94.8,transport_issue,,,,1033.26
12-03-2025,Munsar,Maharashtra,1084.93,1026.76,58.17,5.4,0.8,0,FALSE,0,85.7,100,transport_issue,,,,1026.76
13-03-2025,Munsar,Maharashtra,1084.93,1057.64,27.29,2.5,2.2,0,FALSE,0,90.7,97,transport_issue,,,,1057.64
14-03-2025,Munsar,Maharashtra,1084.93,1093.78,-8.85,-0.8,4.1,0,FALSE,0,95.5,96.1,none,,,,1093.78
15-03-2025,Munsar,Maharashtra,1084.93,1057.91,27.02,2.5,1.2,0,FALSE,0,87.6,95.3,transport_issue,,,,1057.91
16-03-2025,Munsar,Maharashtra,1084.93,1047.21,37.72,3.5,2.9,0,TRUE,1.8,85.7,98.1,transport_issue,,,,1047.21
17-03-2025,Munsar,Maharashtra,1084.93,1043.1,41.83,3.9,6.7,0,FALSE,0,97.1,89.2,labour_shortage,,,,1043.1
18-03-2025,Munsar,Maharashtra,1084.93,1074.11,10.82,1,3.7,0,FALSE,0,91.4,92.6,transport_issue,,,,1074.11
19-03-2025,Munsar,Maharashtra,1084.93,1059.72,25.21,2.3,0.8,0,FALSE,0,88.1,91.4,transport_issue,,,,1059.72
20-03-2025,Munsar,Maharashtra,1084.93,1048.76,36.17,3.3,1.4,0,FALSE,0,87.8,96.5,transport_issue,,,,1048.76
21-03-2025,Munsar,Maharashtra,1084.93,959.43,125.5,11.6,4.2,7.6,FALSE,0,93,94.7,equipment_failure,,,,959.43
22-03-2025,Munsar,Maharashtra,1084.93,1041.28,43.65,4,2.2,2.2,FALSE,0,86.2,100,transport_issue,,,,1041.28
23-03-2025,Munsar,Maharashtra,1084.93,1057.78,27.15,2.5,2.2,0,FALSE,0,97.8,93.5,labour_shortage,,,,1057.78
24-03-2025,Munsar,Maharashtra,1084.93,1034.26,50.67,4.7,0.6,0,FALSE,0,91.5,93.9,transport_issue,,,,1034.26
25-03-2025,Munsar,Maharashtra,1084.93,1021.33,63.6,5.9,3,0,FALSE,0,88,94.8,transport_issue,,,,1021.33
26-03-2025,Munsar,Maharashtra,1084.93,1075.1,9.83,0.9,1.9,0,FALSE,0,89.6,95.1,transport_issue,,,,1075.1
27-03-2025,Munsar,Maharashtra,1084.93,1080.4,4.53,0.4,2,0,FALSE,0,90.9,100,transport_issue,,,,1080.4
28-03-2025,Munsar,Maharashtra,1084.93,1065.22,19.71,1.8,4.1,0,FALSE,0,93.7,100,transport_issue,,,,1065.22
29-03-2025,Munsar,Maharashtra,1084.93,930.02,154.91,14.3,2.6,6.7,FALSE,0,95,92.5,equipment_failure,,,,930.02
30-03-2025,Munsar,Maharashtra,1084.93,1021.2,63.73,5.9,2.7,0,FALSE,0,80.1,96.2,transport_issue,,,,1021.2
31-03-2025,Munsar,Maharashtra,1084.93,1071.04,13.89,1.3,7.8,0,FALSE,0,95.1,96.4,transport_issue,,,,1071.04
01-04-2024,Ukwa,Madhya Pradesh,904.11,887.73,16.38,1.8,4.3,0,FALSE,0,85.3,90.5,transport_issue,,,,887.73
02-04-2024,Ukwa,Madhya Pradesh,904.11,862.15,41.96,4.6,8.3,0,FALSE,0,89.8,92.4,transport_issue,,,,862.15
03-04-2024,Ukwa,Madhya Pradesh,904.11,807.22,96.89,10.7,4.8,6.1,FALSE,0,87,95,transport_issue,,,,807.22
04-04-2024,Ukwa,Madhya Pradesh,904.11,860.32,43.79,4.8,5.6,0,FALSE,0,90.6,86,labour_shortage,,,,860.32
05-04-2024,Ukwa,Madhya Pradesh,904.11,887.86,16.25,1.8,16.3,0,FALSE,0,89.5,95.8,transport_issue,,,,887.86
06-04-2024,Ukwa,Madhya Pradesh,904.11,868.44,35.67,3.9,4.7,0,FALSE,0,94.6,88.2,labour_shortage,,,,868.44
07-04-2024,Ukwa,Madhya Pradesh,904.11,890.83,13.28,1.5,4.2,0,FALSE,0,91.4,88.6,labour_shortage,,,,890.83
08-04-2024,Ukwa,Madhya Pradesh,904.11,854.37,49.74,5.5,5.7,0,FALSE,0,84.8,96.1,transport_issue,,,,854.37
09-04-2024,Ukwa,Madhya Pradesh,904.11,881.77,22.34,2.5,1.7,0,FALSE,0,97.1,95.5,labour_shortage,,,,881.77
10-04-2024,Ukwa,Madhya Pradesh,904.11,890.28,13.83,1.5,3.6,0,FALSE,0,87.1,91,transport_issue,,,,890.28
11-04-2024,Ukwa,Madhya Pradesh,904.11,873.5,30.61,3.4,5.8,0,FALSE,0,91.4,91.5,transport_issue,,,,873.5
12-04-2024,Ukwa,Madhya Pradesh,904.11,906.02,-1.91,-0.2,5.7,0,FALSE,0,88,99.1,none,,,,906.02
13-04-2024,Ukwa,Madhya Pradesh,904.11,857,47.11,5.2,2.1,0,FALSE,0,83.2,91.2,transport_issue,,,,857
14-04-2024,Ukwa,Madhya Pradesh,904.11,887.17,16.94,1.9,9.9,0,FALSE,0,93,97.4,transport_issue,,,,887.17
15-04-2024,Ukwa,Madhya Pradesh,904.11,824.61,79.5,8.8,10.3,2.8,FALSE,0,79.3,100,transport_issue,,,,824.61
16-04-2024,Ukwa,Madhya Pradesh,904.11,881.15,22.96,2.5,3,0,FALSE,0,92.5,92.9,transport_issue,,,,881.15
17-04-2024,Ukwa,Madhya Pradesh,904.11,851.47,52.64,5.8,1.8,0,FALSE,0,85.3,93.8,transport_issue,,,,851.47
18-04-2024,Ukwa,Madhya Pradesh,904.11,855.24,48.87,5.4,3.5,0,FALSE,0,84.9,94.9,transport_issue,,,,855.24
19-04-2024,Ukwa,Madhya Pradesh,904.11,850.15,53.96,6,4.2,0,FALSE,0,85.2,92.1,transport_issue,,,,850.15
20-04-2024,Ukwa,Madhya Pradesh,904.11,901.82,2.29,0.3,0.8,0,FALSE,0,89.1,98.9,transport_issue,,,,901.82
21-04-2024,Ukwa,Madhya Pradesh,904.11,847.69,56.42,6.2,1.6,0,FALSE,0,86,90,transport_issue,,,,847.69
22-04-2024,Ukwa,Madhya Pradesh,904.11,878.11,26,2.9,1.7,0,FALSE,0,90.9,99.5,transport_issue,,,,878.11
23-04-2024,Ukwa,Madhya Pradesh,904.11,865.05,39.06,4.3,3.5,0,FALSE,0,94.4,92.2,labour_shortage,,,,865.05
24-04-2024,Ukwa,Madhya Pradesh,904.11,832.54,71.57,7.9,4.4,0,FALSE,0,85.1,84.6,labour_shortage,,,,832.54
25-04-2024,Ukwa,Madhya Pradesh,904.11,769.03,135.08,14.9,6.8,4.5,TRUE,5.5,91.7,93.4,blasting_delay,,,,769.03
26-04-2024,Ukwa,Madhya Pradesh,904.11,753.71,150.4,16.6,4.8,6.7,TRUE,3.2,96.1,87,equipment_failure,,,,753.71
27-04-2024,Ukwa,Madhya Pradesh,904.11,872.46,31.65,3.5,4.4,0,FALSE,0,92.3,94,transport_issue,,,,872.46
28-04-2024,Ukwa,Madhya Pradesh,904.11,904.67,-0.56,-0.1,4.3,0,FALSE,0,98.9,87.2,none,,,,904.67
29-04-2024,Ukwa,Madhya Pradesh,904.11,919.46,-15.35,-1.7,1.5,0,FALSE,0,100,93.4,none,,,,919.46
30-04-2024,Ukwa,Madhya Pradesh,904.11,922.31,-18.2,-2,0.9,0,FALSE,0,100,95,none,,,,922.31
01-05-2024,Ukwa,Madhya Pradesh,904.11,897.99,6.12,0.7,8.6,0,FALSE,0,92.2,91.7,labour_shortage,,,,897.99
02-05-2024,Ukwa,Madhya Pradesh,904.11,914.09,-9.98,-1.1,4,0,FALSE,0,98.6,98.8,none,,,,914.09
03-05-2024,Ukwa,Madhya Pradesh,904.11,903.19,0.92,0.1,6.6,0,FALSE,0,90.3,98.9,transport_issue,,,,903.19
04-05-2024,Ukwa,Madhya Pradesh,904.11,880.65,23.46,2.6,4.7,0,FALSE,0,95.6,98.5,transport_issue,,,,880.65
05-05-2024,Ukwa,Madhya Pradesh,904.11,883.11,21,2.3,2.3,0,FALSE,0,85.4,89.3,transport_issue,,,,883.11
06-05-2024,Ukwa,Madhya Pradesh,904.11,778.04,126.07,13.9,7.6,4.6,FALSE,0,84.7,87.7,transport_issue,,,,778.04
07-05-2024,Ukwa,Madhya Pradesh,904.11,895.52,8.59,1,8.8,0,FALSE,0,89.8,95,transport_issue,,,,895.52
08-05-2024,Ukwa,Madhya Pradesh,904.11,895.6,8.51,0.9,7.6,0,FALSE,0,86.5,93.4,transport_issue,,,,895.6
09-05-2024,Ukwa,Madhya Pradesh,904.11,866.47,37.64,4.2,5,0,TRUE,3.7,99,98.3,blasting_delay,,,,866.47
10-05-2024,Ukwa,Madhya Pradesh,904.11,897.59,6.52,0.7,5.1,0,FALSE,0,96.4,96,labour_shortage,,,,897.59
11-05-2024,Ukwa,Madhya Pradesh,904.11,916.36,-12.25,-1.4,10.6,0,FALSE,0,99.7,90,none,,,,916.36
12-05-2024,Ukwa,Madhya Pradesh,904.11,874.28,29.83,3.3,0.8,0,FALSE,0,91.2,97.2,transport_issue,,,,874.28
13-05-2024,Ukwa,Madhya Pradesh,904.11,866.36,37.75,4.2,1.6,0,FALSE,0,96.6,93.4,labour_shortage,,,,866.36
14-05-2024,Ukwa,Madhya Pradesh,904.11,861.36,42.75,4.7,3.1,0,FALSE,0,89.6,90.1,transport_issue,,,,861.36
15-05-2024,Ukwa,Madhya Pradesh,904.11,822.86,81.25,9,2,3.9,FALSE,0,100,90.8,labour_shortage,,,,822.86
16-05-2024,Ukwa,Madhya Pradesh,904.11,878.91,25.2,2.8,10.6,0,FALSE,0,81,96.7,transport_issue,,,,878.91
17-05-2024,Ukwa,Madhya Pradesh,904.11,852.7,51.41,5.7,6,0,FALSE,0,83,95.9,transport_issue,,,,852.7
18-05-2024,Ukwa,Madhya Pradesh,904.11,912.65,-8.54,-0.9,2.1,0,FALSE,0,96.4,97,none,,,,912.65
19-05-2024,Ukwa,Madhya Pradesh,904.11,878.16,25.95,2.9,4.7,0,FALSE,0,90.3,95.1,transport_issue,,,,878.16
20-05-2024,Ukwa,Madhya Pradesh,904.11,882.5,21.61,2.4,4.3,0,FALSE,0,97.4,100,transport_issue,,,,882.5
21-05-2024,Ukwa,Madhya Pradesh,904.11,880.15,23.96,2.7,0.8,0,FALSE,0,88.9,99.1,transport_issue,,,,880.15
22-05-2024,Ukwa,Madhya Pradesh,904.11,867.11,37,4.1,1.8,0,FALSE,0,86.5,97.4,transport_issue,,,,867.11
23-05-2024,Ukwa,Madhya Pradesh,904.11,870.38,33.73,3.7,4.7,0,FALSE,0,84.3,94.7,transport_issue,,,,870.38
24-05-2024,Ukwa,Madhya Pradesh,904.11,911.57,-7.46,-0.8,2.6,0,FALSE,0,97.8,100,none,,,,911.57
25-05-2024,Ukwa,Madhya Pradesh,904.11,871.22,32.89,3.6,2,0,FALSE,0,91.6,99.5,transport_issue,,,,871.22
26-05-2024,Ukwa,Madhya Pradesh,904.11,894.69,9.42,1,1.4,0,FALSE,0,94.3,94.7,transport_issue,,,,894.69
27-05-2024,Ukwa,Madhya Pradesh,904.11,858.3,45.81,5.1,1.5,0,FALSE,0,93.5,94.2,transport_issue,,,,858.3
28-05-2024,Ukwa,Madhya Pradesh,904.11,758.48,145.63,16.1,2.1,7.7,FALSE,0,83,91.5,transport_issue,,,,758.48
29-05-2024,Ukwa,Madhya Pradesh,904.11,885.82,18.29,2,4.8,0,FALSE,0,83,93.7,transport_issue,,,,885.82
30-05-2024,Ukwa,Madhya Pradesh,904.11,907.45,-3.34,-0.4,7.1,0,FALSE,0,100,94.9,none,,,,907.45
31-05-2024,Ukwa,Madhya Pradesh,904.11,885.51,18.6,2.1,5.7,0,FALSE,0,93.9,95.5,transport_issue,,,,885.51
01-06-2024,Ukwa,Madhya Pradesh,904.11,845.31,58.8,6.5,9.2,0,FALSE,0,88.5,85,labour_shortage,,,,845.31
02-06-2024,Ukwa,Madhya Pradesh,904.11,863.15,40.96,4.5,16.2,0,FALSE,0,82.3,94.3,transport_issue,,,,863.15
03-06-2024,Ukwa,Madhya Pradesh,904.11,846.35,57.76,6.4,63.8,0,FALSE,0,85.4,92.4,heavy_rainfall,,,,846.35
04-06-2024,Ukwa,Madhya Pradesh,904.11,856.11,48,5.3,12.8,0,FALSE,0,84.7,96,transport_issue,,,,856.11
05-06-2024,Ukwa,Madhya Pradesh,904.11,843.8,60.31,6.7,15.2,0,TRUE,5.2,86.1,95.9,transport_issue,,,,843.8
06-06-2024,Ukwa,Madhya Pradesh,904.11,852.19,51.92,5.7,20.7,0,FALSE,0,79.2,98.1,transport_issue,,,,852.19
07-06-2024,Ukwa,Madhya Pradesh,904.11,861.2,42.91,4.7,28.2,0,FALSE,0,78.4,100,transport_issue,,,,861.2
08-06-2024,Ukwa,Madhya Pradesh,904.11,860.32,43.79,4.8,14.4,0,FALSE,0,86,98.8,transport_issue,,,,860.32
09-06-2024,Ukwa,Madhya Pradesh,904.11,818.75,85.36,9.4,65.4,0,TRUE,1,85.5,100,heavy_rainfall,,,,818.75
10-06-2024,Ukwa,Madhya Pradesh,904.11,810.21,93.9,10.4,72,0,TRUE,2.9,78.2,96.4,heavy_rainfall,,,,810.21
11-06-2024,Ukwa,Madhya Pradesh,904.11,869.7,34.41,3.8,45.5,0,FALSE,0,90.9,96.4,heavy_rainfall,,,,869.7
12-06-2024,Ukwa,Madhya Pradesh,904.11,863.82,40.29,4.5,45,0,FALSE,0,87.2,95.1,heavy_rainfall,,,,863.82
13-06-2024,Ukwa,Madhya Pradesh,904.11,813.3,90.81,10,57.5,0,FALSE,0,79.4,89,heavy_rainfall,,,,813.3
14-06-2024,Ukwa,Madhya Pradesh,904.11,821.06,83.05,9.2,49.9,0,FALSE,0,80.7,88.4,heavy_rainfall,,,,821.06
15-06-2024,Ukwa,Madhya Pradesh,904.11,821.75,82.36,9.1,59.8,0,FALSE,0,83.9,96.7,heavy_rainfall,,,,821.75
16-06-2024,Ukwa,Madhya Pradesh,904.11,854.72,49.39,5.5,32.4,0,FALSE,0,70.1,91.6,transport_issue,,,,854.72
17-06-2024,Ukwa,Madhya Pradesh,904.11,780.28,123.83,13.7,8.1,5.5,FALSE,0,86,96.1,transport_issue,,,,780.28
18-06-2024,Ukwa,Madhya Pradesh,904.11,793.33,110.78,12.3,8.6,0,TRUE,5.5,80.9,94.3,transport_issue,,,,793.33
19-06-2024,Ukwa,Madhya Pradesh,904.11,853.49,50.62,5.6,18.9,0,FALSE,0,82.9,98.6,transport_issue,,,,853.49
20-06-2024,Ukwa,Madhya Pradesh,904.11,808.6,95.51,10.6,24.8,0,TRUE,3.1,77,100,transport_issue,,,,808.6
21-06-2024,Ukwa,Madhya Pradesh,904.11,739.39,164.72,18.2,53.6,6.2,FALSE,0,71.2,99.3,heavy_rainfall,,,,739.39
22-06-2024,Ukwa,Madhya Pradesh,904.11,854.27,49.84,5.5,9.6,0,FALSE,0,68,97.5,transport_issue,,,,854.27
23-06-2024,Ukwa,Madhya Pradesh,904.11,851.56,52.55,5.8,13.3,0,FALSE,0,87.5,89.9,transport_issue,,,,851.56
24-06-2024,Ukwa,Madhya Pradesh,904.11,828.12,75.99,8.4,51.4,0,TRUE,2.7,84.4,95.9,heavy_rainfall,,,,828.12
25-06-2024,Ukwa,Madhya Pradesh,904.11,836.29,67.82,7.5,40.2,0,FALSE,0,80.5,86.6,transport_issue,,,,836.29
26-06-2024,Ukwa,Madhya Pradesh,904.11,839.74,64.37,7.1,6.5,0,FALSE,0,82.6,88,transport_issue,,,,839.74
27-06-2024,Ukwa,Madhya Pradesh,904.11,877.09,27.02,3,41.3,0,FALSE,0,82.1,100,transport_issue,,,,877.09
28-06-2024,Ukwa,Madhya Pradesh,904.11,870.69,33.42,3.7,33.2,0,FALSE,0,86.1,95.2,transport_issue,,,,870.69
29-06-2024,Ukwa,Madhya Pradesh,904.11,879.96,24.15,2.7,6.9,0,FALSE,0,94.5,94.2,labour_shortage,,,,879.96
30-06-2024,Ukwa,Madhya Pradesh,904.11,865.72,38.39,4.2,44.3,0,FALSE,0,88.7,96.6,heavy_rainfall,,,,865.72
01-07-2024,Ukwa,Madhya Pradesh,904.11,867.8,36.31,4,15.7,0,FALSE,0,79.7,96,transport_issue,,,,867.8
02-07-2024,Ukwa,Madhya Pradesh,904.11,820.84,83.27,9.2,41,0,FALSE,0,69.4,91.4,transport_issue,,,,820.84
03-07-2024,Ukwa,Madhya Pradesh,904.11,871.82,32.29,3.6,17.1,0,FALSE,0,97.7,91.8,labour_shortage,,,,871.82
04-07-2024,Ukwa,Madhya Pradesh,904.11,829.57,74.54,8.2,39.3,0,FALSE,0,80.4,91.3,transport_issue,,,,829.57
05-07-2024,Ukwa,Madhya Pradesh,904.11,788.52,115.59,12.8,12.9,6.7,FALSE,0,84.2,93.8,transport_issue,,,,788.52
06-07-2024,Ukwa,Madhya Pradesh,904.11,852.08,52.03,5.8,59.6,0,FALSE,0,84,96.3,heavy_rainfall,,,,852.08
07-07-2024,Ukwa,Madhya Pradesh,904.11,866.04,38.07,4.2,13,0,FALSE,0,74.2,97.8,transport_issue,,,,866.04
08-07-2024,Ukwa,Madhya Pradesh,904.11,848.76,55.35,6.1,42,0,FALSE,0,86.6,94.6,heavy_rainfall,,,,848.76
09-07-2024,Ukwa,Madhya Pradesh,904.11,849.48,54.63,6,45.6,0,FALSE,0,76.2,85.9,transport_issue,,,,849.48
10-07-2024,Ukwa,Madhya Pradesh,904.11,776.38,127.73,14.1,38.4,4.9,FALSE,0,78.5,100,transport_issue,,,,776.38
11-07-2024,Ukwa,Madhya Pradesh,904.11,863.08,41.03,4.5,6.8,0,FALSE,0,79.5,93.2,transport_issue,,,,863.08
12-07-2024,Ukwa,Madhya Pradesh,904.11,815.62,88.49,9.8,76.8,0,FALSE,0,79.8,98.4,heavy_rainfall,,,,815.62
13-07-2024,Ukwa,Madhya Pradesh,904.11,886.78,17.33,1.9,40.1,0,FALSE,0,93.2,91,heavy_rainfall,,,,886.78
14-07-2024,Ukwa,Madhya Pradesh,904.11,753.76,150.35,16.6,39.4,7.3,FALSE,0,92.9,87.7,equipment_failure,,,,753.76
15-07-2024,Ukwa,Madhya Pradesh,904.11,836.28,67.83,7.5,42.3,0,FALSE,0,74.5,93.4,transport_issue,,,,836.28
16-07-2024,Ukwa,Madhya Pradesh,904.11,869.43,34.68,3.8,22.3,0,FALSE,0,89.2,97,transport_issue,,,,869.43
17-07-2024,Ukwa,Madhya Pradesh,904.11,908.75,-4.64,-0.5,26,0,FALSE,0,90.6,98.1,none,,,,908.75
18-07-2024,Ukwa,Madhya Pradesh,904.11,840.86,63.25,7,29.4,0,FALSE,0,67.9,99.7,transport_issue,,,,840.86
19-07-2024,Ukwa,Madhya Pradesh,904.11,836.68,67.43,7.5,13.8,3.2,FALSE,0,83.8,95,transport_issue,,,,836.68
20-07-2024,Ukwa,Madhya Pradesh,904.11,821.85,82.26,9.1,43,0,FALSE,0,74.8,93.4,transport_issue,,,,821.85
21-07-2024,Ukwa,Madhya Pradesh,904.11,848.02,56.09,6.2,0.8,0,FALSE,0,71.2,99,transport_issue,,,,848.02
22-07-2024,Ukwa,Madhya Pradesh,904.11,785.5,118.61,13.1,13.1,0,TRUE,5.7,77.2,94.5,transport_issue,,,,785.5
23-07-2024,Ukwa,Madhya Pradesh,904.11,828.56,75.55,8.4,37.5,0,FALSE,0,70.5,92.9,transport_issue,,,,828.56
24-07-2024,Ukwa,Madhya Pradesh,904.11,866.61,37.5,4.1,48.7,0,FALSE,0,79.3,97.4,heavy_rainfall,,,,866.61
25-07-2024,Ukwa,Madhya Pradesh,904.11,834.35,69.76,7.7,21.4,0,FALSE,0,82.2,85.5,transport_issue,,,,834.35
26-07-2024,Ukwa,Madhya Pradesh,904.11,854.26,49.85,5.5,19.4,0,FALSE,0,79,95.5,transport_issue,,,,854.26
27-07-2024,Ukwa,Madhya Pradesh,904.11,874.95,29.16,3.2,21.6,0,FALSE,0,87.5,91.8,transport_issue,,,,874.95
28-07-2024,Ukwa,Madhya Pradesh,904.11,815.85,88.26,9.8,5.4,2.7,FALSE,0,73.1,90.2,transport_issue,,,,815.85
29-07-2024,Ukwa,Madhya Pradesh,904.11,827.42,76.69,8.5,7.3,0,TRUE,2.8,75.1,96.9,transport_issue,,,,827.42
30-07-2024,Ukwa,Madhya Pradesh,904.11,763.92,140.19,15.5,20.4,6.6,FALSE,0,67.9,91.2,transport_issue,,,,763.92
31-07-2024,Ukwa,Madhya Pradesh,904.11,857.82,46.29,5.1,1.7,0,FALSE,0,79.2,95.3,transport_issue,,,,857.82
01-08-2024,Ukwa,Madhya Pradesh,904.11,861.83,42.28,4.7,13.3,0,FALSE,0,73.8,94.1,transport_issue,,,,861.83
02-08-2024,Ukwa,Madhya Pradesh,904.11,873.01,31.1,3.4,20.1,0,FALSE,0,80.7,89.8,transport_issue,,,,873.01
03-08-2024,Ukwa,Madhya Pradesh,904.11,871.04,33.07,3.7,31.5,0,FALSE,0,85,94.3,transport_issue,,,,871.04
04-08-2024,Ukwa,Madhya Pradesh,904.11,864.51,39.6,4.4,40.5,0,FALSE,0,84.8,93.1,transport_issue,,,,864.51
05-08-2024,Ukwa,Madhya Pradesh,904.11,888.97,15.14,1.7,8.1,0,FALSE,0,88.5,97.7,transport_issue,,,,888.97
06-08-2024,Ukwa,Madhya Pradesh,904.11,850.9,53.21,5.9,43.2,0,FALSE,0,82.9,94,heavy_rainfall,,,,850.9
07-08-2024,Ukwa,Madhya Pradesh,904.11,783.75,120.36,13.3,22.3,6.4,FALSE,0,74.5,95.6,transport_issue,,,,783.75
08-08-2024,Ukwa,Madhya Pradesh,904.11,845.85,58.26,6.4,67.3,0,FALSE,0,84.6,98.2,heavy_rainfall,,,,845.85
09-08-2024,Ukwa,Madhya Pradesh,904.11,859.2,44.91,5,16.5,0,FALSE,0,81.3,93.3,transport_issue,,,,859.2
10-08-2024,Ukwa,Madhya Pradesh,904.11,818.17,85.94,9.5,25.9,0,TRUE,1.9,74.8,97.3,transport_issue,,,,818.17
11-08-2024,Ukwa,Madhya Pradesh,904.11,828.27,75.84,8.4,68.9,0,FALSE,0,89.2,90.1,heavy_rainfall,,,,828.27
12-08-2024,Ukwa,Madhya Pradesh,904.11,859.45,44.66,4.9,28.2,0,FALSE,0,85.9,95.9,transport_issue,,,,859.45
13-08-2024,Ukwa,Madhya Pradesh,904.11,829.39,74.72,8.3,9.5,0,TRUE,5.4,73.5,100,transport_issue,,,,829.39
14-08-2024,Ukwa,Madhya Pradesh,904.11,889.26,14.85,1.6,28.7,0,FALSE,0,87.1,97.4,transport_issue,,,,889.26
15-08-2024,Ukwa,Madhya Pradesh,904.11,860.32,43.79,4.8,57.1,0,FALSE,0,87.7,95.2,heavy_rainfall,,,,860.32
16-08-2024,Ukwa,Madhya Pradesh,904.11,859.45,44.66,4.9,4.7,0,FALSE,0,87.1,91.2,transport_issue,,,,859.45
17-08-2024,Ukwa,Madhya Pradesh,904.11,860.82,43.29,4.8,16.5,0,FALSE,0,82.7,91.7,transport_issue,,,,860.82
18-08-2024,Ukwa,Madhya Pradesh,904.11,860.87,43.24,4.8,32.2,0,FALSE,0,92.5,93.2,transport_issue,,,,860.87
19-08-2024,Ukwa,Madhya Pradesh,904.11,867.6,36.51,4,33.5,0,FALSE,0,83.6,93.9,transport_issue,,,,867.6
20-08-2024,Ukwa,Madhya Pradesh,904.11,852.25,51.86,5.7,48.2,0,FALSE,0,91.8,97.3,heavy_rainfall,,,,852.25
21-08-2024,Ukwa,Madhya Pradesh,904.11,875.42,28.69,3.2,16.6,0,FALSE,0,85.4,100,transport_issue,,,,875.42
22-08-2024,Ukwa,Madhya Pradesh,904.11,861.71,42.4,4.7,2.1,0,FALSE,0,73.2,91.3,transport_issue,,,,861.71
23-08-2024,Ukwa,Madhya Pradesh,904.11,834.95,69.16,7.6,26.3,0,FALSE,0,80.4,91.1,transport_issue,,,,834.95
24-08-2024,Ukwa,Madhya Pradesh,904.11,877.85,26.26,2.9,14.8,0,FALSE,0,85.5,91.4,transport_issue,,,,877.85
25-08-2024,Ukwa,Madhya Pradesh,904.11,867.52,36.59,4,32.2,0,FALSE,0,90.8,89.5,labour_shortage,,,,867.52
26-08-2024,Ukwa,Madhya Pradesh,904.11,837.07,67.04,7.4,26.6,0,FALSE,0,80.9,92.9,transport_issue,,,,837.07
27-08-2024,Ukwa,Madhya Pradesh,904.11,836,68.11,7.5,4.7,0,FALSE,0,81.1,91.1,transport_issue,,,,836
28-08-2024,Ukwa,Madhya Pradesh,904.11,808.66,95.45,10.6,72,5.5,FALSE,0,97,100,heavy_rainfall,,,,808.66
29-08-2024,Ukwa,Madhya Pradesh,904.11,881.42,22.69,2.5,18.9,0,FALSE,0,77,95.8,transport_issue,,,,881.42
30-08-2024,Ukwa,Madhya Pradesh,904.11,845.45,58.66,6.5,2.4,0,FALSE,0,78.1,86,transport_issue,,,,845.45
31-08-2024,Ukwa,Madhya Pradesh,904.11,791.48,112.63,12.5,15,4.3,FALSE,0,79.4,96.5,transport_issue,,,,791.48
01-09-2024,Ukwa,Madhya Pradesh,904.11,835.26,68.85,7.6,46.7,0,FALSE,0,82.6,93.2,heavy_rainfall,,,,835.26
02-09-2024,Ukwa,Madhya Pradesh,904.11,852.76,51.35,5.7,6.4,0,FALSE,0,86.1,92.7,transport_issue,,,,852.76
03-09-2024,Ukwa,Madhya Pradesh,904.11,874.28,29.83,3.3,54.1,0,FALSE,0,90.6,100,heavy_rainfall,,,,874.28
04-09-2024,Ukwa,Madhya Pradesh,904.11,840.42,63.69,7,28.6,0,FALSE,0,81.5,96.7,transport_issue,,,,840.42
05-09-2024,Ukwa,Madhya Pradesh,904.11,845.76,58.35,6.5,35,0,FALSE,0,70.2,98.5,transport_issue,,,,845.76
06-09-2024,Ukwa,Madhya Pradesh,904.11,862.13,41.98,4.6,33.4,0,FALSE,0,91.5,91,labour_shortage,,,,862.13
07-09-2024,Ukwa,Madhya Pradesh,904.11,821.36,82.75,9.2,66.9,0,FALSE,0,80,96,heavy_rainfall,,,,821.36
08-09-2024,Ukwa,Madhya Pradesh,904.11,867.2,36.91,4.1,4.3,0,FALSE,0,80.9,99.2,transport_issue,,,,867.2
09-09-2024,Ukwa,Madhya Pradesh,904.11,844.71,59.4,6.6,10.4,0,FALSE,0,79.3,92.1,transport_issue,,,,844.71
10-09-2024,Ukwa,Madhya Pradesh,904.11,873.2,30.91,3.4,38.9,0,FALSE,0,81.7,93.8,transport_issue,,,,873.2
11-09-2024,Ukwa,Madhya Pradesh,904.11,792.85,111.26,12.3,20.4,0,TRUE,5,75.9,100,transport_issue,,,,792.85
12-09-2024,Ukwa,Madhya Pradesh,904.11,868.06,36.05,4,9.1,0,FALSE,0,79.1,89.6,transport_issue,,,,868.06
13-09-2024,Ukwa,Madhya Pradesh,904.11,870.4,33.71,3.7,30,0,FALSE,0,91.7,97.8,transport_issue,,,,870.4
14-09-2024,Ukwa,Madhya Pradesh,904.11,899.54,4.57,0.5,1.1,0,FALSE,0,88.4,97.4,transport_issue,,,,899.54
15-09-2024,Ukwa,Madhya Pradesh,904.11,856.56,47.55,5.3,18.9,0,FALSE,0,90.7,90,labour_shortage,,,,856.56
16-09-2024,Ukwa,Madhya Pradesh,904.11,886.39,17.72,2,31.8,0,FALSE,0,80,100,transport_issue,,,,886.39
17-09-2024,Ukwa,Madhya Pradesh,904.11,822.75,81.36,9,30.2,0,FALSE,0,73.4,90.7,transport_issue,,,,822.75
18-09-2024,Ukwa,Madhya Pradesh,904.11,854.97,49.14,5.4,23,0,FALSE,0,78.4,94.5,transport_issue,,,,854.97
19-09-2024,Ukwa,Madhya Pradesh,904.11,852.97,51.14,5.7,12.6,0,FALSE,0,80.4,91.2,transport_issue,,,,852.97
20-09-2024,Ukwa,Madhya Pradesh,904.11,862.51,41.6,4.6,58.8,0,FALSE,0,78.1,98.9,heavy_rainfall,,,,862.51
21-09-2024,Ukwa,Madhya Pradesh,904.11,860.65,43.46,4.8,15.8,0,FALSE,0,79.3,93.9,transport_issue,,,,860.65
22-09-2024,Ukwa,Madhya Pradesh,904.11,852.25,51.86,5.7,34.1,0,FALSE,0,82.6,96.5,transport_issue,,,,852.25
23-09-2024,Ukwa,Madhya Pradesh,904.11,850.72,53.39,5.9,9.2,0,FALSE,0,74.4,100,transport_issue,,,,850.72
24-09-2024,Ukwa,Madhya Pradesh,904.11,854.35,49.76,5.5,7.1,0,FALSE,0,85.2,94.1,transport_issue,,,,854.35
25-09-2024,Ukwa,Madhya Pradesh,904.11,855.25,48.86,5.4,7.2,0,FALSE,0,77.2,92.3,transport_issue,,,,855.25
26-09-2024,Ukwa,Madhya Pradesh,904.11,891.94,12.17,1.3,11.1,0,FALSE,0,87.1,98.8,transport_issue,,,,891.94
27-09-2024,Ukwa,Madhya Pradesh,904.11,878.09,26.02,2.9,19.5,0,FALSE,0,79.1,96,transport_issue,,,,878.09
28-09-2024,Ukwa,Madhya Pradesh,904.11,850.83,53.28,5.9,8.4,0,FALSE,0,84.3,83.1,labour_shortage,,,,850.83
29-09-2024,Ukwa,Madhya Pradesh,904.11,870.92,33.19,3.7,15,0,FALSE,0,88,94.8,transport_issue,,,,870.92
30-09-2024,Ukwa,Madhya Pradesh,904.11,812.87,91.24,10.1,7.6,0,TRUE,3,82.7,94.5,transport_issue,,,,812.87
01-10-2024,Ukwa,Madhya Pradesh,904.11,829.9,74.21,8.2,3.6,0,TRUE,5.4,94,100,blasting_delay,,,,829.9
02-10-2024,Ukwa,Madhya Pradesh,904.11,872.29,31.82,3.5,4.9,0,FALSE,0,91.1,99.7,transport_issue,,,,872.29
03-10-2024,Ukwa,Madhya Pradesh,904.11,865,39.11,4.3,2.3,0,FALSE,0,85.9,95.8,transport_issue,,,,865
04-10-2024,Ukwa,Madhya Pradesh,904.11,872.84,31.27,3.5,0.7,0,FALSE,0,94.7,96.4,transport_issue,,,,872.84
05-10-2024,Ukwa,Madhya Pradesh,904.11,912.82,-8.71,-1,3.2,0,FALSE,0,98.8,99.3,none,,,,912.82
06-10-2024,Ukwa,Madhya Pradesh,904.11,811.9,92.21,10.2,2.6,0,TRUE,4.7,88.6,89.8,transport_issue,,,,811.9
07-10-2024,Ukwa,Madhya Pradesh,904.11,872.91,31.2,3.5,3.6,0,FALSE,0,96.8,98.7,transport_issue,,,,872.91
08-10-2024,Ukwa,Madhya Pradesh,904.11,858.95,45.16,5,0.8,0,TRUE,2.3,81.2,94.6,transport_issue,,,,858.95
09-10-2024,Ukwa,Madhya Pradesh,904.11,842.73,61.38,6.8,1.5,0,TRUE,4.8,96.4,95.5,blasting_delay,,,,842.73
10-10-2024,Ukwa,Madhya Pradesh,904.11,896.62,7.49,0.8,4.3,0,FALSE,0,91.6,89.2,labour_shortage,,,,896.62
11-10-2024,Ukwa,Madhya Pradesh,904.11,862.12,41.99,4.6,4,0,FALSE,0,97.9,86.7,labour_shortage,,,,862.12
12-10-2024,Ukwa,Madhya Pradesh,904.11,880.31,23.8,2.6,2.2,0,FALSE,0,82.9,92.6,transport_issue,,,,880.31
13-10-2024,Ukwa,Madhya Pradesh,904.11,888.92,15.19,1.7,7.7,0,FALSE,0,97.1,97.1,transport_issue,,,,888.92
14-10-2024,Ukwa,Madhya Pradesh,904.11,864.64,39.47,4.4,1,0,FALSE,0,89.3,93.9,transport_issue,,,,864.64
15-10-2024,Ukwa,Madhya Pradesh,904.11,877.14,26.97,3,5.3,3.2,FALSE,0,100,93.4,labour_shortage,,,,877.14
16-10-2024,Ukwa,Madhya Pradesh,904.11,891.96,12.15,1.3,2.8,0,FALSE,0,87.7,92.7,transport_issue,,,,891.96
17-10-2024,Ukwa,Madhya Pradesh,904.11,864.3,39.81,4.4,9.1,0,FALSE,0,87.2,91.2,transport_issue,,,,864.3
18-10-2024,Ukwa,Madhya Pradesh,904.11,803.05,101.06,11.2,3.6,6.5,FALSE,0,92.1,90.5,equipment_failure,,,,803.05
19-10-2024,Ukwa,Madhya Pradesh,904.11,838.15,65.96,7.3,1.9,4.7,FALSE,0,93.1,97.6,equipment_failure,,,,838.15
20-10-2024,Ukwa,Madhya Pradesh,904.11,888.22,15.89,1.8,3.8,0,FALSE,0,100,87.8,labour_shortage,,,,888.22
21-10-2024,Ukwa,Madhya Pradesh,904.11,853,51.11,5.7,5.9,0,FALSE,0,91,93.3,transport_issue,,,,853
22-10-2024,Ukwa,Madhya Pradesh,904.11,918.22,-14.11,-1.6,5.8,0,FALSE,0,98.7,98.1,none,,,,918.22
23-10-2024,Ukwa,Madhya Pradesh,904.11,816.72,87.39,9.7,5.5,0,TRUE,4.7,91.1,93.5,blasting_delay,,,,816.72
24-10-2024,Ukwa,Madhya Pradesh,904.11,884.51,19.6,2.2,2.3,0,FALSE,0,92.6,97.2,transport_issue,,,,884.51
25-10-2024,Ukwa,Madhya Pradesh,904.11,833.26,70.85,7.8,1.8,4.2,FALSE,0,100,96.6,equipment_failure,,,,833.26
26-10-2024,Ukwa,Madhya Pradesh,904.11,845.09,59.02,6.5,3.5,0,FALSE,0,76,100,transport_issue,,,,845.09
27-10-2024,Ukwa,Madhya Pradesh,904.11,905.69,-1.58,-0.2,4.7,0,FALSE,0,88.5,99.4,none,,,,905.69
28-10-2024,Ukwa,Madhya Pradesh,904.11,891.05,13.06,1.4,3.3,0,FALSE,0,88.4,100,transport_issue,,,,891.05
29-10-2024,Ukwa,Madhya Pradesh,904.11,869.31,34.8,3.8,1.4,0,FALSE,0,89.1,97,transport_issue,,,,869.31
30-10-2024,Ukwa,Madhya Pradesh,904.11,891.54,12.57,1.4,9.6,0,FALSE,0,89.6,92.3,transport_issue,,,,891.54
31-10-2024,Ukwa,Madhya Pradesh,904.11,840.09,64.02,7.1,5.2,3.3,FALSE,0,92.9,93.2,transport_issue,,,,840.09
01-11-2024,Ukwa,Madhya Pradesh,904.11,869.67,34.44,3.8,3.1,0,FALSE,0,97,91.8,labour_shortage,,,,869.67
02-11-2024,Ukwa,Madhya Pradesh,904.11,909.95,-5.84,-0.6,3,0,FALSE,0,97.6,97.3,none,,,,909.95
03-11-2024,Ukwa,Madhya Pradesh,904.11,846.83,57.28,6.3,4.5,0,FALSE,0,85.6,94.2,transport_issue,,,,846.83
04-11-2024,Ukwa,Madhya Pradesh,904.11,837.25,66.86,7.4,7.3,0,TRUE,3,83.8,90.9,transport_issue,,,,837.25
05-11-2024,Ukwa,Madhya Pradesh,904.11,856.5,47.61,5.3,0.8,0,FALSE,0,85.8,97.2,transport_issue,,,,856.5
06-11-2024,Ukwa,Madhya Pradesh,904.11,880.56,23.55,2.6,2,0,FALSE,0,90.2,100,transport_issue,,,,880.56
07-11-2024,Ukwa,Madhya Pradesh,904.11,889.14,14.97,1.7,4.9,0,FALSE,0,97.5,99.2,transport_issue,,,,889.14
08-11-2024,Ukwa,Madhya Pradesh,904.11,848.44,55.67,6.2,1.3,0,FALSE,0,86.6,94.7,transport_issue,,,,848.44
09-11-2024,Ukwa,Madhya Pradesh,904.11,840.67,63.44,7,1.1,0,FALSE,0,82.8,94.8,transport_issue,,,,840.67
10-11-2024,Ukwa,Madhya Pradesh,904.11,860.05,44.06,4.9,4.2,0,FALSE,0,85.3,100,transport_issue,,,,860.05
11-11-2024,Ukwa,Madhya Pradesh,904.11,886.53,17.58,1.9,2.2,0,FALSE,0,82.7,92.1,transport_issue,,,,886.53
12-11-2024,Ukwa,Madhya Pradesh,904.11,896.05,8.06,0.9,1.9,0,FALSE,0,89.6,88.9,labour_shortage,,,,896.05
13-11-2024,Ukwa,Madhya Pradesh,904.11,879.96,24.15,2.7,6.6,0,FALSE,0,93,100,transport_issue,,,,879.96
14-11-2024,Ukwa,Madhya Pradesh,904.11,869.85,34.26,3.8,5,0,FALSE,0,90,95.9,transport_issue,,,,869.85
15-11-2024,Ukwa,Madhya Pradesh,904.11,799.86,104.25,11.5,0.7,5.6,FALSE,0,90.6,100,equipment_failure,,,,799.86
16-11-2024,Ukwa,Madhya Pradesh,904.11,905.17,-1.06,-0.1,2,0,FALSE,0,100,94.4,none,,,,905.17
17-11-2024,Ukwa,Madhya Pradesh,904.11,837.62,66.49,7.4,2.6,2.4,FALSE,0,95.1,96.8,transport_issue,,,,837.62
18-11-2024,Ukwa,Madhya Pradesh,904.11,857.4,46.71,5.2,2.5,3.1,FALSE,0,88,95.2,transport_issue,,,,857.4
19-11-2024,Ukwa,Madhya Pradesh,904.11,840.62,63.49,7,2.9,0,FALSE,0,78.4,99.9,transport_issue,,,,840.62
20-11-2024,Ukwa,Madhya Pradesh,904.11,861.2,42.91,4.7,4.9,0,FALSE,0,90,92.1,transport_issue,,,,861.2
21-11-2024,Ukwa,Madhya Pradesh,904.11,803.17,100.94,11.2,6.9,6,FALSE,0,89.9,88.7,equipment_failure,,,,803.17
22-11-2024,Ukwa,Madhya Pradesh,904.11,791.73,112.38,12.4,6.1,5.4,FALSE,0,88.3,86.1,labour_shortage,,,,791.73
23-11-2024,Ukwa,Madhya Pradesh,904.11,842.83,61.28,6.8,4.9,0,TRUE,4,90.5,96.5,transport_issue,,,,842.83
24-11-2024,Ukwa,Madhya Pradesh,904.11,872.97,31.14,3.4,6.2,0,FALSE,0,92.6,94,transport_issue,,,,872.97
25-11-2024,Ukwa,Madhya Pradesh,904.11,862.24,41.87,4.6,4.2,0,FALSE,0,93.8,94.2,transport_issue,,,,862.24
26-11-2024,Ukwa,Madhya Pradesh,904.11,891.43,12.68,1.4,4.4,0,FALSE,0,92.2,94.7,transport_issue,,,,891.43
27-11-2024,Ukwa,Madhya Pradesh,904.11,871.84,32.27,3.6,8.8,0,FALSE,0,80.5,96,transport_issue,,,,871.84
28-11-2024,Ukwa,Madhya Pradesh,904.11,804.59,99.52,11,4.6,6.5,FALSE,0,93.7,94.3,equipment_failure,,,,804.59
29-11-2024,Ukwa,Madhya Pradesh,904.11,906.15,-2.04,-0.2,5.3,0,FALSE,0,93.5,93.1,none,,,,906.15
30-11-2024,Ukwa,Madhya Pradesh,904.11,853.12,50.99,5.6,0.5,0,FALSE,0,91.1,91.4,transport_issue,,,,853.12
01-12-2024,Ukwa,Madhya Pradesh,904.11,898.28,5.83,0.6,2.7,0,FALSE,0,100,91.2,labour_shortage,,,,898.28
02-12-2024,Ukwa,Madhya Pradesh,904.11,883.24,20.87,2.3,7.1,0,FALSE,0,100,91.7,labour_shortage,,,,883.24
03-12-2024,Ukwa,Madhya Pradesh,904.11,846.19,57.92,6.4,6.5,2.1,FALSE,0,83.8,96.8,transport_issue,,,,846.19
04-12-2024,Ukwa,Madhya Pradesh,904.11,899.54,4.57,0.5,4.4,0,FALSE,0,96.7,86,labour_shortage,,,,899.54
05-12-2024,Ukwa,Madhya Pradesh,904.11,896.07,8.04,0.9,0.9,0,FALSE,0,94.3,94.9,transport_issue,,,,896.07
06-12-2024,Ukwa,Madhya Pradesh,904.11,867.13,36.98,4.1,9.4,0,TRUE,2.5,90.1,93,transport_issue,,,,867.13
07-12-2024,Ukwa,Madhya Pradesh,904.11,867.17,36.94,4.1,7.6,0,FALSE,0,85.4,92,transport_issue,,,,867.17
08-12-2024,Ukwa,Madhya Pradesh,904.11,784.05,120.06,13.3,2.3,7.2,FALSE,0,90.8,96.6,equipment_failure,,,,784.05
09-12-2024,Ukwa,Madhya Pradesh,904.11,887.96,16.15,1.8,5.6,0,FALSE,0,93.2,90.6,labour_shortage,,,,887.96
10-12-2024,Ukwa,Madhya Pradesh,904.11,874.9,29.21,3.2,2.3,0,FALSE,0,93.3,88.6,labour_shortage,,,,874.9
11-12-2024,Ukwa,Madhya Pradesh,904.11,860.05,44.06,4.9,0.4,0,FALSE,0,88.9,93.8,transport_issue,,,,860.05
12-12-2024,Ukwa,Madhya Pradesh,904.11,877.34,26.77,3,3.5,0,FALSE,0,95.3,93.7,labour_shortage,,,,877.34
13-12-2024,Ukwa,Madhya Pradesh,904.11,856.37,47.74,5.3,1,0,FALSE,0,87,95.5,transport_issue,,,,856.37
14-12-2024,Ukwa,Madhya Pradesh,904.11,870.86,33.25,3.7,3.2,0,FALSE,0,86.3,95.5,transport_issue,,,,870.86
15-12-2024,Ukwa,Madhya Pradesh,904.11,869.78,34.33,3.8,4.8,0,FALSE,0,90.3,91.6,transport_issue,,,,869.78
16-12-2024,Ukwa,Madhya Pradesh,904.11,895.8,8.31,0.9,1.4,0,TRUE,1.1,95.7,96.4,transport_issue,,,,895.8
17-12-2024,Ukwa,Madhya Pradesh,904.11,896.82,7.29,0.8,9.9,0,FALSE,0,92.9,100,transport_issue,,,,896.82
18-12-2024,Ukwa,Madhya Pradesh,904.11,896.24,7.87,0.9,2.9,0,FALSE,0,97,93.3,labour_shortage,,,,896.24
19-12-2024,Ukwa,Madhya Pradesh,904.11,877.54,26.57,2.9,4.1,0,FALSE,0,95.7,93.1,labour_shortage,,,,877.54
20-12-2024,Ukwa,Madhya Pradesh,904.11,891.65,12.46,1.4,3.3,0,FALSE,0,98.4,98.5,none,,,,891.65
21-12-2024,Ukwa,Madhya Pradesh,904.11,927.24,-23.13,-2.6,5.1,0,FALSE,0,100,97.4,none,,,,927.24
22-12-2024,Ukwa,Madhya Pradesh,904.11,897.84,6.27,0.7,0.6,0,FALSE,0,97.8,97.4,labour_shortage,,,,897.84
23-12-2024,Ukwa,Madhya Pradesh,904.11,890.95,13.16,1.5,11.6,0,FALSE,0,85.3,100,transport_issue,,,,890.95
24-12-2024,Ukwa,Madhya Pradesh,904.11,907.43,-3.32,-0.4,7.9,0,FALSE,0,93.1,92.6,none,,,,907.43
25-12-2024,Ukwa,Madhya Pradesh,904.11,845.51,58.6,6.5,3.2,0,TRUE,5.4,91.4,95.5,blasting_delay,,,,845.51
26-12-2024,Ukwa,Madhya Pradesh,904.11,898.95,5.16,0.6,7.1,0,FALSE,0,92.8,99.3,transport_issue,,,,898.95
27-12-2024,Ukwa,Madhya Pradesh,904.11,864.9,39.21,4.3,5.7,3.2,FALSE,0,94.2,92.3,labour_shortage,,,,864.9
28-12-2024,Ukwa,Madhya Pradesh,904.11,909.1,-4.99,-0.6,6,0,FALSE,0,96.1,90.5,none,,,,909.1
29-12-2024,Ukwa,Madhya Pradesh,904.11,876.93,27.18,3,6.6,0,TRUE,3.8,95.4,96.2,blasting_delay,,,,876.93
30-12-2024,Ukwa,Madhya Pradesh,904.11,905.06,-0.95,-0.1,9.5,0,FALSE,0,88.4,96.8,none,,,,905.06
31-12-2024,Ukwa,Madhya Pradesh,904.11,832.96,71.15,7.9,3.2,0,FALSE,0,79.5,93.8,transport_issue,,,,832.96
01-01-2025,Ukwa,Madhya Pradesh,904.11,886.1,18.01,2,8.1,0,FALSE,0,93.8,95.2,transport_issue,,,,886.1
02-01-2025,Ukwa,Madhya Pradesh,904.11,862.5,41.61,4.6,0.9,0,FALSE,0,95.1,93.7,labour_shortage,,,,862.5
03-01-2025,Ukwa,Madhya Pradesh,904.11,903.65,0.46,0.1,1.7,0,FALSE,0,100,100,none,,,,903.65
04-01-2025,Ukwa,Madhya Pradesh,904.11,898.68,5.43,0.6,8.1,0,FALSE,0,91.7,94.2,transport_issue,,,,898.68
05-01-2025,Ukwa,Madhya Pradesh,904.11,890.97,13.14,1.5,10.3,0,FALSE,0,89.6,95.8,transport_issue,,,,890.97
06-01-2025,Ukwa,Madhya Pradesh,904.11,922.73,-18.62,-2.1,1.5,0,FALSE,0,100,99,none,,,,922.73
07-01-2025,Ukwa,Madhya Pradesh,904.11,851.59,52.52,5.8,2.3,0,TRUE,3.6,96.6,94.4,blasting_delay,,,,851.59
08-01-2025,Ukwa,Madhya Pradesh,904.11,885.24,18.87,2.1,9.6,0,FALSE,0,96.9,95.8,labour_shortage,,,,885.24
09-01-2025,Ukwa,Madhya Pradesh,904.11,889.47,14.64,1.6,2.9,0,FALSE,0,90.9,92.5,transport_issue,,,,889.47
10-01-2025,Ukwa,Madhya Pradesh,904.11,873.17,30.94,3.4,4,0,FALSE,0,95.1,95.5,transport_issue,,,,873.17
11-01-2025,Ukwa,Madhya Pradesh,904.11,887.73,16.38,1.8,3,0,FALSE,0,93.3,98.3,transport_issue,,,,887.73
12-01-2025,Ukwa,Madhya Pradesh,904.11,868.69,35.42,3.9,0.3,0,FALSE,0,99.4,93.2,labour_shortage,,,,868.69
13-01-2025,Ukwa,Madhya Pradesh,904.11,896.96,7.15,0.8,4.5,0,FALSE,0,88.9,94.6,transport_issue,,,,896.96
14-01-2025,Ukwa,Madhya Pradesh,904.11,789.12,114.99,12.7,17.7,6.7,FALSE,0,95.1,97.8,equipment_failure,,,,789.12
15-01-2025,Ukwa,Madhya Pradesh,904.11,800.77,103.34,11.4,3.9,4.9,FALSE,0,90.2,96.3,equipment_failure,,,,800.77
16-01-2025,Ukwa,Madhya Pradesh,904.11,870.47,33.64,3.7,5.2,0,FALSE,0,95.8,95.1,labour_shortage,,,,870.47
17-01-2025,Ukwa,Madhya Pradesh,904.11,882.84,21.27,2.4,4.3,0,FALSE,0,100,93.3,labour_shortage,,,,882.84
18-01-2025,Ukwa,Madhya Pradesh,904.11,811.86,92.25,10.2,1.4,6.4,FALSE,0,96,89.9,equipment_failure,,,,811.86
19-01-2025,Ukwa,Madhya Pradesh,904.11,908.45,-4.34,-0.5,0.9,0,FALSE,0,97.5,90.3,none,,,,908.45
20-01-2025,Ukwa,Madhya Pradesh,904.11,906.95,-2.84,-0.3,2.5,0,FALSE,0,94.9,96.4,none,,,,906.95
21-01-2025,Ukwa,Madhya Pradesh,904.11,878.09,26.02,2.9,4.2,0,FALSE,0,95.9,92.4,labour_shortage,,,,878.09
22-01-2025,Ukwa,Madhya Pradesh,904.11,791.36,112.75,12.5,0.6,3.5,FALSE,0,83.9,90.2,transport_issue,,,,791.36
23-01-2025,Ukwa,Madhya Pradesh,904.11,922.98,-18.87,-2.1,0.5,0,FALSE,0,96.7,100,none,,,,922.98
24-01-2025,Ukwa,Madhya Pradesh,904.11,875.69,28.42,3.1,6.1,0,TRUE,4.2,100,94.7,blasting_delay,,,,875.69
25-01-2025,Ukwa,Madhya Pradesh,904.11,882.94,21.17,2.3,4.6,0,FALSE,0,99.2,97.1,labour_shortage,,,,882.94
26-01-2025,Ukwa,Madhya Pradesh,904.11,889.91,14.2,1.6,3.1,0,FALSE,0,91.2,95,transport_issue,,,,889.91
27-01-2025,Ukwa,Madhya Pradesh,904.11,860.98,43.13,4.8,7.2,0,FALSE,0,82,95.8,transport_issue,,,,860.98
28-01-2025,Ukwa,Madhya Pradesh,904.11,901.16,2.95,0.3,6,0,FALSE,0,91.4,96.5,transport_issue,,,,901.16
29-01-2025,Ukwa,Madhya Pradesh,904.11,859.99,44.12,4.9,3.1,0,FALSE,0,88.9,93.8,transport_issue,,,,859.99
30-01-2025,Ukwa,Madhya Pradesh,904.11,857.23,46.88,5.2,0.9,0,FALSE,0,96.8,86.3,labour_shortage,,,,857.23
31-01-2025,Ukwa,Madhya Pradesh,904.11,833.17,70.94,7.8,3.2,0,TRUE,5,96.6,92.8,blasting_delay,,,,833.17
01-02-2025,Ukwa,Madhya Pradesh,904.11,855,49.11,5.4,4.1,0,FALSE,0,86.6,98.8,transport_issue,,,,855
02-02-2025,Ukwa,Madhya Pradesh,904.11,823.08,81.03,9,5.1,0,TRUE,5.4,95.6,100,blasting_delay,,,,823.08
03-02-2025,Ukwa,Madhya Pradesh,904.11,884.31,19.8,2.2,6.1,0,FALSE,0,100,97.2,labour_shortage,,,,884.31
04-02-2025,Ukwa,Madhya Pradesh,904.11,888.95,15.16,1.7,1.1,0,FALSE,0,98.9,99.3,none,,,,888.95
05-02-2025,Ukwa,Madhya Pradesh,904.11,871.57,32.54,3.6,5.2,0,FALSE,0,90.5,95.7,transport_issue,,,,871.57
06-02-2025,Ukwa,Madhya Pradesh,904.11,908.24,-4.13,-0.5,2.1,0,FALSE,0,94.8,99.1,none,,,,908.24
07-02-2025,Ukwa,Madhya Pradesh,904.11,905.76,-1.65,-0.2,2.6,0,FALSE,0,100,94.5,none,,,,905.76
08-02-2025,Ukwa,Madhya Pradesh,904.11,860.46,43.65,4.8,4,0,FALSE,0,93.7,94.2,transport_issue,,,,860.46
09-02-2025,Ukwa,Madhya Pradesh,904.11,897.25,6.86,0.8,5.6,0,FALSE,0,92.7,100,transport_issue,,,,897.25
10-02-2025,Ukwa,Madhya Pradesh,904.11,810.3,93.81,10.4,2.9,5.7,FALSE,0,97.1,97.5,equipment_failure,,,,810.3
11-02-2025,Ukwa,Madhya Pradesh,904.11,837.81,66.3,7.3,1.6,2.9,FALSE,0,94.3,89.6,labour_shortage,,,,837.81
12-02-2025,Ukwa,Madhya Pradesh,904.11,776.11,128,14.2,2.2,6.6,FALSE,0,94.2,94.5,equipment_failure,,,,776.11
13-02-2025,Ukwa,Madhya Pradesh,904.11,855.58,48.53,5.4,4.8,0,FALSE,0,83.9,100,transport_issue,,,,855.58
14-02-2025,Ukwa,Madhya Pradesh,904.11,913.61,-9.5,-1.1,4.9,0,FALSE,0,98.3,96.1,none,,,,913.61
15-02-2025,Ukwa,Madhya Pradesh,904.11,910.98,-6.87,-0.8,3.6,0,FALSE,0,93.2,98.1,none,,,,910.98
16-02-2025,Ukwa,Madhya Pradesh,904.11,884.72,19.39,2.1,1.1,0,FALSE,0,82.7,92,transport_issue,,,,884.72
17-02-2025,Ukwa,Madhya Pradesh,904.11,904.71,-0.6,-0.1,3.5,0,FALSE,0,92.4,100,none,,,,904.71
18-02-2025,Ukwa,Madhya Pradesh,904.11,861.86,42.25,4.7,5,0,FALSE,0,90.1,97.4,transport_issue,,,,861.86
19-02-2025,Ukwa,Madhya Pradesh,904.11,842.2,61.91,6.8,3.7,0,FALSE,0,86.5,86.1,labour_shortage,,,,842.2
20-02-2025,Ukwa,Madhya Pradesh,904.11,892.64,11.47,1.3,8.3,0,TRUE,1.8,97.5,89.2,labour_shortage,,,,892.64
21-02-2025,Ukwa,Madhya Pradesh,904.11,887.59,16.52,1.8,6.1,0,FALSE,0,87.9,100,transport_issue,,,,887.59
22-02-2025,Ukwa,Madhya Pradesh,904.11,861.9,42.21,4.7,3.1,0,FALSE,0,93.6,86.2,labour_shortage,,,,861.9
23-02-2025,Ukwa,Madhya Pradesh,904.11,877.45,26.66,2.9,2.3,0,FALSE,0,87.8,94.2,transport_issue,,,,877.45
24-02-2025,Ukwa,Madhya Pradesh,904.11,860.81,43.3,4.8,6.1,0,FALSE,0,90.7,95.4,transport_issue,,,,860.81
25-02-2025,Ukwa,Madhya Pradesh,904.11,858.25,45.86,5.1,2.8,0,TRUE,2,94.2,91,labour_shortage,,,,858.25
26-02-2025,Ukwa,Madhya Pradesh,904.11,870.1,34.01,3.8,12.4,0,TRUE,1.3,100,93.4,labour_shortage,,,,870.1
27-02-2025,Ukwa,Madhya Pradesh,904.11,863.18,40.93,4.5,6.9,0,FALSE,0,88.3,94.6,transport_issue,,,,863.18
28-02-2025,Ukwa,Madhya Pradesh,904.11,864.29,39.82,4.4,8.8,0,FALSE,0,93.3,92.7,labour_shortage,,,,864.29
01-03-2025,Ukwa,Madhya Pradesh,904.11,914.15,-10.04,-1.1,5.5,0,FALSE,0,93.5,99.4,none,,,,914.15
02-03-2025,Ukwa,Madhya Pradesh,904.11,867.9,36.21,4,2.6,0,FALSE,0,90.5,94.3,transport_issue,,,,867.9
03-03-2025,Ukwa,Madhya Pradesh,904.11,876,28.11,3.1,4.6,2.2,FALSE,0,87.7,100,transport_issue,,,,876
04-03-2025,Ukwa,Madhya Pradesh,904.11,894.75,9.36,1,0.8,0,FALSE,0,88.2,91.2,transport_issue,,,,894.75
05-03-2025,Ukwa,Madhya Pradesh,904.11,847.25,56.86,6.3,2.3,2.7,FALSE,0,88,95.5,transport_issue,,,,847.25
06-03-2025,Ukwa,Madhya Pradesh,904.11,860.42,43.69,4.8,3.3,0,FALSE,0,90.7,87.4,labour_shortage,,,,860.42
07-03-2025,Ukwa,Madhya Pradesh,904.11,907.95,-3.84,-0.4,4.1,0,FALSE,0,95.7,95.5,none,,,,907.95
08-03-2025,Ukwa,Madhya Pradesh,904.11,873.87,30.24,3.3,1.8,0,TRUE,1.4,92.1,93.4,transport_issue,,,,873.87
09-03-2025,Ukwa,Madhya Pradesh,904.11,876.77,27.34,3,6.3,0,FALSE,0,88.8,95.3,transport_issue,,,,876.77
10-03-2025,Ukwa,Madhya Pradesh,904.11,853.8,50.31,5.6,10.7,0,FALSE,0,88.2,95.5,transport_issue,,,,853.8
11-03-2025,Ukwa,Madhya Pradesh,904.11,868.13,35.98,4,10.9,0,FALSE,0,83.8,96.2,transport_issue,,,,868.13
12-03-2025,Ukwa,Madhya Pradesh,904.11,890.15,13.96,1.5,3.6,0,FALSE,0,88.8,100,transport_issue,,,,890.15
13-03-2025,Ukwa,Madhya Pradesh,904.11,849.82,54.29,6,2.4,0,FALSE,0,85.2,96.5,transport_issue,,,,849.82
14-03-2025,Ukwa,Madhya Pradesh,904.11,882.54,21.57,2.4,2.3,0,FALSE,0,90.6,89.5,labour_shortage,,,,882.54
15-03-2025,Ukwa,Madhya Pradesh,904.11,893.87,10.24,1.1,2.4,0,FALSE,0,93.7,90.5,labour_shortage,,,,893.87
16-03-2025,Ukwa,Madhya Pradesh,904.11,815.6,88.51,9.8,3.1,6.4,FALSE,0,92.2,99.6,equipment_failure,,,,815.6
17-03-2025,Ukwa,Madhya Pradesh,904.11,900.04,4.07,0.5,5.6,0,FALSE,0,95.2,85.3,labour_shortage,,,,900.04
18-03-2025,Ukwa,Madhya Pradesh,904.11,923.95,-19.84,-2.2,4.9,0,FALSE,0,98.8,97.1,none,,,,923.95
19-03-2025,Ukwa,Madhya Pradesh,904.11,865.24,38.87,4.3,1.4,0,FALSE,0,92.4,91,labour_shortage,,,,865.24
20-03-2025,Ukwa,Madhya Pradesh,904.11,899.84,4.27,0.5,6.9,0,TRUE,2.1,100,94.8,labour_shortage,,,,899.84
21-03-2025,Ukwa,Madhya Pradesh,904.11,892.34,11.77,1.3,4.5,0,FALSE,0,95.3,98.8,transport_issue,,,,892.34
22-03-2025,Ukwa,Madhya Pradesh,904.11,871.3,32.81,3.6,7.8,0,FALSE,0,89.6,98.3,transport_issue,,,,871.3
23-03-2025,Ukwa,Madhya Pradesh,904.11,870.89,33.22,3.7,5.1,0,FALSE,0,95.1,99.2,transport_issue,,,,870.89
24-03-2025,Ukwa,Madhya Pradesh,904.11,837.84,66.27,7.3,1.8,0,FALSE,0,81.4,93.8,transport_issue,,,,837.84
25-03-2025,Ukwa,Madhya Pradesh,904.11,832.07,72.04,8,6,4.7,FALSE,0,94.2,98,equipment_failure,,,,832.07
26-03-2025,Ukwa,Madhya Pradesh,904.11,876.92,27.19,3,2.9,0,FALSE,0,87.1,99.9,transport_issue,,,,876.92
27-03-2025,Ukwa,Madhya Pradesh,904.11,806.56,97.55,10.8,1.4,3.5,TRUE,1.9,92.9,87.4,labour_shortage,,,,806.56
28-03-2025,Ukwa,Madhya Pradesh,904.11,871.16,32.95,3.6,1.6,0,FALSE,0,93.6,99.3,transport_issue,,,,871.16
29-03-2025,Ukwa,Madhya Pradesh,904.11,852.77,51.34,5.7,10.1,0,FALSE,0,84.7,94.3,transport_issue,,,,852.77
30-03-2025,Ukwa,Madhya Pradesh,904.11,870.24,33.87,3.7,1.1,0,FALSE,0,87.6,97.9,transport_issue,,,,870.24
31-03-2025,Ukwa,Madhya Pradesh,904.11,909.1,-4.99,-0.6,0.9,0,FALSE,0,92.6,96.2,none,,,,909.1
01-04-2024,Chikla,Maharashtra,723.29,711.89,11.4,1.6,1.5,0,FALSE,0,99.1,89.9,labour_shortage,,,,711.89
02-04-2024,Chikla,Maharashtra,723.29,703.58,19.71,2.7,1.4,0,FALSE,0,91.6,94.9,transport_issue,,,,703.58
03-04-2024,Chikla,Maharashtra,723.29,686.77,36.52,5,3.4,0,FALSE,0,89.6,98.2,transport_issue,,,,686.77
04-04-2024,Chikla,Maharashtra,723.29,645.51,77.78,10.8,3.4,2.9,FALSE,0,82.3,96.5,transport_issue,,,,645.51
05-04-2024,Chikla,Maharashtra,723.29,709.38,13.91,1.9,3.3,0,FALSE,0,95.1,95.6,transport_issue,,,,709.38
06-04-2024,Chikla,Maharashtra,723.29,666.3,56.99,7.9,2.6,0,FALSE,0,73.5,93.6,transport_issue,,,,666.3
07-04-2024,Chikla,Maharashtra,723.29,692.15,31.14,4.3,2,0,FALSE,0,90.2,98,transport_issue,,,,692.15
08-04-2024,Chikla,Maharashtra,723.29,693.95,29.34,4.1,3,0,FALSE,0,83.7,95.5,transport_issue,,,,693.95
09-04-2024,Chikla,Maharashtra,723.29,688.24,35.05,4.8,6.4,0,FALSE,0,87.8,99.9,transport_issue,,,,688.24
10-04-2024,Chikla,Maharashtra,723.29,698.07,25.22,3.5,8.1,0,FALSE,0,94.7,98.8,transport_issue,,,,698.07
11-04-2024,Chikla,Maharashtra,723.29,652.93,70.36,9.7,7.2,4.2,FALSE,0,92.6,92.3,equipment_failure,,,,652.93
12-04-2024,Chikla,Maharashtra,723.29,653.55,69.74,9.6,10.5,6.9,TRUE,1.1,100,100,equipment_failure,,,,653.55
13-04-2024,Chikla,Maharashtra,723.29,661.49,61.8,8.5,2.1,2.6,FALSE,0,82.9,91.6,transport_issue,,,,661.49
14-04-2024,Chikla,Maharashtra,723.29,685.45,37.84,5.2,3.1,0,FALSE,0,86.6,87.6,transport_issue,,,,685.45
15-04-2024,Chikla,Maharashtra,723.29,696.2,27.09,3.7,4.2,0,FALSE,0,85.3,97.1,transport_issue,,,,696.2
16-04-2024,Chikla,Maharashtra,723.29,711.82,11.47,1.6,2.2,0,FALSE,0,100,94.1,labour_shortage,,,,711.82
17-04-2024,Chikla,Maharashtra,723.29,696.17,27.12,3.7,6.1,0,FALSE,0,99.1,94.5,labour_shortage,,,,696.17
18-04-2024,Chikla,Maharashtra,723.29,714.11,9.18,1.3,4.9,0,FALSE,0,87.4,99.6,transport_issue,,,,714.11
19-04-2024,Chikla,Maharashtra,723.29,683.74,39.55,5.5,7,0,TRUE,4.2,95.4,88.4,labour_shortage,,,,683.74
20-04-2024,Chikla,Maharashtra,723.29,637.13,86.16,11.9,6.4,5.7,FALSE,0,89.1,90.5,equipment_failure,,,,637.13
21-04-2024,Chikla,Maharashtra,723.29,710.34,12.95,1.8,0.9,0,FALSE,0,100,93.2,labour_shortage,,,,710.34
22-04-2024,Chikla,Maharashtra,723.29,666.79,56.5,7.8,2.3,0,TRUE,3.4,86.8,98.7,transport_issue,,,,666.79
23-04-2024,Chikla,Maharashtra,723.29,709.73,13.56,1.9,1.2,0,FALSE,0,91.7,94.7,transport_issue,,,,709.73
24-04-2024,Chikla,Maharashtra,723.29,694.54,28.75,4,2.6,0,FALSE,0,92,87.2,labour_shortage,,,,694.54
25-04-2024,Chikla,Maharashtra,723.29,679.84,43.45,6,7.3,0,FALSE,0,84.7,85,transport_issue,,,,679.84
26-04-2024,Chikla,Maharashtra,723.29,709.39,13.9,1.9,2.6,0,FALSE,0,82.6,98.5,transport_issue,,,,709.39
27-04-2024,Chikla,Maharashtra,723.29,731.15,-7.86,-1.1,8.4,0,FALSE,0,100,95.4,none,,,,731.15
28-04-2024,Chikla,Maharashtra,723.29,662.99,60.3,8.3,2.6,0,FALSE,0,72.4,98.9,transport_issue,,,,662.99
29-04-2024,Chikla,Maharashtra,723.29,713.86,9.43,1.3,1.4,0,FALSE,0,90,100,transport_issue,,,,713.86
30-04-2024,Chikla,Maharashtra,723.29,707.84,15.45,2.1,2.5,0,FALSE,0,87.6,99,transport_issue,,,,707.84
01-05-2024,Chikla,Maharashtra,723.29,672.05,51.24,7.1,7.5,2.8,FALSE,0,80.2,92.6,transport_issue,,,,672.05
02-05-2024,Chikla,Maharashtra,723.29,703.57,19.72,2.7,3.5,0,FALSE,0,100,92.7,labour_shortage,,,,703.57
03-05-2024,Chikla,Maharashtra,723.29,679.1,44.19,6.1,4.7,0,FALSE,0,87.4,91.4,transport_issue,,,,679.1
04-05-2024,Chikla,Maharashtra,723.29,714.74,8.55,1.2,0.5,0,FALSE,0,84.4,98.6,transport_issue,,,,714.74
05-05-2024,Chikla,Maharashtra,723.29,597.28,126.01,17.4,1.5,5.8,TRUE,5.6,100,89.8,equipment_failure,,,,597.28
06-05-2024,Chikla,Maharashtra,723.29,641.43,81.86,11.3,7.2,7.1,FALSE,0,87.1,95,equipment_failure,,,,641.43
07-05-2024,Chikla,Maharashtra,723.29,699.18,24.11,3.3,1.9,0,FALSE,0,95.8,96.3,transport_issue,,,,699.18
08-05-2024,Chikla,Maharashtra,723.29,718.53,4.76,0.7,0.2,0,FALSE,0,92.3,87.9,labour_shortage,,,,718.53
09-05-2024,Chikla,Maharashtra,723.29,711.25,12.04,1.7,4,0,FALSE,0,92.2,96.7,transport_issue,,,,711.25
10-05-2024,Chikla,Maharashtra,723.29,713.02,10.27,1.4,4.1,0,FALSE,0,95.4,92.3,labour_shortage,,,,713.02
11-05-2024,Chikla,Maharashtra,723.29,692.36,30.93,4.3,4,0,FALSE,0,91.9,97,transport_issue,,,,692.36
12-05-2024,Chikla,Maharashtra,723.29,615.7,107.59,14.9,3.2,5.5,TRUE,5.3,92,95.4,equipment_failure,,,,615.7
13-05-2024,Chikla,Maharashtra,723.29,715.17,8.12,1.1,3.2,0,FALSE,0,92.9,92.1,labour_shortage,,,,715.17
14-05-2024,Chikla,Maharashtra,723.29,646.09,77.2,10.7,2.7,6.1,FALSE,0,92.2,87.6,labour_shortage,,,,646.09
15-05-2024,Chikla,Maharashtra,723.29,684.67,38.62,5.3,0.4,0,FALSE,0,86.8,91.4,transport_issue,,,,684.67
16-05-2024,Chikla,Maharashtra,723.29,675.87,47.42,6.6,1.8,0,FALSE,0,85.4,94.4,transport_issue,,,,675.87
17-05-2024,Chikla,Maharashtra,723.29,713.84,9.45,1.3,4.3,0,FALSE,0,95.7,98.3,transport_issue,,,,713.84
18-05-2024,Chikla,Maharashtra,723.29,720.3,2.99,0.4,12,0,FALSE,0,98.9,97.1,labour_shortage,,,,720.3
19-05-2024,Chikla,Maharashtra,723.29,657.56,65.73,9.1,0.5,0,TRUE,3,83.6,92.6,transport_issue,,,,657.56
20-05-2024,Chikla,Maharashtra,723.29,685.46,37.83,5.2,1.7,0,FALSE,0,90.8,90.9,transport_issue,,,,685.46
21-05-2024,Chikla,Maharashtra,723.29,728.66,-5.37,-0.7,9.1,0,FALSE,0,94.8,93.7,none,,,,728.66
22-05-2024,Chikla,Maharashtra,723.29,717.74,5.55,0.8,6.5,0,FALSE,0,95.6,90.1,labour_shortage,,,,717.74
23-05-2024,Chikla,Maharashtra,723.29,697.08,26.21,3.6,7.2,0,FALSE,0,85,100,transport_issue,,,,697.08
24-05-2024,Chikla,Maharashtra,723.29,725.07,-1.78,-0.2,4.4,0,FALSE,0,93.3,100,none,,,,725.07
25-05-2024,Chikla,Maharashtra,723.29,711.87,11.42,1.6,3,0,FALSE,0,92.7,98,transport_issue,,,,711.87
26-05-2024,Chikla,Maharashtra,723.29,708.53,14.76,2,1.8,0,FALSE,0,94.8,91.2,labour_shortage,,,,708.53
27-05-2024,Chikla,Maharashtra,723.29,713.17,10.12,1.4,9.4,0,FALSE,0,95,89.7,labour_shortage,,,,713.17
28-05-2024,Chikla,Maharashtra,723.29,709.55,13.74,1.9,5,0,FALSE,0,96.8,96.9,transport_issue,,,,709.55
29-05-2024,Chikla,Maharashtra,723.29,718.33,4.96,0.7,1.2,0,FALSE,0,100,100,none,,,,718.33
30-05-2024,Chikla,Maharashtra,723.29,729.12,-5.83,-0.8,2.2,0,FALSE,0,96.9,98.6,none,,,,729.12
31-05-2024,Chikla,Maharashtra,723.29,676.57,46.72,6.5,1.5,0,FALSE,0,82.1,91.6,transport_issue,,,,676.57
01-06-2024,Chikla,Maharashtra,723.29,683.42,39.87,5.5,51,0,FALSE,0,88.9,100,heavy_rainfall,,,,683.42
02-06-2024,Chikla,Maharashtra,723.29,713.32,9.97,1.4,40.4,0,FALSE,0,86.5,98.7,transport_issue,,,,713.32
03-06-2024,Chikla,Maharashtra,723.29,672.06,51.23,7.1,10,0,FALSE,0,85,88.7,transport_issue,,,,672.06
04-06-2024,Chikla,Maharashtra,723.29,686.89,36.4,5,21,0,FALSE,0,79.6,98.3,transport_issue,,,,686.89
05-06-2024,Chikla,Maharashtra,723.29,691.49,31.8,4.4,13.7,0,FALSE,0,85.8,93.2,transport_issue,,,,691.49
06-06-2024,Chikla,Maharashtra,723.29,675.7,47.59,6.6,15.5,0,TRUE,2.3,86.3,91.7,transport_issue,,,,675.7
07-06-2024,Chikla,Maharashtra,723.29,612.21,111.08,15.4,7.1,6.8,FALSE,0,77.4,91.6,transport_issue,,,,612.21
08-06-2024,Chikla,Maharashtra,723.29,632.75,90.54,12.5,77.5,2.7,FALSE,0,82,91.9,heavy_rainfall,,,,632.75
09-06-2024,Chikla,Maharashtra,723.29,698,25.29,3.5,32.6,0,FALSE,0,86.9,95.7,transport_issue,,,,698
10-06-2024,Chikla,Maharashtra,723.29,662.42,60.87,8.4,9.2,3.9,FALSE,0,91.8,95.4,transport_issue,,,,662.42
11-06-2024,Chikla,Maharashtra,723.29,667.49,55.8,7.7,56,0,FALSE,0,84.7,96.8,heavy_rainfall,,,,667.49
12-06-2024,Chikla,Maharashtra,723.29,697.02,26.27,3.6,8.5,0,FALSE,0,80.6,86.1,transport_issue,,,,697.02
13-06-2024,Chikla,Maharashtra,723.29,697.56,25.73,3.6,30,0,FALSE,0,86.6,99.2,transport_issue,,,,697.56
14-06-2024,Chikla,Maharashtra,723.29,635.51,87.78,12.1,74.6,0,FALSE,0,65.4,100,heavy_rainfall,,,,635.51
15-06-2024,Chikla,Maharashtra,723.29,715.27,8.02,1.1,9.2,0,FALSE,0,91.5,94.1,transport_issue,,,,715.27
16-06-2024,Chikla,Maharashtra,723.29,689.67,33.62,4.6,12.1,0,FALSE,0,86.9,94,transport_issue,,,,689.67
17-06-2024,Chikla,Maharashtra,723.29,675.91,47.38,6.6,30.9,0,FALSE,0,80.7,89.6,transport_issue,,,,675.91
18-06-2024,Chikla,Maharashtra,723.29,616.65,106.64,14.7,15.1,6.5,FALSE,0,87.7,96.9,equipment_failure,,,,616.65
19-06-2024,Chikla,Maharashtra,723.29,696.3,26.99,3.7,16.3,0,FALSE,0,84.7,93.1,transport_issue,,,,696.3
20-06-2024,Chikla,Maharashtra,723.29,693.69,29.6,4.1,12.1,0,FALSE,0,86.1,94.1,transport_issue,,,,693.69
21-06-2024,Chikla,Maharashtra,723.29,644.5,78.79,10.9,28.6,3.2,FALSE,0,76.6,94.8,transport_issue,,,,644.5
22-06-2024,Chikla,Maharashtra,723.29,699.41,23.88,3.3,22.7,0,FALSE,0,87.5,97.8,transport_issue,,,,699.41
23-06-2024,Chikla,Maharashtra,723.29,703.45,19.84,2.7,29.2,0,FALSE,0,82.1,99.1,transport_issue,,,,703.45
24-06-2024,Chikla,Maharashtra,723.29,677.05,46.24,6.4,42.1,0,FALSE,0,80.8,96.4,transport_issue,,,,677.05
25-06-2024,Chikla,Maharashtra,723.29,676.66,46.63,6.4,14.9,0,FALSE,0,76.4,96.8,transport_issue,,,,676.66
26-06-2024,Chikla,Maharashtra,723.29,672.41,50.88,7,33.8,0,FALSE,0,80,95.6,transport_issue,,,,672.41
27-06-2024,Chikla,Maharashtra,723.29,671.62,51.67,7.1,40.6,0,FALSE,0,87.9,92.9,transport_issue,,,,671.62
28-06-2024,Chikla,Maharashtra,723.29,629.89,93.4,12.9,27,6.8,FALSE,0,81.2,95.8,transport_issue,,,,629.89
29-06-2024,Chikla,Maharashtra,723.29,683.92,39.37,5.4,33.7,0,FALSE,0,71.7,96.2,transport_issue,,,,683.92
30-06-2024,Chikla,Maharashtra,723.29,662.59,60.7,8.4,36.2,0,FALSE,0,71.3,92.1,transport_issue,,,,662.59
01-07-2024,Chikla,Maharashtra,723.29,609.23,114.06,15.8,13.7,6.2,FALSE,0,76.3,95.5,transport_issue,,,,609.23
02-07-2024,Chikla,Maharashtra,723.29,714.4,8.89,1.2,21.4,0,FALSE,0,91,91.7,transport_issue,,,,714.4
03-07-2024,Chikla,Maharashtra,723.29,685.99,37.3,5.2,53.5,0,FALSE,0,86,100,heavy_rainfall,,,,685.99
04-07-2024,Chikla,Maharashtra,723.29,707.43,15.86,2.2,20.7,0,FALSE,0,83,90.6,transport_issue,,,,707.43
05-07-2024,Chikla,Maharashtra,723.29,622.5,100.79,13.9,11.5,0,TRUE,4.4,67.7,96,transport_issue,,,,622.5
06-07-2024,Chikla,Maharashtra,723.29,702.93,20.36,2.8,39.8,0,FALSE,0,79.9,97.7,transport_issue,,,,702.93
07-07-2024,Chikla,Maharashtra,723.29,681.02,42.27,5.8,32.6,0,FALSE,0,89.3,91.2,transport_issue,,,,681.02
08-07-2024,Chikla,Maharashtra,723.29,700.28,23.01,3.2,38.5,0,FALSE,0,85.2,89.8,transport_issue,,,,700.28
09-07-2024,Chikla,Maharashtra,723.29,597.65,125.64,17.4,137.9,0,FALSE,0,79.7,86.6,heavy_rainfall,,,,597.65
10-07-2024,Chikla,Maharashtra,723.29,691.41,31.88,4.4,19.9,0,FALSE,0,76.7,92.7,transport_issue,,,,691.41
11-07-2024,Chikla,Maharashtra,723.29,670.42,52.87,7.3,27.5,0,TRUE,2.4,91.6,93,transport_issue,,,,670.42
12-07-2024,Chikla,Maharashtra,723.29,677.68,45.61,6.3,17.1,0,FALSE,0,80.6,92.7,transport_issue,,,,677.68
13-07-2024,Chikla,Maharashtra,723.29,697.11,26.18,3.6,35.3,0,FALSE,0,81.8,92.3,transport_issue,,,,697.11
14-07-2024,Chikla,Maharashtra,723.29,611.15,112.14,15.5,36.9,6.4,FALSE,0,78.2,93.1,transport_issue,,,,611.15
15-07-2024,Chikla,Maharashtra,723.29,698.4,24.89,3.4,19.2,0,FALSE,0,75.4,99.2,transport_issue,,,,698.4
16-07-2024,Chikla,Maharashtra,723.29,712.2,11.09,1.5,8.2,0,FALSE,0,80.5,98.3,transport_issue,,,,712.2
17-07-2024,Chikla,Maharashtra,723.29,616.14,107.15,14.8,18,8.7,FALSE,0,84.4,94.5,equipment_failure,,,,616.14
18-07-2024,Chikla,Maharashtra,723.29,707.34,15.95,2.2,29.1,0,FALSE,0,87.1,99.4,transport_issue,,,,707.34
19-07-2024,Chikla,Maharashtra,723.29,633.85,89.44,12.4,26.9,3.9,FALSE,0,87.3,90,transport_issue,,,,633.85
20-07-2024,Chikla,Maharashtra,723.29,667.69,55.6,7.7,15.5,0,FALSE,0,75.9,92.8,transport_issue,,,,667.69
21-07-2024,Chikla,Maharashtra,723.29,697.16,26.13,3.6,14,0,FALSE,0,79.7,96.6,transport_issue,,,,697.16
22-07-2024,Chikla,Maharashtra,723.29,708.82,14.47,2,29.9,0,FALSE,0,89.8,94.9,transport_issue,,,,708.82
23-07-2024,Chikla,Maharashtra,723.29,679.66,43.63,6,14.6,0,FALSE,0,73.2,100,transport_issue,,,,679.66
24-07-2024,Chikla,Maharashtra,723.29,654.8,68.49,9.5,16.9,0,TRUE,5.1,87.1,100,transport_issue,,,,654.8
25-07-2024,Chikla,Maharashtra,723.29,707.8,15.49,2.1,29,0,FALSE,0,93.9,99.9,transport_issue,,,,707.8
26-07-2024,Chikla,Maharashtra,723.29,627.4,95.89,13.3,21.2,4.6,FALSE,0,73.6,94.2,transport_issue,,,,627.4
27-07-2024,Chikla,Maharashtra,723.29,691.76,31.53,4.4,13.1,0,FALSE,0,80.8,86.7,transport_issue,,,,691.76
28-07-2024,Chikla,Maharashtra,723.29,699.52,23.77,3.3,21.2,0,FALSE,0,82.4,95.3,transport_issue,,,,699.52
29-07-2024,Chikla,Maharashtra,723.29,684.8,38.49,5.3,38,0,FALSE,0,78.8,94.6,transport_issue,,,,684.8
30-07-2024,Chikla,Maharashtra,723.29,702.28,21.01,2.9,22.7,0,FALSE,0,77.6,93.7,transport_issue,,,,702.28
31-07-2024,Chikla,Maharashtra,723.29,681.02,42.27,5.8,35.2,0,FALSE,0,82.2,95.5,transport_issue,,,,681.02
01-08-2024,Chikla,Maharashtra,723.29,686.01,37.28,5.2,11.3,0,FALSE,0,76.1,92.2,transport_issue,,,,686.01
02-08-2024,Chikla,Maharashtra,723.29,676.32,46.97,6.5,20,0,FALSE,0,79.8,91.9,transport_issue,,,,676.32
03-08-2024,Chikla,Maharashtra,723.29,673.91,49.38,6.8,81.2,0,FALSE,0,85.1,98,heavy_rainfall,,,,673.91
04-08-2024,Chikla,Maharashtra,723.29,707.9,15.39,2.1,20.2,0,FALSE,0,84.7,92.8,transport_issue,,,,707.9
05-08-2024,Chikla,Maharashtra,723.29,658.87,64.42,8.9,14.1,3.5,FALSE,0,89.1,86.1,labour_shortage,,,,658.87
06-08-2024,Chikla,Maharashtra,723.29,684.04,39.25,5.4,2.9,0,FALSE,0,70.5,96.4,transport_issue,,,,684.04
07-08-2024,Chikla,Maharashtra,723.29,682.57,40.72,5.6,16.4,0,TRUE,5.1,96.3,95.9,blasting_delay,,,,682.57
08-08-2024,Chikla,Maharashtra,723.29,675.22,48.07,6.6,6.8,0,FALSE,0,80.8,100,transport_issue,,,,675.22
09-08-2024,Chikla,Maharashtra,723.29,690.13,33.16,4.6,24.9,0,FALSE,0,78.5,96,transport_issue,,,,690.13
10-08-2024,Chikla,Maharashtra,723.29,673.25,50.04,6.9,24.7,0,TRUE,1.4,89,89.5,transport_issue,,,,673.25
11-08-2024,Chikla,Maharashtra,723.29,694.44,28.85,4,18.7,0,FALSE,0,79.3,94.1,transport_issue,,,,694.44
12-08-2024,Chikla,Maharashtra,723.29,655.93,67.36,9.3,6.8,5.2,FALSE,0,84.4,94.7,transport_issue,,,,655.93
13-08-2024,Chikla,Maharashtra,723.29,634.46,88.83,12.3,18.2,0,TRUE,6,74.5,91.3,transport_issue,,,,634.46
14-08-2024,Chikla,Maharashtra,723.29,710.6,12.69,1.8,11.9,0,FALSE,0,87,92.5,transport_issue,,,,710.6
15-08-2024,Chikla,Maharashtra,723.29,656.73,66.56,9.2,25.3,3.1,FALSE,0,75.2,100,transport_issue,,,,656.73
16-08-2024,Chikla,Maharashtra,723.29,678.07,45.22,6.3,35.2,0,FALSE,0,78.6,94,transport_issue,,,,678.07
17-08-2024,Chikla,Maharashtra,723.29,703.5,19.79,2.7,4.9,0,FALSE,0,87.7,96.6,transport_issue,,,,703.5
18-08-2024,Chikla,Maharashtra,723.29,686.36,36.93,5.1,35.7,0,FALSE,0,74.9,90.8,transport_issue,,,,686.36
19-08-2024,Chikla,Maharashtra,723.29,680.36,42.93,5.9,32.5,0,FALSE,0,80.8,96.5,transport_issue,,,,680.36
20-08-2024,Chikla,Maharashtra,723.29,714.23,9.06,1.3,15.9,0,FALSE,0,88.2,92,transport_issue,,,,714.23
21-08-2024,Chikla,Maharashtra,723.29,708.85,14.44,2,36.5,0,FALSE,0,80.7,100,transport_issue,,,,708.85
22-08-2024,Chikla,Maharashtra,723.29,711.52,11.77,1.6,26.1,0,FALSE,0,86.6,94,transport_issue,,,,711.52
23-08-2024,Chikla,Maharashtra,723.29,691.61,31.68,4.4,35.3,0,FALSE,0,83.3,100,transport_issue,,,,691.61
24-08-2024,Chikla,Maharashtra,723.29,711.2,12.09,1.7,12.8,0,FALSE,0,87.3,97.1,transport_issue,,,,711.2
25-08-2024,Chikla,Maharashtra,723.29,688.09,35.2,4.9,7.5,0,FALSE,0,74,97.3,transport_issue,,,,688.09
26-08-2024,Chikla,Maharashtra,723.29,705.16,18.13,2.5,17.1,0,FALSE,0,90,93.9,transport_issue,,,,705.16
27-08-2024,Chikla,Maharashtra,723.29,711.21,12.08,1.7,8.4,0,FALSE,0,90.3,98.5,transport_issue,,,,711.21
28-08-2024,Chikla,Maharashtra,723.29,693.51,29.78,4.1,32.5,0,TRUE,2,84.2,96.9,transport_issue,,,,693.51
29-08-2024,Chikla,Maharashtra,723.29,678.84,44.45,6.1,34.8,0,FALSE,0,82.5,97.8,transport_issue,,,,678.84
30-08-2024,Chikla,Maharashtra,723.29,700.08,23.21,3.2,11.3,0,FALSE,0,88.2,96.7,transport_issue,,,,700.08
31-08-2024,Chikla,Maharashtra,723.29,663.65,59.64,8.2,24.8,2.6,FALSE,0,74.9,92.9,transport_issue,,,,663.65
01-09-2024,Chikla,Maharashtra,723.29,670.55,52.74,7.3,17.8,3.7,FALSE,0,82.5,95.6,transport_issue,,,,670.55
02-09-2024,Chikla,Maharashtra,723.29,685.39,37.9,5.2,25.5,0,FALSE,0,82.9,91.6,transport_issue,,,,685.39
03-09-2024,Chikla,Maharashtra,723.29,696.19,27.1,3.7,5.3,0,FALSE,0,83.6,93.8,transport_issue,,,,696.19
04-09-2024,Chikla,Maharashtra,723.29,678.3,44.99,6.2,48.9,0,FALSE,0,73.6,99,transport_issue,,,,678.3
05-09-2024,Chikla,Maharashtra,723.29,696.56,26.73,3.7,27.3,0,FALSE,0,84.1,97.3,transport_issue,,,,696.56
06-09-2024,Chikla,Maharashtra,723.29,594.15,129.14,17.9,45.7,7.7,TRUE,1.1,89.2,94.9,heavy_rainfall,,,,594.15
07-09-2024,Chikla,Maharashtra,723.29,717.11,6.18,0.9,34.8,0,FALSE,0,93.2,87.9,labour_shortage,,,,717.11
08-09-2024,Chikla,Maharashtra,723.29,712.57,10.72,1.5,17.7,0,FALSE,0,84.4,95.5,transport_issue,,,,712.57
09-09-2024,Chikla,Maharashtra,723.29,664.03,59.26,8.2,12.7,0,TRUE,1.8,82.6,92.5,transport_issue,,,,664.03
10-09-2024,Chikla,Maharashtra,723.29,673.68,49.61,6.9,25.3,0,FALSE,0,79.8,98.8,transport_issue,,,,673.68
11-09-2024,Chikla,Maharashtra,723.29,649.3,73.99,10.2,9.1,5.2,FALSE,0,83,94.7,transport_issue,,,,649.3
12-09-2024,Chikla,Maharashtra,723.29,692.54,30.75,4.3,37.7,0,FALSE,0,78.4,96.7,transport_issue,,,,692.54
13-09-2024,Chikla,Maharashtra,723.29,682.15,41.14,5.7,36.6,0,FALSE,0,87.6,95.9,transport_issue,,,,682.15
14-09-2024,Chikla,Maharashtra,723.29,671.46,51.83,7.2,80.6,0,FALSE,0,83.1,91.7,heavy_rainfall,,,,671.46
15-09-2024,Chikla,Maharashtra,723.29,670.58,52.71,7.3,29.6,0,FALSE,0,75.3,97.4,transport_issue,,,,670.58
16-09-2024,Chikla,Maharashtra,723.29,654.25,69.04,9.5,18,0,TRUE,1.8,78.3,91.7,transport_issue,,,,654.25
17-09-2024,Chikla,Maharashtra,723.29,692.64,30.65,4.2,26.8,0,FALSE,0,76.6,98.1,transport_issue,,,,692.64
18-09-2024,Chikla,Maharashtra,723.29,691.15,32.14,4.4,30.3,0,FALSE,0,93.1,97.9,transport_issue,,,,691.15
19-09-2024,Chikla,Maharashtra,723.29,672.27,51.02,7.1,61.1,0,FALSE,0,81.5,93.5,heavy_rainfall,,,,672.27
20-09-2024,Chikla,Maharashtra,723.29,679.02,44.27,6.1,49.4,0,FALSE,0,83.2,95.8,heavy_rainfall,,,,679.02
21-09-2024,Chikla,Maharashtra,723.29,667.04,56.25,7.8,31,0,FALSE,0,76.1,96.2,transport_issue,,,,667.04
22-09-2024,Chikla,Maharashtra,723.29,676.21,47.08,6.5,49,0,FALSE,0,85.4,94.3,heavy_rainfall,,,,676.21
23-09-2024,Chikla,Maharashtra,723.29,720.78,2.51,0.3,33.3,0,FALSE,0,96.6,95.7,labour_shortage,,,,720.78
24-09-2024,Chikla,Maharashtra,723.29,689.8,33.49,4.6,10.8,0,FALSE,0,77.6,93.7,transport_issue,,,,689.8
25-09-2024,Chikla,Maharashtra,723.29,675.07,48.22,6.7,6.3,0,FALSE,0,75.5,93.7,transport_issue,,,,675.07
26-09-2024,Chikla,Maharashtra,723.29,711.79,11.5,1.6,33.9,0,FALSE,0,89.6,88.2,labour_shortage,,,,711.79
27-09-2024,Chikla,Maharashtra,723.29,643.88,79.41,11,10.6,0,TRUE,3.8,77,95.1,transport_issue,,,,643.88
28-09-2024,Chikla,Maharashtra,723.29,692.85,30.44,4.2,9.4,0,FALSE,0,89.3,93.5,transport_issue,,,,692.85
29-09-2024,Chikla,Maharashtra,723.29,716.58,6.71,0.9,25,0,FALSE,0,88.9,98.9,transport_issue,,,,716.58
30-09-2024,Chikla,Maharashtra,723.29,641.97,81.32,11.2,22.1,5.1,FALSE,0,81.9,94.7,transport_issue,,,,641.97
01-10-2024,Chikla,Maharashtra,723.29,735.35,-12.06,-1.7,4.8,0,FALSE,0,100,97.1,none,,,,735.35
02-10-2024,Chikla,Maharashtra,723.29,694.22,29.07,4,2.4,0,FALSE,0,88.1,87.9,labour_shortage,,,,694.22
03-10-2024,Chikla,Maharashtra,723.29,704.53,18.76,2.6,1.6,0,FALSE,0,90.9,100,transport_issue,,,,704.53
04-10-2024,Chikla,Maharashtra,723.29,667.26,56.03,7.7,2.5,3.2,FALSE,0,94.3,96.7,equipment_failure,,,,667.26
05-10-2024,Chikla,Maharashtra,723.29,620,103.29,14.3,2.6,7.3,FALSE,0,90.4,97.4,equipment_failure,,,,620
06-10-2024,Chikla,Maharashtra,723.29,684.33,38.96,5.4,0.2,0,FALSE,0,89.6,97.2,transport_issue,,,,684.33
07-10-2024,Chikla,Maharashtra,723.29,730.21,-6.92,-1,5.5,0,FALSE,0,95.4,97.1,none,,,,730.21
08-10-2024,Chikla,Maharashtra,723.29,707.04,16.25,2.2,6.8,0,FALSE,0,91.7,92.7,transport_issue,,,,707.04
09-10-2024,Chikla,Maharashtra,723.29,699.05,24.24,3.4,5.3,0,FALSE,0,93.2,100,transport_issue,,,,699.05
10-10-2024,Chikla,Maharashtra,723.29,708.6,14.69,2,7.4,0,FALSE,0,84.4,97.6,transport_issue,,,,708.6
11-10-2024,Chikla,Maharashtra,723.29,698.68,24.61,3.4,3,0,FALSE,0,91.6,91,labour_shortage,,,,698.68
12-10-2024,Chikla,Maharashtra,723.29,653.24,70.05,9.7,6.6,0,TRUE,5.7,88.7,100,blasting_delay,,,,653.24
13-10-2024,Chikla,Maharashtra,723.29,688.3,34.99,4.8,1.3,0,FALSE,0,85.3,93.3,transport_issue,,,,688.3
14-10-2024,Chikla,Maharashtra,723.29,699.82,23.47,3.2,9.6,0,FALSE,0,89.8,87,labour_shortage,,,,699.82
15-10-2024,Chikla,Maharashtra,723.29,717.02,6.27,0.9,9.9,0,FALSE,0,83.8,98.5,transport_issue,,,,717.02
16-10-2024,Chikla,Maharashtra,723.29,682.38,40.91,5.7,0.8,0,FALSE,0,82.8,99.8,transport_issue,,,,682.38
17-10-2024,Chikla,Maharashtra,723.29,718.69,4.6,0.6,1.6,0,FALSE,0,92.1,95.4,transport_issue,,,,718.69
18-10-2024,Chikla,Maharashtra,723.29,721.43,1.86,0.3,4.3,0,FALSE,0,92.2,95.9,transport_issue,,,,721.43
19-10-2024,Chikla,Maharashtra,723.29,708.61,14.68,2,6.1,0,FALSE,0,100,90.6,labour_shortage,,,,708.61
20-10-2024,Chikla,Maharashtra,723.29,707.76,15.53,2.1,2.1,0,FALSE,0,95.4,99.6,transport_issue,,,,707.76
21-10-2024,Chikla,Maharashtra,723.29,707.33,15.96,2.2,2,0,FALSE,0,95.8,94.4,labour_shortage,,,,707.33
22-10-2024,Chikla,Maharashtra,723.29,701.71,21.58,3,1.4,0,FALSE,0,89.6,94.7,transport_issue,,,,701.71
23-10-2024,Chikla,Maharashtra,723.29,692.04,31.25,4.3,7.2,0,FALSE,0,83.7,96.8,transport_issue,,,,692.04
24-10-2024,Chikla,Maharashtra,723.29,719.69,3.6,0.5,9,0,FALSE,0,94.4,93.5,labour_shortage,,,,719.69
25-10-2024,Chikla,Maharashtra,723.29,712.33,10.96,1.5,4.6,0,FALSE,0,92.8,100,transport_issue,,,,712.33
26-10-2024,Chikla,Maharashtra,723.29,703.06,20.23,2.8,0.6,0,FALSE,0,99.6,90.7,labour_shortage,,,,703.06
27-10-2024,Chikla,Maharashtra,723.29,712.06,11.23,1.6,3.2,0,FALSE,0,83.5,95.9,transport_issue,,,,712.06
28-10-2024,Chikla,Maharashtra,723.29,693.23,30.06,4.2,14.8,0,TRUE,1.2,90.7,93.9,transport_issue,,,,693.23
29-10-2024,Chikla,Maharashtra,723.29,718.32,4.97,0.7,9.1,0,FALSE,0,91.9,92.2,transport_issue,,,,718.32
30-10-2024,Chikla,Maharashtra,723.29,623.46,99.83,13.8,4.3,7.8,FALSE,0,88.1,95.4,equipment_failure,,,,623.46
31-10-2024,Chikla,Maharashtra,723.29,693.07,30.22,4.2,3.2,0,FALSE,0,97.9,93.5,labour_shortage,,,,693.07
01-11-2024,Chikla,Maharashtra,723.29,713.01,10.28,1.4,7.7,0,FALSE,0,92.7,95.8,transport_issue,,,,713.01
02-11-2024,Chikla,Maharashtra,723.29,675.48,47.81,6.6,3.1,5.4,FALSE,0,95.9,96.3,equipment_failure,,,,675.48
03-11-2024,Chikla,Maharashtra,723.29,665.25,58.04,8,8.4,2.1,FALSE,0,91.4,94.3,transport_issue,,,,665.25
04-11-2024,Chikla,Maharashtra,723.29,699.12,24.17,3.3,1.3,0,FALSE,0,86.7,94.8,transport_issue,,,,699.12
05-11-2024,Chikla,Maharashtra,723.29,668.71,54.58,7.5,5.7,3.9,FALSE,0,89.7,93.3,transport_issue,,,,668.71
06-11-2024,Chikla,Maharashtra,723.29,667.59,55.7,7.7,4.5,0,TRUE,5.4,87.2,99.7,transport_issue,,,,667.59
07-11-2024,Chikla,Maharashtra,723.29,679.22,44.07,6.1,6.5,3.2,FALSE,0,96.9,97.5,equipment_failure,,,,679.22
08-11-2024,Chikla,Maharashtra,723.29,719.28,4.01,0.6,4.3,0,FALSE,0,100,94.2,labour_shortage,,,,719.28
09-11-2024,Chikla,Maharashtra,723.29,729.4,-6.11,-0.8,4.9,0,FALSE,0,94.4,94,none,,,,729.4
10-11-2024,Chikla,Maharashtra,723.29,708.32,14.97,2.1,3.1,0,FALSE,0,91.9,97.6,transport_issue,,,,708.32
11-11-2024,Chikla,Maharashtra,723.29,651.39,71.9,9.9,2.3,0,TRUE,5.3,99.7,88,labour_shortage,,,,651.39
12-11-2024,Chikla,Maharashtra,723.29,730.41,-7.12,-1,2.2,0,FALSE,0,97.3,99.5,none,,,,730.41
13-11-2024,Chikla,Maharashtra,723.29,680.66,42.63,5.9,0.3,0,TRUE,2.8,89.5,91.1,transport_issue,,,,680.66
14-11-2024,Chikla,Maharashtra,723.29,687.96,35.33,4.9,2.7,0,FALSE,0,91.6,92.1,transport_issue,,,,687.96
15-11-2024,Chikla,Maharashtra,723.29,715.92,7.37,1,4.5,0,FALSE,0,88,90.2,transport_issue,,,,715.92
16-11-2024,Chikla,Maharashtra,723.29,700.15,23.14,3.2,1.7,0,FALSE,0,100,95.5,labour_shortage,,,,700.15
17-11-2024,Chikla,Maharashtra,723.29,705.76,17.53,2.4,1.9,0,FALSE,0,93.8,90.4,labour_shortage,,,,705.76
18-11-2024,Chikla,Maharashtra,723.29,627.45,95.84,13.3,3.3,7.2,FALSE,0,87.7,90.9,equipment_failure,,,,627.45
19-11-2024,Chikla,Maharashtra,723.29,681.37,41.92,5.8,1.4,0,FALSE,0,92.4,89.8,labour_shortage,,,,681.37
20-11-2024,Chikla,Maharashtra,723.29,724.62,-1.33,-0.2,4.2,0,FALSE,0,87.9,98.3,none,,,,724.62
21-11-2024,Chikla,Maharashtra,723.29,690.3,32.99,4.6,2.7,0,FALSE,0,89.2,100,transport_issue,,,,690.3
22-11-2024,Chikla,Maharashtra,723.29,694.52,28.77,4,6.2,0,FALSE,0,91.7,96.4,transport_issue,,,,694.52
23-11-2024,Chikla,Maharashtra,723.29,714.94,8.35,1.2,6.6,0,FALSE,0,95.4,85.2,labour_shortage,,,,714.94
24-11-2024,Chikla,Maharashtra,723.29,708.33,14.96,2.1,2.2,0,FALSE,0,100,99.9,none,,,,708.33
25-11-2024,Chikla,Maharashtra,723.29,708.81,14.48,2,9.3,0,FALSE,0,92.6,99,transport_issue,,,,708.81
26-11-2024,Chikla,Maharashtra,723.29,690,33.29,4.6,3.5,0,FALSE,0,87.5,98.1,transport_issue,,,,690
27-11-2024,Chikla,Maharashtra,723.29,692.6,30.69,4.2,2.3,0,FALSE,0,86,93.7,transport_issue,,,,692.6
28-11-2024,Chikla,Maharashtra,723.29,695.07,28.22,3.9,1.9,0,FALSE,0,95.7,97.9,transport_issue,,,,695.07
29-11-2024,Chikla,Maharashtra,723.29,676.92,46.37,6.4,4.7,0,FALSE,0,87.8,89.5,transport_issue,,,,676.92
30-11-2024,Chikla,Maharashtra,723.29,714.73,8.56,1.2,6,0,FALSE,0,88.7,93.1,transport_issue,,,,714.73
01-12-2024,Chikla,Maharashtra,723.29,642.44,80.85,11.2,4.5,4.5,TRUE,3.1,99,97.1,equipment_failure,,,,642.44
02-12-2024,Chikla,Maharashtra,723.29,701.46,21.83,3,3,0,FALSE,0,99.5,100,none,,,,701.46
03-12-2024,Chikla,Maharashtra,723.29,717.44,5.85,0.8,2.6,0,FALSE,0,92.8,92.6,labour_shortage,,,,717.44
04-12-2024,Chikla,Maharashtra,723.29,682.48,40.81,5.6,4.2,0,FALSE,0,87.2,97.4,transport_issue,,,,682.48
05-12-2024,Chikla,Maharashtra,723.29,721.33,1.96,0.3,6.4,0,FALSE,0,88.1,98.7,transport_issue,,,,721.33
06-12-2024,Chikla,Maharashtra,723.29,726.45,-3.16,-0.4,2.9,0,FALSE,0,94,100,none,,,,726.45
07-12-2024,Chikla,Maharashtra,723.29,717.29,6,0.8,0.4,0,FALSE,0,93.1,97.3,transport_issue,,,,717.29
08-12-2024,Chikla,Maharashtra,723.29,719.38,3.91,0.5,0.7,0,FALSE,0,91.3,94.5,transport_issue,,,,719.38
09-12-2024,Chikla,Maharashtra,723.29,734.59,-11.3,-1.6,0.6,0,FALSE,0,100,91.7,none,,,,734.59
10-12-2024,Chikla,Maharashtra,723.29,719.03,4.26,0.6,1.3,0,FALSE,0,87.7,97.7,transport_issue,,,,719.03
11-12-2024,Chikla,Maharashtra,723.29,684.24,39.05,5.4,4,0,FALSE,0,87.2,96.3,transport_issue,,,,684.24
12-12-2024,Chikla,Maharashtra,723.29,696.41,26.88,3.7,3,0,FALSE,0,93.6,90.9,labour_shortage,,,,696.41
13-12-2024,Chikla,Maharashtra,723.29,640.69,82.6,11.4,0.9,6.1,FALSE,0,89.7,94.6,equipment_failure,,,,640.69
14-12-2024,Chikla,Maharashtra,723.29,692.7,30.59,4.2,7.7,0,FALSE,0,95.3,96.9,transport_issue,,,,692.7
15-12-2024,Chikla,Maharashtra,723.29,694.28,29.01,4,3.5,0,FALSE,0,94,95.3,transport_issue,,,,694.28
16-12-2024,Chikla,Maharashtra,723.29,712.47,10.82,1.5,1.7,0,FALSE,0,98.1,94.3,labour_shortage,,,,712.47
17-12-2024,Chikla,Maharashtra,723.29,685.13,38.16,5.3,7.5,0,FALSE,0,83.2,89.2,transport_issue,,,,685.13
18-12-2024,Chikla,Maharashtra,723.29,704.95,18.34,2.5,1.3,0,FALSE,0,91.1,96,transport_issue,,,,704.95
19-12-2024,Chikla,Maharashtra,723.29,661.46,61.83,8.5,7.4,0,TRUE,5.2,92.7,100,blasting_delay,,,,661.46
20-12-2024,Chikla,Maharashtra,723.29,730.96,-7.67,-1.1,6,0,FALSE,0,93.7,100,none,,,,730.96
21-12-2024,Chikla,Maharashtra,723.29,667.03,56.26,7.8,3,0,FALSE,0,78.5,90.4,transport_issue,,,,667.03
22-12-2024,Chikla,Maharashtra,723.29,710.6,12.69,1.8,4.8,0,FALSE,0,88.5,100,transport_issue,,,,710.6
23-12-2024,Chikla,Maharashtra,723.29,717.47,5.82,0.8,2.6,0,FALSE,0,91,92.3,transport_issue,,,,717.47
24-12-2024,Chikla,Maharashtra,723.29,679.89,43.4,6,7.3,0,TRUE,4,98.1,95.8,blasting_delay,,,,679.89
25-12-2024,Chikla,Maharashtra,723.29,708.47,14.82,2,3,0,FALSE,0,82.3,95.3,transport_issue,,,,708.47
26-12-2024,Chikla,Maharashtra,723.29,717.27,6.02,0.8,3,0,FALSE,0,100,95.1,labour_shortage,,,,717.27
27-12-2024,Chikla,Maharashtra,723.29,626.15,97.14,13.4,3.5,6.7,FALSE,0,96.9,95.4,equipment_failure,,,,626.15
28-12-2024,Chikla,Maharashtra,723.29,677.18,46.11,6.4,10,0,FALSE,0,82.8,98.1,transport_issue,,,,677.18
29-12-2024,Chikla,Maharashtra,723.29,689.78,33.51,4.6,4.1,0,FALSE,0,93.3,95.8,transport_issue,,,,689.78
30-12-2024,Chikla,Maharashtra,723.29,678.82,44.47,6.1,2.1,0,FALSE,0,85.8,90.8,transport_issue,,,,678.82
31-12-2024,Chikla,Maharashtra,723.29,716.5,6.79,0.9,5.7,0,FALSE,0,89.2,90.8,transport_issue,,,,716.5
01-01-2025,Chikla,Maharashtra,723.29,712.32,10.97,1.5,8.6,0,FALSE,0,100,97.9,labour_shortage,,,,712.32
02-01-2025,Chikla,Maharashtra,723.29,647.26,76.03,10.5,4.3,4.3,FALSE,0,92.1,92.9,equipment_failure,,,,647.26
03-01-2025,Chikla,Maharashtra,723.29,617.06,106.23,14.7,4.5,7.2,FALSE,0,87.8,93.3,equipment_failure,,,,617.06
04-01-2025,Chikla,Maharashtra,723.29,701.68,21.61,3,2.6,0,FALSE,0,90.5,95.2,transport_issue,,,,701.68
05-01-2025,Chikla,Maharashtra,723.29,714.46,8.83,1.2,3,0,FALSE,0,96.7,94.5,labour_shortage,,,,714.46
06-01-2025,Chikla,Maharashtra,723.29,702.11,21.18,2.9,1.8,0,FALSE,0,98.1,88,labour_shortage,,,,702.11
07-01-2025,Chikla,Maharashtra,723.29,688.32,34.97,4.8,0.3,0,FALSE,0,91.1,95.3,transport_issue,,,,688.32
08-01-2025,Chikla,Maharashtra,723.29,699.69,23.6,3.3,4.1,0,FALSE,0,97.8,96.8,labour_shortage,,,,699.69
09-01-2025,Chikla,Maharashtra,723.29,674.48,48.81,6.7,5.8,4.6,FALSE,0,97,90.2,labour_shortage,,,,674.48
10-01-2025,Chikla,Maharashtra,723.29,703.03,20.26,2.8,1.1,0,FALSE,0,90.8,95.3,transport_issue,,,,703.03
11-01-2025,Chikla,Maharashtra,723.29,725.53,-2.24,-0.3,6.8,0,FALSE,0,95.3,95.8,none,,,,725.53
12-01-2025,Chikla,Maharashtra,723.29,678.29,45,6.2,5.2,0,FALSE,0,86.9,91.4,transport_issue,,,,678.29
13-01-2025,Chikla,Maharashtra,723.29,718.66,4.63,0.6,2.8,0,FALSE,0,93.4,99,transport_issue,,,,718.66
14-01-2025,Chikla,Maharashtra,723.29,701.09,22.2,3.1,6.3,0,FALSE,0,94,88.8,labour_shortage,,,,701.09
15-01-2025,Chikla,Maharashtra,723.29,695.93,27.36,3.8,1.3,0,FALSE,0,91.5,89.8,labour_shortage,,,,695.93
16-01-2025,Chikla,Maharashtra,723.29,735.54,-12.25,-1.7,5,0,FALSE,0,97.7,97.2,none,,,,735.54
17-01-2025,Chikla,Maharashtra,723.29,713.53,9.76,1.3,1.7,0,FALSE,0,100,95,labour_shortage,,,,713.53
18-01-2025,Chikla,Maharashtra,723.29,672.24,51.05,7.1,9.5,0,FALSE,0,82.1,95.2,transport_issue,,,,672.24
19-01-2025,Chikla,Maharashtra,723.29,687.32,35.97,5,9.6,0,FALSE,0,92.9,90.9,labour_shortage,,,,687.32
20-01-2025,Chikla,Maharashtra,723.29,722.89,0.4,0.1,0.7,0,FALSE,0,97.6,94.8,labour_shortage,,,,722.89
21-01-2025,Chikla,Maharashtra,723.29,621.12,102.17,14.1,2.1,6.9,FALSE,0,98.9,91.4,equipment_failure,,,,621.12
22-01-2025,Chikla,Maharashtra,723.29,718.06,5.23,0.7,10.1,0,FALSE,0,92.4,94.1,transport_issue,,,,718.06
23-01-2025,Chikla,Maharashtra,723.29,712.27,11.02,1.5,2.6,0,FALSE,0,84.4,96.7,transport_issue,,,,712.27
24-01-2025,Chikla,Maharashtra,723.29,708.54,14.75,2,3.9,0,FALSE,0,88.3,93.2,transport_issue,,,,708.54
25-01-2025,Chikla,Maharashtra,723.29,714.92,8.37,1.2,1,0,TRUE,1.7,97.8,96.2,labour_shortage,,,,714.92
26-01-2025,Chikla,Maharashtra,723.29,716.5,6.79,0.9,2.8,0,FALSE,0,93.6,87.1,labour_shortage,,,,716.5
27-01-2025,Chikla,Maharashtra,723.29,697.88,25.41,3.5,4.4,0,FALSE,0,93.5,99.4,transport_issue,,,,697.88
28-01-2025,Chikla,Maharashtra,723.29,709.09,14.2,2,1.3,0,FALSE,0,100,95.5,labour_shortage,,,,709.09
29-01-2025,Chikla,Maharashtra,723.29,671.39,51.9,7.2,7.4,2.5,FALSE,0,97.6,93.9,labour_shortage,,,,671.39
30-01-2025,Chikla,Maharashtra,723.29,721.21,2.08,0.3,1.8,0,FALSE,0,91.9,98.3,transport_issue,,,,721.21
31-01-2025,Chikla,Maharashtra,723.29,736.36,-13.07,-1.8,0.6,0,FALSE,0,98,100,none,,,,736.36
01-02-2025,Chikla,Maharashtra,723.29,689.26,34.03,4.7,14.1,0,FALSE,0,91.6,93.3,transport_issue,,,,689.26
02-02-2025,Chikla,Maharashtra,723.29,693.79,29.5,4.1,2.8,0,FALSE,0,92.1,96.6,transport_issue,,,,693.79
03-02-2025,Chikla,Maharashtra,723.29,648.55,74.74,10.3,6.3,4.8,FALSE,0,94.5,92.5,equipment_failure,,,,648.55
04-02-2025,Chikla,Maharashtra,723.29,718.13,5.16,0.7,6.5,0,FALSE,0,87.2,94.4,transport_issue,,,,718.13
05-02-2025,Chikla,Maharashtra,723.29,703.65,19.64,2.7,6.4,0,FALSE,0,83.1,99.7,transport_issue,,,,703.65
06-02-2025,Chikla,Maharashtra,723.29,714.56,8.73,1.2,2,0,FALSE,0,91.4,95.5,transport_issue,,,,714.56
07-02-2025,Chikla,Maharashtra,723.29,703.23,20.06,2.8,0.9,0,FALSE,0,95.6,86.9,labour_shortage,,,,703.23
08-02-2025,Chikla,Maharashtra,723.29,714.43,8.86,1.2,5.1,0,FALSE,0,87.6,100,transport_issue,,,,714.43
09-02-2025,Chikla,Maharashtra,723.29,664.59,58.7,8.1,2.6,4.2,FALSE,0,89.7,98.2,transport_issue,,,,664.59
10-02-2025,Chikla,Maharashtra,723.29,720.05,3.24,0.4,6.4,0,FALSE,0,89.2,93,transport_issue,,,,720.05
11-02-2025,Chikla,Maharashtra,723.29,680.91,42.38,5.9,1.8,0,TRUE,2.9,92.9,95.6,transport_issue,,,,680.91
12-02-2025,Chikla,Maharashtra,723.29,720.07,3.22,0.4,5.6,0,FALSE,0,96.8,99.2,transport_issue,,,,720.07
13-02-2025,Chikla,Maharashtra,723.29,726.89,-3.6,-0.5,2.1,0,FALSE,0,95,97.2,none,,,,726.89
14-02-2025,Chikla,Maharashtra,723.29,717.05,6.24,0.9,7,0,FALSE,0,91.1,100,transport_issue,,,,717.05
15-02-2025,Chikla,Maharashtra,723.29,715.3,7.99,1.1,1.2,0,FALSE,0,86.4,97.2,transport_issue,,,,715.3
16-02-2025,Chikla,Maharashtra,723.29,709.38,13.91,1.9,0.9,0,FALSE,0,89.1,90.3,transport_issue,,,,709.38
17-02-2025,Chikla,Maharashtra,723.29,632.69,90.6,12.5,2.9,6.4,FALSE,0,95.5,92.2,equipment_failure,,,,632.69
18-02-2025,Chikla,Maharashtra,723.29,717.52,5.77,0.8,1.2,0,FALSE,0,97.1,95.4,labour_shortage,,,,717.52
19-02-2025,Chikla,Maharashtra,723.29,708.4,14.89,2.1,2.9,0,FALSE,0,99,99.9,none,,,,708.4
20-02-2025,Chikla,Maharashtra,723.29,696.51,26.78,3.7,1.1,0,FALSE,0,96.3,96,labour_shortage,,,,696.51
21-02-2025,Chikla,Maharashtra,723.29,687.73,35.56,4.9,2.4,0,FALSE,0,90.4,99.1,transport_issue,,,,687.73
22-02-2025,Chikla,Maharashtra,723.29,726.29,-3,-0.4,1.5,0,FALSE,0,100,96,none,,,,726.29
23-02-2025,Chikla,Maharashtra,723.29,631.21,92.08,12.7,6.9,7.6,FALSE,0,88.2,92.6,equipment_failure,,,,631.21
24-02-2025,Chikla,Maharashtra,723.29,708.26,15.03,2.1,4.7,0,FALSE,0,98.2,98,none,,,,708.26
25-02-2025,Chikla,Maharashtra,723.29,714.68,8.61,1.2,4.7,0,FALSE,0,90.3,96.8,transport_issue,,,,714.68
26-02-2025,Chikla,Maharashtra,723.29,698.58,24.71,3.4,6.9,0,FALSE,0,93.1,99.2,transport_issue,,,,698.58
27-02-2025,Chikla,Maharashtra,723.29,697.89,25.4,3.5,2.9,0,FALSE,0,85.3,95.5,transport_issue,,,,697.89
28-02-2025,Chikla,Maharashtra,723.29,711.07,12.22,1.7,2.7,0,FALSE,0,90.6,98.1,transport_issue,,,,711.07
01-03-2025,Chikla,Maharashtra,723.29,685.29,38,5.3,2.1,0,FALSE,0,84.7,97.9,transport_issue,,,,685.29
02-03-2025,Chikla,Maharashtra,723.29,634.3,88.99,12.3,15.8,6,FALSE,0,98.4,88.8,equipment_failure,,,,634.3
03-03-2025,Chikla,Maharashtra,723.29,725.32,-2.03,-0.3,0.5,0,FALSE,0,96.1,98.2,none,,,,725.32
04-03-2025,Chikla,Maharashtra,723.29,732.15,-8.86,-1.2,2.5,0,FALSE,0,97.9,95,none,,,,732.15
05-03-2025,Chikla,Maharashtra,723.29,690.14,33.15,4.6,2.7,0,FALSE,0,86.8,100,transport_issue,,,,690.14
06-03-2025,Chikla,Maharashtra,723.29,694.87,28.42,3.9,10.7,0,FALSE,0,92.3,91.6,labour_shortage,,,,694.87
07-03-2025,Chikla,Maharashtra,723.29,647.46,75.83,10.5,1.6,4.3,FALSE,0,93.5,94.9,equipment_failure,,,,647.46
08-03-2025,Chikla,Maharashtra,723.29,699.18,24.11,3.3,5.5,0,FALSE,0,92.4,92.4,labour_shortage,,,,699.18
09-03-2025,Chikla,Maharashtra,723.29,725.47,-2.18,-0.3,5,0,FALSE,0,100,94.1,none,,,,725.47
10-03-2025,Chikla,Maharashtra,723.29,729.99,-6.7,-0.9,2.1,0,FALSE,0,100,100,none,,,,729.99
11-03-2025,Chikla,Maharashtra,723.29,678.38,44.91,6.2,0.9,4.7,FALSE,0,94.8,93.9,equipment_failure,,,,678.38
12-03-2025,Chikla,Maharashtra,723.29,678.24,45.05,6.2,1.6,0,FALSE,0,82.2,96.9,transport_issue,,,,678.24
13-03-2025,Chikla,Maharashtra,723.29,706.62,16.67,2.3,1.5,0,FALSE,0,91.9,98.2,transport_issue,,,,706.62
14-03-2025,Chikla,Maharashtra,723.29,711.55,11.74,1.6,1.4,0,FALSE,0,97.3,91,labour_shortage,,,,711.55
15-03-2025,Chikla,Maharashtra,723.29,699.74,23.55,3.3,1,0,FALSE,0,84.8,99.1,transport_issue,,,,699.74
16-03-2025,Chikla,Maharashtra,723.29,731.63,-8.34,-1.2,2.3,0,FALSE,0,98.8,98.3,none,,,,731.63
17-03-2025,Chikla,Maharashtra,723.29,694.31,28.98,4,2.2,0,FALSE,0,86.8,98,transport_issue,,,,694.31
18-03-2025,Chikla,Maharashtra,723.29,713.13,10.16,1.4,4.3,0,FALSE,0,86.6,94.1,transport_issue,,,,713.13
19-03-2025,Chikla,Maharashtra,723.29,706.16,17.13,2.4,7.1,0,FALSE,0,93.3,96.3,transport_issue,,,,706.16
20-03-2025,Chikla,Maharashtra,723.29,701.54,21.75,3,2.2,0,FALSE,0,94.3,95.8,transport_issue,,,,701.54
21-03-2025,Chikla,Maharashtra,723.29,613.02,110.27,15.2,4.8,7.6,FALSE,0,92.8,91.4,equipment_failure,,,,613.02
22-03-2025,Chikla,Maharashtra,723.29,716.17,7.12,1,3.6,0,FALSE,0,91.3,92.5,transport_issue,,,,716.17
23-03-2025,Chikla,Maharashtra,723.29,713.16,10.13,1.4,1.6,0,FALSE,0,96.9,95.6,labour_shortage,,,,713.16
24-03-2025,Chikla,Maharashtra,723.29,685.59,37.7,5.2,1.8,0,FALSE,0,87.2,97.6,transport_issue,,,,685.59
25-03-2025,Chikla,Maharashtra,723.29,678.83,44.46,6.1,8.5,0,FALSE,0,81.2,98.9,transport_issue,,,,678.83
26-03-2025,Chikla,Maharashtra,723.29,676.92,46.37,6.4,1.7,0,FALSE,0,83.6,97.3,transport_issue,,,,676.92
27-03-2025,Chikla,Maharashtra,723.29,640.96,82.33,11.4,3.4,6.4,FALSE,0,99.7,94.4,equipment_failure,,,,640.96
28-03-2025,Chikla,Maharashtra,723.29,725.33,-2.04,-0.3,0.9,0,FALSE,0,100,96.6,none,,,,725.33
29-03-2025,Chikla,Maharashtra,723.29,713.7,9.59,1.3,11.9,0,FALSE,0,94.5,92.5,labour_shortage,,,,713.7
30-03-2025,Chikla,Maharashtra,723.29,713.7,9.59,1.3,0.8,0,FALSE,0,86.2,98.9,transport_issue,,,,713.7
31-03-2025,Chikla,Maharashtra,723.29,702.29,21,2.9,3,0,FALSE,0,87.6,99.6,transport_issue,,,,702.29
01-04-2024,Dongri Buzurg,Maharashtra,452.05,439.04,13.01,2.9,5.1,0,FALSE,0,94.2,97,transport_issue,,,,439.04
02-04-2024,Dongri Buzurg,Maharashtra,452.05,436.05,16,3.5,6,0,FALSE,0,88.1,88.3,transport_issue,,,,436.05
03-04-2024,Dongri Buzurg,Maharashtra,452.05,438.62,13.43,3,3.1,0,TRUE,2.6,87.6,97.4,transport_issue,,,,438.62
04-04-2024,Dongri Buzurg,Maharashtra,452.05,435.51,16.54,3.7,3.9,0,FALSE,0,93.7,98,transport_issue,,,,435.51
05-04-2024,Dongri Buzurg,Maharashtra,452.05,399.07,52.98,11.7,2.5,6.2,FALSE,0,82,99.2,transport_issue,,,,399.07
06-04-2024,Dongri Buzurg,Maharashtra,452.05,443.23,8.82,2,0.5,0,FALSE,0,88.5,86.5,labour_shortage,,,,443.23
07-04-2024,Dongri Buzurg,Maharashtra,452.05,445.79,6.26,1.4,5.6,0,FALSE,0,91.1,96.2,transport_issue,,,,445.79
08-04-2024,Dongri Buzurg,Maharashtra,452.05,441.2,10.85,2.4,3.5,0,FALSE,0,88.9,91.4,transport_issue,,,,441.2
09-04-2024,Dongri Buzurg,Maharashtra,452.05,435.77,16.28,3.6,0.9,0,FALSE,0,87.6,95.3,transport_issue,,,,435.77
10-04-2024,Dongri Buzurg,Maharashtra,452.05,439.46,12.59,2.8,11.5,0,FALSE,0,84.8,98.6,transport_issue,,,,439.46
11-04-2024,Dongri Buzurg,Maharashtra,452.05,417.93,34.12,7.5,8.8,0,FALSE,0,79.6,89.6,transport_issue,,,,417.93
12-04-2024,Dongri Buzurg,Maharashtra,452.05,442.28,9.77,2.2,5.3,0,FALSE,0,100,93.6,labour_shortage,,,,442.28
13-04-2024,Dongri Buzurg,Maharashtra,452.05,441.19,10.86,2.4,1.6,0,FALSE,0,93.2,96.7,transport_issue,,,,441.19
14-04-2024,Dongri Buzurg,Maharashtra,452.05,449.05,3,0.7,0.4,0,FALSE,0,91.5,97.9,transport_issue,,,,449.05
15-04-2024,Dongri Buzurg,Maharashtra,452.05,440.19,11.86,2.6,5.6,0,FALSE,0,100,95.8,labour_shortage,,,,440.19
16-04-2024,Dongri Buzurg,Maharashtra,452.05,427.58,24.47,5.4,6,0,FALSE,0,82.8,96.2,transport_issue,,,,427.58
17-04-2024,Dongri Buzurg,Maharashtra,452.05,419.72,32.33,7.2,2.5,0,TRUE,4.7,91.3,100,blasting_delay,,,,419.72
18-04-2024,Dongri Buzurg,Maharashtra,452.05,456.89,-4.84,-1.1,5,0,FALSE,0,90.7,100,none,,,,456.89
19-04-2024,Dongri Buzurg,Maharashtra,452.05,423.41,28.64,6.3,6.7,0,FALSE,0,84.2,95.2,transport_issue,,,,423.41
20-04-2024,Dongri Buzurg,Maharashtra,452.05,435.81,16.24,3.6,6.9,0,FALSE,0,88.1,96.4,transport_issue,,,,435.81
21-04-2024,Dongri Buzurg,Maharashtra,452.05,453.63,-1.58,-0.3,2.4,0,FALSE,0,97.7,93.1,none,,,,453.63
22-04-2024,Dongri Buzurg,Maharashtra,452.05,429.88,22.17,4.9,1.7,0,TRUE,5.7,99.1,97.1,blasting_delay,,,,429.88
23-04-2024,Dongri Buzurg,Maharashtra,452.05,414.67,37.38,8.3,4.6,4.1,FALSE,0,92.8,92.2,equipment_failure,,,,414.67
24-04-2024,Dongri Buzurg,Maharashtra,452.05,431.66,20.39,4.5,8,0,FALSE,0,89.2,100,transport_issue,,,,431.66
25-04-2024,Dongri Buzurg,Maharashtra,452.05,402.7,49.35,10.9,4.1,6.6,FALSE,0,100,95.5,equipment_failure,,,,402.7
26-04-2024,Dongri Buzurg,Maharashtra,452.05,426.03,26.02,5.8,3.4,0,FALSE,0,89.3,91.8,transport_issue,,,,426.03
27-04-2024,Dongri Buzurg,Maharashtra,452.05,432.03,20.02,4.4,0.9,0,FALSE,0,78.8,91.3,transport_issue,,,,432.03
28-04-2024,Dongri Buzurg,Maharashtra,452.05,435.15,16.9,3.7,4.4,0,FALSE,0,95.2,96.9,transport_issue,,,,435.15
29-04-2024,Dongri Buzurg,Maharashtra,452.05,420.49,31.56,7,2.6,4.8,FALSE,0,94.2,91,equipment_failure,,,,420.49
30-04-2024,Dongri Buzurg,Maharashtra,452.05,441.71,10.34,2.3,1,0,FALSE,0,100,100,none,,,,441.71
01-05-2024,Dongri Buzurg,Maharashtra,452.05,443.77,8.28,1.8,1.7,0,FALSE,0,99,97.7,labour_shortage,,,,443.77
02-05-2024,Dongri Buzurg,Maharashtra,452.05,423.56,28.49,6.3,8.1,0,FALSE,0,87.4,93.4,transport_issue,,,,423.56
03-05-2024,Dongri Buzurg,Maharashtra,452.05,419.51,32.54,7.2,11.1,0,TRUE,1.2,87.1,95.5,transport_issue,,,,419.51
04-05-2024,Dongri Buzurg,Maharashtra,452.05,435.11,16.94,3.7,12.5,0,FALSE,0,89,86.7,labour_shortage,,,,435.11
05-05-2024,Dongri Buzurg,Maharashtra,452.05,437.28,14.77,3.3,2.5,0,FALSE,0,100,92.4,labour_shortage,,,,437.28
06-05-2024,Dongri Buzurg,Maharashtra,452.05,419.12,32.93,7.3,2.4,4.7,FALSE,0,97.3,90.2,labour_shortage,,,,419.12
07-05-2024,Dongri Buzurg,Maharashtra,452.05,440.99,11.06,2.4,4.5,0,FALSE,0,93.8,92.4,labour_shortage,,,,440.99
08-05-2024,Dongri Buzurg,Maharashtra,452.05,442.82,9.23,2,7.5,0,FALSE,0,92.2,91.1,labour_shortage,,,,442.82
09-05-2024,Dongri Buzurg,Maharashtra,452.05,388.59,63.46,14,2.4,8,FALSE,0,87.7,100,equipment_failure,,,,388.59
10-05-2024,Dongri Buzurg,Maharashtra,452.05,447.6,4.45,1,9,0,FALSE,0,90.5,100,transport_issue,,,,447.6
11-05-2024,Dongri Buzurg,Maharashtra,452.05,434.21,17.84,3.9,0.7,0,FALSE,0,85.4,100,transport_issue,,,,434.21
12-05-2024,Dongri Buzurg,Maharashtra,452.05,450.35,1.7,0.4,0.4,0,FALSE,0,95.7,95.2,labour_shortage,,,,450.35
13-05-2024,Dongri Buzurg,Maharashtra,452.05,435.7,16.35,3.6,2.7,0,FALSE,0,87.2,99.4,transport_issue,,,,435.7
14-05-2024,Dongri Buzurg,Maharashtra,452.05,442.68,9.37,2.1,2,0,FALSE,0,100,94.1,labour_shortage,,,,442.68
15-05-2024,Dongri Buzurg,Maharashtra,452.05,423.56,28.49,6.3,1.4,0,TRUE,4.3,99.4,96.1,blasting_delay,,,,423.56
16-05-2024,Dongri Buzurg,Maharashtra,452.05,440.21,11.84,2.6,2.5,0,FALSE,0,86.4,90.4,transport_issue,,,,440.21
17-05-2024,Dongri Buzurg,Maharashtra,452.05,447.58,4.47,1,5.3,0,FALSE,0,100,96.9,labour_shortage,,,,447.58
18-05-2024,Dongri Buzurg,Maharashtra,452.05,455.63,-3.58,-0.8,5.3,0,FALSE,0,100,93.2,none,,,,455.63
19-05-2024,Dongri Buzurg,Maharashtra,452.05,392.33,59.72,13.2,1,7.5,FALSE,0,84.1,93.4,transport_issue,,,,392.33
20-05-2024,Dongri Buzurg,Maharashtra,452.05,431.26,20.79,4.6,1.8,0,FALSE,0,93.9,95.4,transport_issue,,,,431.26
21-05-2024,Dongri Buzurg,Maharashtra,452.05,449.58,2.47,0.5,0.7,0,FALSE,0,92.6,100,transport_issue,,,,449.58
22-05-2024,Dongri Buzurg,Maharashtra,452.05,441.6,10.45,2.3,2,0,FALSE,0,89.8,93.2,transport_issue,,,,441.6
23-05-2024,Dongri Buzurg,Maharashtra,452.05,454.99,-2.94,-0.7,3.2,0,FALSE,0,98.1,94.4,none,,,,454.99
24-05-2024,Dongri Buzurg,Maharashtra,452.05,448.62,3.43,0.8,6,0,FALSE,0,100,95.6,labour_shortage,,,,448.62
25-05-2024,Dongri Buzurg,Maharashtra,452.05,453.67,-1.62,-0.4,3.7,0,FALSE,0,93.7,97.5,none,,,,453.67
26-05-2024,Dongri Buzurg,Maharashtra,452.05,423.83,28.22,6.2,1.5,0,FALSE,0,80.3,90.6,transport_issue,,,,423.83
27-05-2024,Dongri Buzurg,Maharashtra,452.05,441.56,10.49,2.3,2.6,0,FALSE,0,94.7,92.5,labour_shortage,,,,441.56
28-05-2024,Dongri Buzurg,Maharashtra,452.05,443.66,8.39,1.9,6.1,0,FALSE,0,100,95.9,labour_shortage,,,,443.66
29-05-2024,Dongri Buzurg,Maharashtra,452.05,399.88,52.17,11.5,1.7,6.3,FALSE,0,88.3,92,equipment_failure,,,,399.88
30-05-2024,Dongri Buzurg,Maharashtra,452.05,441.85,10.2,2.3,5.6,0,FALSE,0,82.4,93.9,transport_issue,,,,441.85
31-05-2024,Dongri Buzurg,Maharashtra,452.05,429.77,22.28,4.9,4.3,0,FALSE,0,81.5,94.7,transport_issue,,,,429.77
01-06-2024,Dongri Buzurg,Maharashtra,452.05,385.1,66.95,14.8,4.6,7,TRUE,1,79.4,100,transport_issue,,,,385.1
02-06-2024,Dongri Buzurg,Maharashtra,452.05,417.92,34.13,7.5,26.5,0,FALSE,0,80.8,91.4,transport_issue,,,,417.92
03-06-2024,Dongri Buzurg,Maharashtra,452.05,406.46,45.59,10.1,72.8,0,FALSE,0,78.2,100,heavy_rainfall,,,,406.46
04-06-2024,Dongri Buzurg,Maharashtra,452.05,424.96,27.09,6,49.4,0,FALSE,0,74.9,93.7,transport_issue,,,,424.96
05-06-2024,Dongri Buzurg,Maharashtra,452.05,400.62,51.43,11.4,49.9,0,TRUE,5.1,79,98.6,transport_issue,,,,400.62
06-06-2024,Dongri Buzurg,Maharashtra,452.05,408.54,43.51,9.6,7,0,FALSE,0,69.6,92.6,transport_issue,,,,408.54
07-06-2024,Dongri Buzurg,Maharashtra,452.05,445.47,6.58,1.5,30.1,0,FALSE,0,86,99.1,transport_issue,,,,445.47
08-06-2024,Dongri Buzurg,Maharashtra,452.05,417.31,34.74,7.7,8.7,0,FALSE,0,68.3,87,transport_issue,,,,417.31
09-06-2024,Dongri Buzurg,Maharashtra,452.05,435.22,16.83,3.7,17.8,0,FALSE,0,83.4,100,transport_issue,,,,435.22
10-06-2024,Dongri Buzurg,Maharashtra,452.05,440.47,11.58,2.6,9.8,0,FALSE,0,100,98.2,none,,,,440.47
11-06-2024,Dongri Buzurg,Maharashtra,452.05,435.32,16.73,3.7,29.1,0,FALSE,0,83.2,95.9,transport_issue,,,,435.32
12-06-2024,Dongri Buzurg,Maharashtra,452.05,401.26,50.79,11.2,44,4.6,FALSE,0,94.5,98,heavy_rainfall,,,,401.26
13-06-2024,Dongri Buzurg,Maharashtra,452.05,428.49,23.56,5.2,43.1,2,FALSE,0,90.8,98,heavy_rainfall,,,,428.49
14-06-2024,Dongri Buzurg,Maharashtra,452.05,421.32,30.73,6.8,9.1,0,FALSE,0,70.3,91.5,transport_issue,,,,421.32
15-06-2024,Dongri Buzurg,Maharashtra,452.05,426.61,25.44,5.6,6.5,0,FALSE,0,71.4,92.3,transport_issue,,,,426.61
16-06-2024,Dongri Buzurg,Maharashtra,452.05,428.59,23.46,5.2,42.2,0,FALSE,0,75.7,92.6,transport_issue,,,,428.59
17-06-2024,Dongri Buzurg,Maharashtra,452.05,436.58,15.47,3.4,62,0,FALSE,0,91.7,99.2,heavy_rainfall,,,,436.58
18-06-2024,Dongri Buzurg,Maharashtra,452.05,426.37,25.68,5.7,4.2,0,FALSE,0,85.4,95.9,transport_issue,,,,426.37
19-06-2024,Dongri Buzurg,Maharashtra,452.05,430.58,21.47,4.7,5.9,0,FALSE,0,80.9,97.6,transport_issue,,,,430.58
20-06-2024,Dongri Buzurg,Maharashtra,452.05,420.89,31.16,6.9,10.5,0,FALSE,0,67.6,89.9,transport_issue,,,,420.89
21-06-2024,Dongri Buzurg,Maharashtra,452.05,423.96,28.09,6.2,25.4,0,TRUE,2.6,89.7,93.9,transport_issue,,,,423.96
22-06-2024,Dongri Buzurg,Maharashtra,452.05,437.92,14.13,3.1,17.7,0,FALSE,0,79.7,100,transport_issue,,,,437.92
23-06-2024,Dongri Buzurg,Maharashtra,452.05,418.86,33.19,7.3,49,0,FALSE,0,78.6,100,transport_issue,,,,418.86
24-06-2024,Dongri Buzurg,Maharashtra,452.05,414.23,37.82,8.4,15.6,0,TRUE,3.7,78.3,98.7,transport_issue,,,,414.23
25-06-2024,Dongri Buzurg,Maharashtra,452.05,422.07,29.98,6.6,30.8,0,FALSE,0,79.8,96,transport_issue,,,,422.07
26-06-2024,Dongri Buzurg,Maharashtra,452.05,385.2,66.85,14.8,8.5,4.1,TRUE,2.7,86.5,91.3,transport_issue,,,,385.2
27-06-2024,Dongri Buzurg,Maharashtra,452.05,423.69,28.36,6.3,19.5,0,FALSE,0,82.2,95.2,transport_issue,,,,423.69
28-06-2024,Dongri Buzurg,Maharashtra,452.05,436.8,15.25,3.4,70.7,0,FALSE,0,88.9,97.8,heavy_rainfall,,,,436.8
29-06-2024,Dongri Buzurg,Maharashtra,452.05,439.24,12.81,2.8,29.9,0,FALSE,0,90.1,90.5,transport_issue,,,,439.24
30-06-2024,Dongri Buzurg,Maharashtra,452.05,412.27,39.78,8.8,60.5,0,TRUE,1.8,78.2,99.3,heavy_rainfall,,,,412.27
01-07-2024,Dongri Buzurg,Maharashtra,452.05,425.95,26.1,5.8,37,0,FALSE,0,84.5,91.6,transport_issue,,,,425.95
02-07-2024,Dongri Buzurg,Maharashtra,452.05,416.4,35.65,7.9,53,0,FALSE,0,83.5,97.4,heavy_rainfall,,,,416.4
03-07-2024,Dongri Buzurg,Maharashtra,452.05,434.51,17.54,3.9,15.1,0,FALSE,0,90,90.2,transport_issue,,,,434.51
04-07-2024,Dongri Buzurg,Maharashtra,452.05,429.43,22.62,5,69.4,0,FALSE,0,95.2,90.9,heavy_rainfall,,,,429.43
05-07-2024,Dongri Buzurg,Maharashtra,452.05,416.42,35.63,7.9,1.3,0,FALSE,0,71.6,96.3,transport_issue,,,,416.42
06-07-2024,Dongri Buzurg,Maharashtra,452.05,383.16,68.89,15.2,92.1,0,FALSE,0,62.9,95,heavy_rainfall,,,,383.16
07-07-2024,Dongri Buzurg,Maharashtra,452.05,439.91,12.14,2.7,46.7,0,FALSE,0,83.6,94,heavy_rainfall,,,,439.91
08-07-2024,Dongri Buzurg,Maharashtra,452.05,432.31,19.74,4.4,2.3,0,FALSE,0,81.9,95.9,transport_issue,,,,432.31
09-07-2024,Dongri Buzurg,Maharashtra,452.05,444.18,7.87,1.7,23.5,0,FALSE,0,82.7,99,transport_issue,,,,444.18
10-07-2024,Dongri Buzurg,Maharashtra,452.05,424.13,27.92,6.2,15.1,0,FALSE,0,80,97.1,transport_issue,,,,424.13
11-07-2024,Dongri Buzurg,Maharashtra,452.05,423.89,28.16,6.2,8.7,0,FALSE,0,78.7,95.2,transport_issue,,,,423.89
12-07-2024,Dongri Buzurg,Maharashtra,452.05,396.43,55.62,12.3,26.4,2.9,FALSE,0,75.2,91.6,transport_issue,,,,396.43
13-07-2024,Dongri Buzurg,Maharashtra,452.05,434.92,17.13,3.8,70.4,0,FALSE,0,83.6,99.1,heavy_rainfall,,,,434.92
14-07-2024,Dongri Buzurg,Maharashtra,452.05,432.74,19.31,4.3,6.8,0,FALSE,0,88.4,96.1,transport_issue,,,,432.74
15-07-2024,Dongri Buzurg,Maharashtra,452.05,430.28,21.77,4.8,17,0,FALSE,0,84.2,94.6,transport_issue,,,,430.28
16-07-2024,Dongri Buzurg,Maharashtra,452.05,374.26,77.79,17.2,60.6,5,FALSE,0,80.8,89.9,heavy_rainfall,,,,374.26
17-07-2024,Dongri Buzurg,Maharashtra,452.05,425.17,26.88,5.9,33.9,0,FALSE,0,69.5,87.7,transport_issue,,,,425.17
18-07-2024,Dongri Buzurg,Maharashtra,452.05,448.11,3.94,0.9,16,0,FALSE,0,85.5,98.8,transport_issue,,,,448.11
19-07-2024,Dongri Buzurg,Maharashtra,452.05,426.72,25.33,5.6,50.5,0,FALSE,0,84.6,95,heavy_rainfall,,,,426.72
20-07-2024,Dongri Buzurg,Maharashtra,452.05,428.65,23.4,5.2,21.8,0,FALSE,0,79.8,100,transport_issue,,,,428.65
21-07-2024,Dongri Buzurg,Maharashtra,452.05,437.22,14.83,3.3,23.8,0,FALSE,0,79.6,100,transport_issue,,,,437.22
22-07-2024,Dongri Buzurg,Maharashtra,452.05,418.98,33.07,7.3,11.8,0,FALSE,0,79.4,94.4,transport_issue,,,,418.98
23-07-2024,Dongri Buzurg,Maharashtra,452.05,431.53,20.52,4.5,39.2,0,FALSE,0,81.1,93.1,transport_issue,,,,431.53
24-07-2024,Dongri Buzurg,Maharashtra,452.05,417.75,34.3,7.6,32.6,0,FALSE,0,74.7,96,transport_issue,,,,417.75
25-07-2024,Dongri Buzurg,Maharashtra,452.05,424.68,27.37,6.1,23.5,0,FALSE,0,83.4,94.2,transport_issue,,,,424.68
26-07-2024,Dongri Buzurg,Maharashtra,452.05,431.4,20.65,4.6,37.5,0,FALSE,0,82.9,93.5,transport_issue,,,,431.4
27-07-2024,Dongri Buzurg,Maharashtra,452.05,436.34,15.71,3.5,13.8,0,FALSE,0,79.4,95.1,transport_issue,,,,436.34
28-07-2024,Dongri Buzurg,Maharashtra,452.05,423.84,28.21,6.2,40.3,0,FALSE,0,82.2,89.9,transport_issue,,,,423.84
29-07-2024,Dongri Buzurg,Maharashtra,452.05,406.13,45.92,10.2,6.8,0,TRUE,4.9,72.7,98.6,transport_issue,,,,406.13
30-07-2024,Dongri Buzurg,Maharashtra,452.05,404.41,47.64,10.5,100.2,0,FALSE,0,82.7,100,heavy_rainfall,,,,404.41
31-07-2024,Dongri Buzurg,Maharashtra,452.05,413.41,38.64,8.5,62.7,0,FALSE,0,72.4,100,heavy_rainfall,,,,413.41
01-08-2024,Dongri Buzurg,Maharashtra,452.05,425.61,26.44,5.8,33,0,FALSE,0,88.4,92.8,transport_issue,,,,425.61
02-08-2024,Dongri Buzurg,Maharashtra,452.05,420.82,31.23,6.9,22.8,0,FALSE,0,86,91.5,transport_issue,,,,420.82
03-08-2024,Dongri Buzurg,Maharashtra,452.05,428.03,24.02,5.3,49,0,FALSE,0,73,100,transport_issue,,,,428.03
04-08-2024,Dongri Buzurg,Maharashtra,452.05,435.57,16.48,3.6,28.3,0,FALSE,0,90.7,99.6,transport_issue,,,,435.57
05-08-2024,Dongri Buzurg,Maharashtra,452.05,375.43,76.62,16.9,80.6,0,TRUE,5.9,73.5,90.4,heavy_rainfall,,,,375.43
06-08-2024,Dongri Buzurg,Maharashtra,452.05,433.76,18.29,4,8.7,0,FALSE,0,80.3,96.5,transport_issue,,,,433.76
07-08-2024,Dongri Buzurg,Maharashtra,452.05,433.26,18.79,4.2,29.9,0,FALSE,0,73.6,97.9,transport_issue,,,,433.26
08-08-2024,Dongri Buzurg,Maharashtra,452.05,436.87,15.18,3.4,22,0,FALSE,0,83.2,99.4,transport_issue,,,,436.87
09-08-2024,Dongri Buzurg,Maharashtra,452.05,447.39,4.66,1,12.3,0,FALSE,0,85.3,95.7,transport_issue,,,,447.39
10-08-2024,Dongri Buzurg,Maharashtra,452.05,451.29,0.76,0.2,7.3,0,FALSE,0,90.5,97.3,transport_issue,,,,451.29
11-08-2024,Dongri Buzurg,Maharashtra,452.05,439.45,12.6,2.8,15.2,0,FALSE,0,88.2,100,transport_issue,,,,439.45
12-08-2024,Dongri Buzurg,Maharashtra,452.05,415.35,36.7,8.1,40.1,2.2,FALSE,0,72,99.3,transport_issue,,,,415.35
13-08-2024,Dongri Buzurg,Maharashtra,452.05,437.83,14.22,3.1,16.4,0,FALSE,0,87.9,99.8,transport_issue,,,,437.83
14-08-2024,Dongri Buzurg,Maharashtra,452.05,451.72,0.33,0.1,5.6,0,FALSE,0,94.5,89.5,labour_shortage,,,,451.72
15-08-2024,Dongri Buzurg,Maharashtra,452.05,375.43,76.62,16.9,5.6,6.6,TRUE,4.1,75.2,98.5,transport_issue,,,,375.43
16-08-2024,Dongri Buzurg,Maharashtra,452.05,417.76,34.29,7.6,15.6,0,FALSE,0,69.8,93.2,transport_issue,,,,417.76
17-08-2024,Dongri Buzurg,Maharashtra,452.05,426.23,25.82,5.7,54.3,0,FALSE,0,91.7,93.7,heavy_rainfall,,,,426.23
18-08-2024,Dongri Buzurg,Maharashtra,452.05,424.15,27.9,6.2,36.9,0,FALSE,0,76.8,94,transport_issue,,,,424.15
19-08-2024,Dongri Buzurg,Maharashtra,452.05,413.97,38.08,8.4,8.7,0,TRUE,4.5,80.3,100,transport_issue,,,,413.97
20-08-2024,Dongri Buzurg,Maharashtra,452.05,423.13,28.92,6.4,12,2.5,FALSE,0,87.4,91.8,transport_issue,,,,423.13
21-08-2024,Dongri Buzurg,Maharashtra,452.05,388.32,63.73,14.1,25.7,6.2,FALSE,0,81.3,92.3,transport_issue,,,,388.32
22-08-2024,Dongri Buzurg,Maharashtra,452.05,400.78,51.27,11.3,10.9,0,TRUE,5.2,84.3,90.4,transport_issue,,,,400.78
23-08-2024,Dongri Buzurg,Maharashtra,452.05,447.48,4.57,1,35.4,0,FALSE,0,95.2,100,heavy_rainfall,,,,447.48
24-08-2024,Dongri Buzurg,Maharashtra,452.05,396.01,56.04,12.4,22.2,4.6,FALSE,0,77.7,95.8,transport_issue,,,,396.01
25-08-2024,Dongri Buzurg,Maharashtra,452.05,383.01,69.04,15.3,41.9,4.4,FALSE,0,68.1,100,transport_issue,,,,383.01
26-08-2024,Dongri Buzurg,Maharashtra,452.05,405.24,46.81,10.4,68.2,0,FALSE,0,73.9,96.4,heavy_rainfall,,,,405.24
27-08-2024,Dongri Buzurg,Maharashtra,452.05,428.74,23.31,5.2,19.3,0,FALSE,0,88.4,93.9,transport_issue,,,,428.74
28-08-2024,Dongri Buzurg,Maharashtra,452.05,383.26,68.79,15.2,56.5,7.3,FALSE,0,84.1,95,heavy_rainfall,,,,383.26
29-08-2024,Dongri Buzurg,Maharashtra,452.05,419.41,32.64,7.2,23.1,0,FALSE,0,79.1,95.3,transport_issue,,,,419.41
30-08-2024,Dongri Buzurg,Maharashtra,452.05,424.7,27.35,6.1,38.1,0,FALSE,0,71.5,86.2,transport_issue,,,,424.7
31-08-2024,Dongri Buzurg,Maharashtra,452.05,421.42,30.63,6.8,64,0,FALSE,0,86.8,95.4,heavy_rainfall,,,,421.42
01-09-2024,Dongri Buzurg,Maharashtra,452.05,415.52,36.53,8.1,11.6,0,TRUE,4.4,85.2,96.7,transport_issue,,,,415.52
02-09-2024,Dongri Buzurg,Maharashtra,452.05,424.69,27.36,6.1,15.7,0,FALSE,0,84.8,93.6,transport_issue,,,,424.69
03-09-2024,Dongri Buzurg,Maharashtra,452.05,426.19,25.86,5.7,34.9,0,FALSE,0,80.8,91.9,transport_issue,,,,426.19
04-09-2024,Dongri Buzurg,Maharashtra,452.05,433.75,18.3,4,31,0,FALSE,0,92.7,95.3,transport_issue,,,,433.75
05-09-2024,Dongri Buzurg,Maharashtra,452.05,430.98,21.07,4.7,9.5,0,FALSE,0,72,100,transport_issue,,,,430.98
06-09-2024,Dongri Buzurg,Maharashtra,452.05,426.22,25.83,5.7,25.9,0,FALSE,0,77.8,90,transport_issue,,,,426.22
07-09-2024,Dongri Buzurg,Maharashtra,452.05,394.58,57.47,12.7,51.4,0,TRUE,5.5,80.4,87.3,heavy_rainfall,,,,394.58
08-09-2024,Dongri Buzurg,Maharashtra,452.05,438.71,13.34,3,8.4,0,FALSE,0,81.3,97.4,transport_issue,,,,438.71
09-09-2024,Dongri Buzurg,Maharashtra,452.05,442.27,9.78,2.2,32.4,0,FALSE,0,84.1,96,transport_issue,,,,442.27
10-09-2024,Dongri Buzurg,Maharashtra,452.05,423.05,29,6.4,31,0,FALSE,0,77.7,94,transport_issue,,,,423.05
11-09-2024,Dongri Buzurg,Maharashtra,452.05,384.4,67.65,15,40,7.3,FALSE,0,81.4,94.1,transport_issue,,,,384.4
12-09-2024,Dongri Buzurg,Maharashtra,452.05,396.85,55.2,12.2,14,4.2,FALSE,0,76.1,98.8,transport_issue,,,,396.85
13-09-2024,Dongri Buzurg,Maharashtra,452.05,416.88,35.17,7.8,88.3,0,FALSE,0,79.7,100,heavy_rainfall,,,,416.88
14-09-2024,Dongri Buzurg,Maharashtra,452.05,410.75,41.3,9.1,38.1,0,FALSE,0,75.6,94.2,transport_issue,,,,410.75
15-09-2024,Dongri Buzurg,Maharashtra,452.05,422.21,29.84,6.6,89.2,0,FALSE,0,78.7,98.7,heavy_rainfall,,,,422.21
16-09-2024,Dongri Buzurg,Maharashtra,452.05,377.65,74.4,16.5,61.8,5.1,FALSE,0,85.4,92.1,heavy_rainfall,,,,377.65
17-09-2024,Dongri Buzurg,Maharashtra,452.05,426.71,25.34,5.6,53.7,0,FALSE,0,83.4,83.9,heavy_rainfall,,,,426.71
18-09-2024,Dongri Buzurg,Maharashtra,452.05,417.32,34.73,7.7,83.3,0,FALSE,0,90,93.6,heavy_rainfall,,,,417.32
19-09-2024,Dongri Buzurg,Maharashtra,452.05,441.71,10.34,2.3,10,0,FALSE,0,82.3,96.4,transport_issue,,,,441.71
20-09-2024,Dongri Buzurg,Maharashtra,452.05,418.33,33.72,7.5,53.7,0,FALSE,0,81.8,81.9,heavy_rainfall,,,,418.33
21-09-2024,Dongri Buzurg,Maharashtra,452.05,433.58,18.47,4.1,3.4,0,FALSE,0,78.1,89.8,transport_issue,,,,433.58
22-09-2024,Dongri Buzurg,Maharashtra,452.05,437.63,14.42,3.2,18.9,0,FALSE,0,77.8,89.8,transport_issue,,,,437.63
23-09-2024,Dongri Buzurg,Maharashtra,452.05,438.91,13.14,2.9,0.7,0,FALSE,0,92.7,97,transport_issue,,,,438.91
24-09-2024,Dongri Buzurg,Maharashtra,452.05,423.95,28.1,6.2,30.1,0,FALSE,0,87.4,94.6,transport_issue,,,,423.95
25-09-2024,Dongri Buzurg,Maharashtra,452.05,414.21,37.84,8.4,46.6,3.3,FALSE,0,83.8,94.3,heavy_rainfall,,,,414.21
26-09-2024,Dongri Buzurg,Maharashtra,452.05,451.91,0.14,0,27.9,0,FALSE,0,92,100,transport_issue,,,,451.91
27-09-2024,Dongri Buzurg,Maharashtra,452.05,431.39,20.66,4.6,35.7,0,FALSE,0,87.9,90.8,transport_issue,,,,431.39
28-09-2024,Dongri Buzurg,Maharashtra,452.05,407.47,44.58,9.9,6.4,0,FALSE,0,68.6,91.2,transport_issue,,,,407.47
29-09-2024,Dongri Buzurg,Maharashtra,452.05,388.45,63.6,14.1,55.7,3.7,FALSE,0,79.2,93.8,heavy_rainfall,,,,388.45
30-09-2024,Dongri Buzurg,Maharashtra,452.05,443.75,8.3,1.8,2,0,FALSE,0,86.4,95.3,transport_issue,,,,443.75
01-10-2024,Dongri Buzurg,Maharashtra,452.05,437.47,14.58,3.2,5.2,0,FALSE,0,94.6,92.5,labour_shortage,,,,437.47
02-10-2024,Dongri Buzurg,Maharashtra,452.05,444.02,8.03,1.8,4.5,0,FALSE,0,96.9,96.3,labour_shortage,,,,444.02
03-10-2024,Dongri Buzurg,Maharashtra,452.05,452.26,-0.21,0,2.6,0,FALSE,0,94.4,100,none,,,,452.26
04-10-2024,Dongri Buzurg,Maharashtra,452.05,455.97,-3.92,-0.9,1.1,0,FALSE,0,92.5,97.3,none,,,,455.97
05-10-2024,Dongri Buzurg,Maharashtra,452.05,443.88,8.17,1.8,1.2,0,FALSE,0,93.4,94.2,transport_issue,,,,443.88
06-10-2024,Dongri Buzurg,Maharashtra,452.05,443.67,8.38,1.9,2.6,0,FALSE,0,83.1,95.5,transport_issue,,,,443.67
07-10-2024,Dongri Buzurg,Maharashtra,452.05,429.91,22.14,4.9,1.4,0,FALSE,0,86.9,84.1,labour_shortage,,,,429.91
08-10-2024,Dongri Buzurg,Maharashtra,452.05,437.86,14.19,3.1,7.8,0,FALSE,0,97.3,99.6,transport_issue,,,,437.86
09-10-2024,Dongri Buzurg,Maharashtra,452.05,439.63,12.42,2.7,2.6,0,FALSE,0,95.8,88.8,labour_shortage,,,,439.63
10-10-2024,Dongri Buzurg,Maharashtra,452.05,453.98,-1.93,-0.4,6,0,FALSE,0,94.3,93.1,none,,,,453.98
11-10-2024,Dongri Buzurg,Maharashtra,452.05,424.57,27.48,6.1,1.2,0,FALSE,0,87.4,89.2,transport_issue,,,,424.57
12-10-2024,Dongri Buzurg,Maharashtra,452.05,415.97,36.08,8,1.8,0,TRUE,5,91.4,97.9,blasting_delay,,,,415.97
13-10-2024,Dongri Buzurg,Maharashtra,452.05,443.56,8.49,1.9,1.8,0,FALSE,0,85.9,90,transport_issue,,,,443.56
14-10-2024,Dongri Buzurg,Maharashtra,452.05,435.9,16.15,3.6,2.9,0,FALSE,0,100,94.7,labour_shortage,,,,435.9
15-10-2024,Dongri Buzurg,Maharashtra,452.05,434.02,18.03,4,5.8,0,FALSE,0,83.4,92,transport_issue,,,,434.02
16-10-2024,Dongri Buzurg,Maharashtra,452.05,433.24,18.81,4.2,5.1,0,FALSE,0,85.1,93.6,transport_issue,,,,433.24
17-10-2024,Dongri Buzurg,Maharashtra,452.05,430.54,21.51,4.8,3.7,0,FALSE,0,91.8,92.1,transport_issue,,,,430.54
18-10-2024,Dongri Buzurg,Maharashtra,452.05,422.13,29.92,6.6,4.5,3.5,FALSE,0,100,93.8,equipment_failure,,,,422.13
19-10-2024,Dongri Buzurg,Maharashtra,452.05,448.83,3.22,0.7,1.9,0,FALSE,0,100,89.6,labour_shortage,,,,448.83
20-10-2024,Dongri Buzurg,Maharashtra,452.05,395.92,56.13,12.4,6.8,7,FALSE,0,84.3,90.3,transport_issue,,,,395.92
21-10-2024,Dongri Buzurg,Maharashtra,452.05,377.09,74.96,16.6,5.2,7.6,FALSE,0,86.9,90.3,equipment_failure,,,,377.09
22-10-2024,Dongri Buzurg,Maharashtra,452.05,442.27,9.78,2.2,3.8,0,FALSE,0,98.1,96.1,labour_shortage,,,,442.27
23-10-2024,Dongri Buzurg,Maharashtra,452.05,423.02,29.03,6.4,0.8,0,FALSE,0,83.6,89.6,transport_issue,,,,423.02
24-10-2024,Dongri Buzurg,Maharashtra,452.05,383.96,68.09,15.1,3.8,7.6,FALSE,0,91.2,99.1,equipment_failure,,,,383.96
25-10-2024,Dongri Buzurg,Maharashtra,452.05,432.71,19.34,4.3,0.7,0,FALSE,0,89.9,91.2,transport_issue,,,,432.71
26-10-2024,Dongri Buzurg,Maharashtra,452.05,457.3,-5.25,-1.2,9.5,0,FALSE,0,98.1,91,none,,,,457.3
27-10-2024,Dongri Buzurg,Maharashtra,452.05,461.8,-9.75,-2.2,2.9,0,FALSE,0,100,100,none,,,,461.8
28-10-2024,Dongri Buzurg,Maharashtra,452.05,437.22,14.83,3.3,2,0,FALSE,0,92.5,93.4,transport_issue,,,,437.22
29-10-2024,Dongri Buzurg,Maharashtra,452.05,440.09,11.96,2.6,3.4,0,FALSE,0,88.9,97.2,transport_issue,,,,440.09
30-10-2024,Dongri Buzurg,Maharashtra,452.05,434.8,17.25,3.8,1.6,0,FALSE,0,95.9,99.6,transport_issue,,,,434.8
31-10-2024,Dongri Buzurg,Maharashtra,452.05,457.7,-5.65,-1.2,5.5,0,FALSE,0,94.3,96.5,none,,,,457.7
01-11-2024,Dongri Buzurg,Maharashtra,452.05,441.07,10.98,2.4,1.3,0,FALSE,0,88.2,93.9,transport_issue,,,,441.07
02-11-2024,Dongri Buzurg,Maharashtra,452.05,391.74,60.31,13.3,3.4,6.1,FALSE,0,96,90.3,equipment_failure,,,,391.74
03-11-2024,Dongri Buzurg,Maharashtra,452.05,451.19,0.86,0.2,2.3,0,FALSE,0,100,100,none,,,,451.19
04-11-2024,Dongri Buzurg,Maharashtra,452.05,455.07,-3.02,-0.7,0.2,0,FALSE,0,96.5,92,none,,,,455.07
05-11-2024,Dongri Buzurg,Maharashtra,452.05,439.92,12.13,2.7,0.9,0,FALSE,0,92.6,91.8,labour_shortage,,,,439.92
06-11-2024,Dongri Buzurg,Maharashtra,452.05,448.03,4.02,0.9,7.9,0,FALSE,0,96.9,96.9,transport_issue,,,,448.03
07-11-2024,Dongri Buzurg,Maharashtra,452.05,434.23,17.82,3.9,3.3,0,FALSE,0,91.5,95.5,transport_issue,,,,434.23
08-11-2024,Dongri Buzurg,Maharashtra,452.05,453.02,-0.97,-0.2,13.1,0,FALSE,0,93,96.7,none,,,,453.02
09-11-2024,Dongri Buzurg,Maharashtra,452.05,448.86,3.19,0.7,4.9,0,FALSE,0,85.4,97.5,transport_issue,,,,448.86
10-11-2024,Dongri Buzurg,Maharashtra,452.05,456.43,-4.38,-1,5.8,0,FALSE,0,97.8,93.4,none,,,,456.43
11-11-2024,Dongri Buzurg,Maharashtra,452.05,420.24,31.81,7,8.7,0,TRUE,4.8,92.9,93.8,blasting_delay,,,,420.24
12-11-2024,Dongri Buzurg,Maharashtra,452.05,438.8,13.25,2.9,2.2,0,FALSE,0,95.3,91.1,labour_shortage,,,,438.8
13-11-2024,Dongri Buzurg,Maharashtra,452.05,417.85,34.2,7.6,2.6,2.8,FALSE,0,97.3,97.8,equipment_failure,,,,417.85
14-11-2024,Dongri Buzurg,Maharashtra,452.05,433.32,18.73,4.1,1.3,0,FALSE,0,88.5,94.9,transport_issue,,,,433.32
15-11-2024,Dongri Buzurg,Maharashtra,452.05,441.64,10.41,2.3,2.4,0,FALSE,0,94.1,100,transport_issue,,,,441.64
16-11-2024,Dongri Buzurg,Maharashtra,452.05,456.43,-4.38,-1,0.8,0,FALSE,0,98.8,100,none,,,,456.43
17-11-2024,Dongri Buzurg,Maharashtra,452.05,393.46,58.59,13,7.2,3.1,TRUE,4.4,86.9,92.4,transport_issue,,,,393.46
18-11-2024,Dongri Buzurg,Maharashtra,452.05,412.79,39.26,8.7,8.8,3.4,FALSE,0,100,92.1,labour_shortage,,,,412.79
19-11-2024,Dongri Buzurg,Maharashtra,452.05,454.75,-2.7,-0.6,3.6,0,FALSE,0,93.1,96.4,none,,,,454.75
20-11-2024,Dongri Buzurg,Maharashtra,452.05,431.92,20.13,4.5,3.8,0,FALSE,0,86.7,95.1,transport_issue,,,,431.92
21-11-2024,Dongri Buzurg,Maharashtra,452.05,446.88,5.17,1.1,4.3,0,FALSE,0,89.6,100,transport_issue,,,,446.88
22-11-2024,Dongri Buzurg,Maharashtra,452.05,432.91,19.14,4.2,1.6,0,FALSE,0,95.3,94.1,labour_shortage,,,,432.91
23-11-2024,Dongri Buzurg,Maharashtra,452.05,421.41,30.64,6.8,2.7,0,FALSE,0,88.9,88,labour_shortage,,,,421.41
24-11-2024,Dongri Buzurg,Maharashtra,452.05,408.13,43.92,9.7,7.4,0,TRUE,4.9,85.7,98.2,transport_issue,,,,408.13
25-11-2024,Dongri Buzurg,Maharashtra,452.05,428.96,23.09,5.1,0.3,0,FALSE,0,80.4,100,transport_issue,,,,428.96
26-11-2024,Dongri Buzurg,Maharashtra,452.05,442.37,9.68,2.1,0.5,0,FALSE,0,89.5,96.5,transport_issue,,,,442.37
27-11-2024,Dongri Buzurg,Maharashtra,452.05,395.44,56.61,12.5,1.3,5.6,FALSE,0,96.2,88.9,equipment_failure,,,,395.44
28-11-2024,Dongri Buzurg,Maharashtra,452.05,445.48,6.57,1.5,8.1,0,FALSE,0,93.6,86.9,labour_shortage,,,,445.48
29-11-2024,Dongri Buzurg,Maharashtra,452.05,392.46,59.59,13.2,4.9,5.1,FALSE,0,85.8,88.2,transport_issue,,,,392.46
30-11-2024,Dongri Buzurg,Maharashtra,452.05,435.76,16.29,3.6,0.2,0,FALSE,0,90.7,94.3,transport_issue,,,,435.76
01-12-2024,Dongri Buzurg,Maharashtra,452.05,444.91,7.14,1.6,3.4,0,FALSE,0,97.7,99.4,transport_issue,,,,444.91
02-12-2024,Dongri Buzurg,Maharashtra,452.05,429.73,22.32,4.9,2.3,2.8,FALSE,0,95.6,99.3,equipment_failure,,,,429.73
03-12-2024,Dongri Buzurg,Maharashtra,452.05,452.82,-0.77,-0.2,4.9,0,FALSE,0,94.5,91.1,none,,,,452.82
04-12-2024,Dongri Buzurg,Maharashtra,452.05,445.29,6.76,1.5,5.7,0,FALSE,0,95.6,100,transport_issue,,,,445.29
05-12-2024,Dongri Buzurg,Maharashtra,452.05,456.9,-4.85,-1.1,7.3,0,FALSE,0,96.3,97.1,none,,,,456.9
06-12-2024,Dongri Buzurg,Maharashtra,452.05,431.96,20.09,4.4,9,0,FALSE,0,100,84.9,labour_shortage,,,,431.96
07-12-2024,Dongri Buzurg,Maharashtra,452.05,410.55,41.5,9.2,8.3,4.1,FALSE,0,80.3,97.7,transport_issue,,,,410.55
08-12-2024,Dongri Buzurg,Maharashtra,452.05,398.45,53.6,11.9,0.6,4.7,FALSE,0,90.1,96.7,transport_issue,,,,398.45
09-12-2024,Dongri Buzurg,Maharashtra,452.05,437.03,15.02,3.3,3.1,0,FALSE,0,89,90.1,transport_issue,,,,437.03
10-12-2024,Dongri Buzurg,Maharashtra,452.05,379.81,72.24,16,6.8,6.7,FALSE,0,85,94.2,transport_issue,,,,379.81
11-12-2024,Dongri Buzurg,Maharashtra,452.05,441.02,11.03,2.4,3,0,FALSE,0,97.9,95.7,labour_shortage,,,,441.02
12-12-2024,Dongri Buzurg,Maharashtra,452.05,411.83,40.22,8.9,2.6,4.7,FALSE,0,86.9,97.2,transport_issue,,,,411.83
13-12-2024,Dongri Buzurg,Maharashtra,452.05,424.84,27.21,6,4.6,4.3,FALSE,0,98.3,92.9,equipment_failure,,,,424.84
14-12-2024,Dongri Buzurg,Maharashtra,452.05,435.3,16.75,3.7,1.7,0,FALSE,0,83.2,88.8,transport_issue,,,,435.3
15-12-2024,Dongri Buzurg,Maharashtra,452.05,448.33,3.72,0.8,7.9,0,FALSE,0,97.5,96,labour_shortage,,,,448.33
16-12-2024,Dongri Buzurg,Maharashtra,452.05,431.04,21.01,4.6,2.3,0,FALSE,0,88.7,93.8,transport_issue,,,,431.04
17-12-2024,Dongri Buzurg,Maharashtra,452.05,425.55,26.5,5.9,2.7,0,FALSE,0,74.7,91.6,transport_issue,,,,425.55
18-12-2024,Dongri Buzurg,Maharashtra,452.05,411.17,40.88,9,19.6,3.4,FALSE,0,83.9,99.5,transport_issue,,,,411.17
19-12-2024,Dongri Buzurg,Maharashtra,452.05,420.76,31.29,6.9,1.8,2.9,FALSE,0,97.2,93.4,labour_shortage,,,,420.76
20-12-2024,Dongri Buzurg,Maharashtra,452.05,413.33,38.72,8.6,5.4,5.6,FALSE,0,86.9,98.8,transport_issue,,,,413.33
21-12-2024,Dongri Buzurg,Maharashtra,452.05,446.6,5.45,1.2,3.8,0,FALSE,0,95.1,97.1,transport_issue,,,,446.6
22-12-2024,Dongri Buzurg,Maharashtra,452.05,440.26,11.79,2.6,4,0,TRUE,1.2,98.2,100,blasting_delay,,,,440.26
23-12-2024,Dongri Buzurg,Maharashtra,452.05,446.71,5.34,1.2,11.6,0,FALSE,0,92.8,98.6,transport_issue,,,,446.71
24-12-2024,Dongri Buzurg,Maharashtra,452.05,404.02,48.03,10.6,4.6,4.2,FALSE,0,90.1,96.2,transport_issue,,,,404.02
25-12-2024,Dongri Buzurg,Maharashtra,452.05,419.98,32.07,7.1,3.6,5.2,FALSE,0,96.8,99.7,equipment_failure,,,,419.98
26-12-2024,Dongri Buzurg,Maharashtra,452.05,432.16,19.89,4.4,6.2,0,FALSE,0,85.9,96.4,transport_issue,,,,432.16
27-12-2024,Dongri Buzurg,Maharashtra,452.05,457.03,-4.98,-1.1,6.1,0,FALSE,0,97.3,95.5,none,,,,457.03
28-12-2024,Dongri Buzurg,Maharashtra,452.05,423.5,28.55,6.3,3.4,0,FALSE,0,89.3,89.4,transport_issue,,,,423.5
29-12-2024,Dongri Buzurg,Maharashtra,452.05,429.39,22.66,5,2.2,0,FALSE,0,90.5,94.3,transport_issue,,,,429.39
30-12-2024,Dongri Buzurg,Maharashtra,452.05,411.86,40.19,8.9,1.9,0,TRUE,3,85.6,91.5,transport_issue,,,,411.86
31-12-2024,Dongri Buzurg,Maharashtra,452.05,442.13,9.92,2.2,4.2,0,FALSE,0,98.3,98.3,none,,,,442.13
01-01-2025,Dongri Buzurg,Maharashtra,452.05,440.21,11.84,2.6,4.2,0,FALSE,0,84.3,95.8,transport_issue,,,,440.21
02-01-2025,Dongri Buzurg,Maharashtra,452.05,432.4,19.65,4.3,0.6,0,FALSE,0,88.3,95.1,transport_issue,,,,432.4
03-01-2025,Dongri Buzurg,Maharashtra,452.05,441.72,10.33,2.3,1,0,FALSE,0,95.3,95.6,transport_issue,,,,441.72
04-01-2025,Dongri Buzurg,Maharashtra,452.05,440.72,11.33,2.5,13,0,FALSE,0,83.5,98.6,transport_issue,,,,440.72
05-01-2025,Dongri Buzurg,Maharashtra,452.05,401.38,50.67,11.2,0.6,6.7,TRUE,1.4,100,95.4,equipment_failure,,,,401.38
06-01-2025,Dongri Buzurg,Maharashtra,452.05,435.35,16.7,3.7,4,0,FALSE,0,85.5,96.8,transport_issue,,,,435.35
07-01-2025,Dongri Buzurg,Maharashtra,452.05,452.81,-0.76,-0.2,4.9,0,FALSE,0,92.5,100,none,,,,452.81
08-01-2025,Dongri Buzurg,Maharashtra,452.05,431.47,20.58,4.6,0.6,0,FALSE,0,79.4,96.2,transport_issue,,,,431.47
09-01-2025,Dongri Buzurg,Maharashtra,452.05,457.27,-5.22,-1.2,2.5,0,FALSE,0,100,94.2,none,,,,457.27
10-01-2025,Dongri Buzurg,Maharashtra,452.05,437.32,14.73,3.3,3.2,0,FALSE,0,97.4,93.6,labour_shortage,,,,437.32
11-01-2025,Dongri Buzurg,Maharashtra,452.05,457.79,-5.74,-1.3,0.1,0,FALSE,0,97.4,95.2,none,,,,457.79
12-01-2025,Dongri Buzurg,Maharashtra,452.05,413.9,38.15,8.4,1.3,6.6,FALSE,0,100,95.9,equipment_failure,,,,413.9
13-01-2025,Dongri Buzurg,Maharashtra,452.05,451.13,0.92,0.2,5,0,FALSE,0,96.9,89.2,labour_shortage,,,,451.13
14-01-2025,Dongri Buzurg,Maharashtra,452.05,419.9,32.15,7.1,3.9,3.7,FALSE,0,94.6,97.4,equipment_failure,,,,419.9
15-01-2025,Dongri Buzurg,Maharashtra,452.05,439.95,12.1,2.7,2.6,0,FALSE,0,93,92.2,labour_shortage,,,,439.95
16-01-2025,Dongri Buzurg,Maharashtra,452.05,425.26,26.79,5.9,3.2,0,FALSE,0,89,90.3,transport_issue,,,,425.26
17-01-2025,Dongri Buzurg,Maharashtra,452.05,447.36,4.69,1,5.6,0,FALSE,0,100,91.9,labour_shortage,,,,447.36
18-01-2025,Dongri Buzurg,Maharashtra,452.05,421.2,30.85,6.8,8.8,2.4,FALSE,0,97.7,99.2,equipment_failure,,,,421.2
19-01-2025,Dongri Buzurg,Maharashtra,452.05,419.64,32.41,7.2,7.1,0,FALSE,0,77.2,100,transport_issue,,,,419.64
20-01-2025,Dongri Buzurg,Maharashtra,452.05,414.56,37.49,8.3,1.4,0,TRUE,3.8,92.3,93.2,transport_issue,,,,414.56
21-01-2025,Dongri Buzurg,Maharashtra,452.05,440.86,11.19,2.5,1.5,0,FALSE,0,95.6,100,transport_issue,,,,440.86
22-01-2025,Dongri Buzurg,Maharashtra,452.05,426.99,25.06,5.5,4.3,0,FALSE,0,92.4,88.3,labour_shortage,,,,426.99
23-01-2025,Dongri Buzurg,Maharashtra,452.05,434.18,17.87,4,4.9,0,FALSE,0,82.7,96,transport_issue,,,,434.18
24-01-2025,Dongri Buzurg,Maharashtra,452.05,435.41,16.64,3.7,3.3,0,FALSE,0,93.8,89.2,labour_shortage,,,,435.41
25-01-2025,Dongri Buzurg,Maharashtra,452.05,437.63,14.42,3.2,0.1,0,FALSE,0,91.6,96.3,transport_issue,,,,437.63
26-01-2025,Dongri Buzurg,Maharashtra,452.05,432.25,19.8,4.4,1.1,0,FALSE,0,91.9,93.5,transport_issue,,,,432.25
27-01-2025,Dongri Buzurg,Maharashtra,452.05,429.64,22.41,5,3.6,0,FALSE,0,94.6,89.7,labour_shortage,,,,429.64
28-01-2025,Dongri Buzurg,Maharashtra,452.05,448.28,3.77,0.8,4.8,0,FALSE,0,99.1,98.4,none,,,,448.28
29-01-2025,Dongri Buzurg,Maharashtra,452.05,439.87,12.18,2.7,3.5,0,FALSE,0,88.5,100,transport_issue,,,,439.87
30-01-2025,Dongri Buzurg,Maharashtra,452.05,448.4,3.65,0.8,6.1,0,FALSE,0,85.7,100,transport_issue,,,,448.4
31-01-2025,Dongri Buzurg,Maharashtra,452.05,426.14,25.91,5.7,2.8,0,FALSE,0,82.3,89.7,transport_issue,,,,426.14
01-02-2025,Dongri Buzurg,Maharashtra,452.05,445.83,6.22,1.4,2.2,0,FALSE,0,92.8,94.6,transport_issue,,,,445.83
02-02-2025,Dongri Buzurg,Maharashtra,452.05,447.07,4.98,1.1,5.7,0,FALSE,0,100,93.9,labour_shortage,,,,447.07
03-02-2025,Dongri Buzurg,Maharashtra,452.05,441.34,10.71,2.4,2.5,0,FALSE,0,91.2,96.6,transport_issue,,,,441.34
04-02-2025,Dongri Buzurg,Maharashtra,452.05,437.36,14.69,3.2,4.5,0,FALSE,0,91.4,96.3,transport_issue,,,,437.36
05-02-2025,Dongri Buzurg,Maharashtra,452.05,433.88,18.17,4,6.8,0,FALSE,0,87.5,93.1,transport_issue,,,,433.88
06-02-2025,Dongri Buzurg,Maharashtra,452.05,451.16,0.89,0.2,2.7,0,FALSE,0,94.3,90.4,labour_shortage,,,,451.16
07-02-2025,Dongri Buzurg,Maharashtra,452.05,433.44,18.61,4.1,1.1,0,FALSE,0,88.5,93.7,transport_issue,,,,433.44
08-02-2025,Dongri Buzurg,Maharashtra,452.05,443.1,8.95,2,3.6,0,FALSE,0,92.6,97.5,transport_issue,,,,443.1
09-02-2025,Dongri Buzurg,Maharashtra,452.05,439.11,12.94,2.9,3.9,0,FALSE,0,92.8,96.3,transport_issue,,,,439.11
10-02-2025,Dongri Buzurg,Maharashtra,452.05,427.32,24.73,5.5,1.4,0,TRUE,2.2,82.1,93.8,transport_issue,,,,427.32
11-02-2025,Dongri Buzurg,Maharashtra,452.05,452.04,0.01,0,5.1,0,FALSE,0,97.5,89.3,labour_shortage,,,,452.04
12-02-2025,Dongri Buzurg,Maharashtra,452.05,439.84,12.21,2.7,18,0,FALSE,0,99.4,95.4,labour_shortage,,,,439.84
13-02-2025,Dongri Buzurg,Maharashtra,452.05,436.71,15.34,3.4,4.7,0,FALSE,0,87.6,98.6,transport_issue,,,,436.71
14-02-2025,Dongri Buzurg,Maharashtra,452.05,409.95,42.1,9.3,8.9,0,TRUE,5.2,89.4,91.3,transport_issue,,,,409.95
15-02-2025,Dongri Buzurg,Maharashtra,452.05,348.15,103.9,23,2,15,FALSE,0,93.6,96.2,equipment_failure,,,,348.15
16-02-2025,Dongri Buzurg,Maharashtra,452.05,437.28,14.77,3.3,3.7,0,FALSE,0,93.1,98.8,transport_issue,,,,437.28
17-02-2025,Dongri Buzurg,Maharashtra,452.05,433.6,18.45,4.1,1,0,FALSE,0,83.6,96.9,transport_issue,,,,433.6
18-02-2025,Dongri Buzurg,Maharashtra,452.05,445.72,6.33,1.4,5.5,0,FALSE,0,91.4,95.7,transport_issue,,,,445.72
19-02-2025,Dongri Buzurg,Maharashtra,452.05,430.63,21.42,4.7,4,0,FALSE,0,90.3,97.8,transport_issue,,,,430.63
20-02-2025,Dongri Buzurg,Maharashtra,452.05,444.03,8.02,1.8,2.4,0,FALSE,0,86.9,93.6,transport_issue,,,,444.03
21-02-2025,Dongri Buzurg,Maharashtra,452.05,428.54,23.51,5.2,4.5,0,FALSE,0,88,97.6,transport_issue,,,,428.54
22-02-2025,Dongri Buzurg,Maharashtra,452.05,402.47,49.58,11,3.7,5.9,FALSE,0,93.1,100,equipment_failure,,,,402.47
23-02-2025,Dongri Buzurg,Maharashtra,452.05,442.98,9.07,2,1.2,0,FALSE,0,97.9,85.6,labour_shortage,,,,442.98
24-02-2025,Dongri Buzurg,Maharashtra,452.05,440.15,11.9,2.6,2.7,0,FALSE,0,88.2,92.5,transport_issue,,,,440.15
25-02-2025,Dongri Buzurg,Maharashtra,452.05,438.67,13.38,3,2.7,0,FALSE,0,88.5,93.3,transport_issue,,,,438.67
26-02-2025,Dongri Buzurg,Maharashtra,452.05,432.53,19.52,4.3,1.6,0,FALSE,0,76.9,99.3,transport_issue,,,,432.53
27-02-2025,Dongri Buzurg,Maharashtra,452.05,450.84,1.21,0.3,10.3,0,FALSE,0,91.9,93.6,transport_issue,,,,450.84
28-02-2025,Dongri Buzurg,Maharashtra,452.05,451.01,1.04,0.2,6.4,0,FALSE,0,90.2,99.9,transport_issue,,,,451.01
01-03-2025,Dongri Buzurg,Maharashtra,452.05,440.85,11.2,2.5,8.2,0,FALSE,0,87.4,95.1,transport_issue,,,,440.85
02-03-2025,Dongri Buzurg,Maharashtra,452.05,445.02,7.03,1.6,5.8,0,FALSE,0,89.7,98.9,transport_issue,,,,445.02
03-03-2025,Dongri Buzurg,Maharashtra,452.05,442.71,9.34,2.1,5.5,0,FALSE,0,96.4,96.8,transport_issue,,,,442.71
04-03-2025,Dongri Buzurg,Maharashtra,452.05,430.1,21.95,4.9,4.5,2.3,TRUE,2.1,95.5,96.6,equipment_failure,,,,430.1
05-03-2025,Dongri Buzurg,Maharashtra,452.05,421.27,30.78,6.8,3,0,FALSE,0,76,90.3,transport_issue,,,,421.27
06-03-2025,Dongri Buzurg,Maharashtra,452.05,430.38,21.67,4.8,2.5,0,FALSE,0,88.6,90.6,transport_issue,,,,430.38
07-03-2025,Dongri Buzurg,Maharashtra,452.05,446.95,5.1,1.1,3.6,0,FALSE,0,95.1,95.7,transport_issue,,,,446.95
08-03-2025,Dongri Buzurg,Maharashtra,452.05,390.33,61.72,13.7,3.6,8,FALSE,0,94.1,99.3,equipment_failure,,,,390.33
09-03-2025,Dongri Buzurg,Maharashtra,452.05,421.62,30.43,6.7,2,2.3,FALSE,0,88.4,96.3,transport_issue,,,,421.62
10-03-2025,Dongri Buzurg,Maharashtra,452.05,446.29,5.76,1.3,2.2,0,FALSE,0,87.8,100,transport_issue,,,,446.29
11-03-2025,Dongri Buzurg,Maharashtra,452.05,449.05,3,0.7,5.5,0,FALSE,0,96.5,89.3,labour_shortage,,,,449.05
12-03-2025,Dongri Buzurg,Maharashtra,452.05,428.58,23.47,5.2,3.3,0,FALSE,0,90.3,91.5,transport_issue,,,,428.58
13-03-2025,Dongri Buzurg,Maharashtra,452.05,425.73,26.32,5.8,4.2,2.4,FALSE,0,98.2,100,equipment_failure,,,,425.73
14-03-2025,Dongri Buzurg,Maharashtra,452.05,444.47,7.58,1.7,11.9,0,FALSE,0,90.7,87.9,labour_shortage,,,,444.47
15-03-2025,Dongri Buzurg,Maharashtra,452.05,430.36,21.69,4.8,2.3,0,FALSE,0,94.3,90.4,labour_shortage,,,,430.36
16-03-2025,Dongri Buzurg,Maharashtra,452.05,430.54,21.51,4.8,3.3,0,FALSE,0,91.4,93.3,transport_issue,,,,430.54
17-03-2025,Dongri Buzurg,Maharashtra,452.05,418.59,33.46,7.4,0.4,5.8,FALSE,0,96.6,94.4,equipment_failure,,,,418.59
18-03-2025,Dongri Buzurg,Maharashtra,452.05,439.71,12.34,2.7,5.7,0,FALSE,0,100,88.6,labour_shortage,,,,439.71
19-03-2025,Dongri Buzurg,Maharashtra,452.05,455.73,-3.68,-0.8,1.7,0,FALSE,0,96.9,98.3,none,,,,455.73
20-03-2025,Dongri Buzurg,Maharashtra,452.05,433.45,18.6,4.1,1.9,0,FALSE,0,89.9,99.2,transport_issue,,,,433.45
21-03-2025,Dongri Buzurg,Maharashtra,452.05,441.23,10.82,2.4,5.4,0,FALSE,0,100,97.4,labour_shortage,,,,441.23
22-03-2025,Dongri Buzurg,Maharashtra,452.05,443.24,8.81,1.9,2.3,0,FALSE,0,96.9,96.4,labour_shortage,,,,443.24
23-03-2025,Dongri Buzurg,Maharashtra,452.05,422.36,29.69,6.6,8.7,4.5,FALSE,0,97.7,100,equipment_failure,,,,422.36
24-03-2025,Dongri Buzurg,Maharashtra,452.05,433.64,18.41,4.1,1.2,0,FALSE,0,87.6,100,transport_issue,,,,433.64
25-03-2025,Dongri Buzurg,Maharashtra,452.05,438.59,13.46,3,7.6,0,FALSE,0,89.3,100,transport_issue,,,,438.59
26-03-2025,Dongri Buzurg,Maharashtra,452.05,435.18,16.87,3.7,1.8,0,FALSE,0,95.5,90.3,labour_shortage,,,,435.18
27-03-2025,Dongri Buzurg,Maharashtra,452.05,443.8,8.25,1.8,10.7,0,FALSE,0,100,94.4,labour_shortage,,,,443.8
28-03-2025,Dongri Buzurg,Maharashtra,452.05,442.82,9.23,2,7.8,0,FALSE,0,86.5,88.6,transport_issue,,,,442.82
29-03-2025,Dongri Buzurg,Maharashtra,452.05,457.01,-4.96,-1.1,6,0,FALSE,0,98.4,90.7,none,,,,457.01
30-03-2025,Dongri Buzurg,Maharashtra,452.05,419.46,32.59,7.2,4.9,2.2,FALSE,0,93.8,98.9,transport_issue,,,,419.46
31-03-2025,Dongri Buzurg,Maharashtra,452.05,418.19,33.86,7.5,2.6,3.7,FALSE,0,91.5,90.7,labour_shortage,,,,418.19
